symbol	tier	n_sources	sources	has_strong_assertion	in_mitotic_panel	assertions
AAAS	1	2	PanelApp,gene2phenotype	yes	no	AAAS-related chalasia-addisonianism-alacrima syndrome () | Intellectual disability (confidence 3)
AARS1	1	2	ClinGen,gene2phenotype	yes	no	AARS1-related early-onset epileptic encephalopathy with persistent myelination defect () | AARS1-related leukoencephalopathy (Limited) | Charcot-Marie-Tooth disease axonal type 2N (Definitive) | developmental and epileptic encephalopathy, 29 (Definitive)
AASS	1	3	ClinGen,PanelApp,gene2phenotype	yes	no	AASS-related hyperlysinemia () | Intellectual disability (confidence 3) | hyperlysinemia (Definitive)
ABAT	1	3	ClinGen,PanelApp,gene2phenotype	yes	no	ABAT-related GABA-transaminase deficiency () | Intellectual disability (confidence 3) | genetic developmental and epileptic encephalopathy (Moderate)
ABCA2	1	2	PanelApp,gene2phenotype	yes	no	ABCA2-related intellectual developmental disorder with poor growth and with or without seizures or ataxia () | Intellectual disability (confidence 3)
ABCB6	1	2	ClinGen,gene2phenotype	yes	no	ABCB6-related microphthalmia, isolated, with coloboma () | dyschromatosis universalis hereditaria 3 (Moderate) | microphthalmia, isolated, with coloboma 7 (Limited)
ABCB7	1	3	ClinGen,PanelApp,gene2phenotype	yes	no	ABCB7-related anemia, sideroblastic, with ataxia () | Intellectual disability (confidence 1) | mitochondrial disease (Moderate)
ABCC6	1	3	ClinGen,PanelApp,gene2phenotype	yes	no	ABCC6-related arterial calcification, generalized, of infancy () | Intellectual disability (confidence 1) | Nephrocalcinosis or nephrolithiasis (confidence 0) | inherited pseudoxanthoma elasticum (Definitive)
ABCC8	1	2	ClinGen,PanelApp	yes	no	Intellectual disability (confidence 1) | hyperinsulinemic hypoglycemia, familial, 1 (Definitive) | hyperinsulinism (Definitive) | monogenic diabetes (Definitive) | pulmonary arterial hypertension (Moderate)
ABCC9	1	3	ClinGen,PanelApp,gene2phenotype	yes	no	ABCC9-related Cantu Syndrome () | ABCC9-related intellectual disability, myopathy and white matter abnormalities () | Beckwith-Wiedemann syndrome (BWS) and other congenital overgrowth disorders (confidence 0) | Brugada syndrome (Disputed) | Intellectual disability (confidence 3) | dilated cardiomyopathy 1O (Limited)
ABCD1	1	3	ClinGen,PanelApp,gene2phenotype	yes	no	ABCD1-related adrenoleukodystrophy () | Intellectual disability (confidence 3) | adrenoleukodystrophy (Definitive)
ABCD4	1	3	ClinGen,PanelApp,gene2phenotype	yes	no	ABCD4-related methylmalonic aciduria and homocystinuria, cblJ type () | Intellectual disability (confidence 3) | methylmalonic acidemia with homocystinuria, type cblJ (Moderate)
ABCG5	1	2	ClinGen,PanelApp	yes	no	Intellectual disability (confidence 1) | sitosterolemia (Definitive)
ABHD12	1	2	ClinGen,PanelApp	yes	no	Intellectual disability (confidence 1) | PHARC syndrome (Definitive)
ABHD16A	1	2	PanelApp,gene2phenotype	yes	no	ABHD16A-related spastic paraplegia, intellectual disability and thin corpus callosum () | Intellectual disability (confidence 3)
ABHD5	1	3	ClinGen,PanelApp,gene2phenotype	yes	no	ABHD5-related ichthyotic neutral lipid storage disease () | Dorfman-Chanarin disease (Definitive) | Intellectual disability (confidence 3)
ACAD9	1	3	ClinGen,PanelApp,gene2phenotype	yes	no	ACAD9-related acyl-CoA dehydrogenase family member type 9 deficiency () | Intellectual disability (confidence 3) | acyl-CoA dehydrogenase 9 deficiency (Definitive)
ACADM	1	3	ClinGen,PanelApp,gene2phenotype	yes	no	ACADM-related medium chain acyl-CoA dehydrogenase deficiency () | Intellectual disability (confidence 3) | medium chain acyl-CoA dehydrogenase deficiency (Definitive)
ACADS	1	3	ClinGen,PanelApp,gene2phenotype	yes	no	ACADS-related short chain acyl-CoA dehydrogenase deficiency () | Intellectual disability (confidence 3) | short chain acyl-CoA dehydrogenase deficiency (Definitive)
ACADSB	1	2	ClinGen,PanelApp	yes	no	2-methylbutyryl-CoA dehydrogenase deficiency (Definitive) | Intellectual disability (confidence 2)
ACADVL	1	3	ClinGen,PanelApp,gene2phenotype	yes	no	ACADVL-related very long chain acyl-CoA dehydrogenase deficiency () | Intellectual disability (confidence 2) | very long chain acyl-CoA dehydrogenase deficiency (Definitive)
ACAN	1	3	ClinGen,PanelApp,gene2phenotype	yes	no	ACAN-related short stature spectrum (Definitive) | ACAN-related spondyloepimetaphyseal dysplasia, aggrecan type () | ACAN-related spondyloepiphyseal dysplasia () | Intellectual disability (confidence 1)
ACAT1	1	3	ClinGen,PanelApp,gene2phenotype	yes	no	ACAT1-related alpha-methylacetoacetic aciduria () | Intellectual disability (confidence 2) | beta-ketothiolase deficiency (Definitive)
ACBD5	1	2	ClinGen,gene2phenotype	yes	no	ACBD5-related deficiency () | acyl-CoA binding domain containing protein 5 deficiency (Definitive)
ACBD6	1	2	PanelApp,gene2phenotype	yes	no	ACBD6-related intellectual developmental disorder () | Intellectual disability (confidence 3) | Severe microcephaly (confidence 3)
ACD	1	2	ClinGen,PanelApp	yes	no	ACD-related short telomere syndrome (Definitive) | Childhood solid tumours (confidence 2)
ACER3	1	2	PanelApp,gene2phenotype	yes	no	ACER3-related leukodystrophy () | Intellectual disability (confidence 3)
ACO2	1	3	ClinGen,PanelApp,gene2phenotype	yes	no	ACO2-related infantile cerebellar-retinal degeneration () | Intellectual disability (confidence 3) | mitochondrial disease (Definitive) | mitochondrial disease (Strong) | optic atrophy 9 (Definitive)
ACOX1	1	3	ClinGen,PanelApp,gene2phenotype	yes	no	ACOX1-related adrenoleukodystrophy pseudoneonatal () | Intellectual disability (confidence 3) | Mitchell syndrome (Definitive) | peroxisomal acyl-CoA oxidase deficiency (Definitive)
ACOX2	1	2	ClinGen,PanelApp	yes	no	Intellectual disability (confidence 1) | congenital bile acid synthesis defect 6 (Definitive)
ACSF3	1	2	ClinGen,PanelApp	yes	no	Intellectual disability (confidence 1) | combined malonic and methylmalonic acidemia (Definitive)
ACSL4	1	3	ClinGen,PanelApp,gene2phenotype	yes	no	ACSL4-related intellectual developmental disorder () | Intellectual disability (confidence 3) | non-syndromic X-linked intellectual disability (Definitive)
ACTA1	1	2	ClinGen,gene2phenotype	yes	no	ACTA1-related nemaline myopathy () | alpha-actinopathy (Definitive)
ACTA2	1	3	ClinGen,PanelApp,gene2phenotype	yes	no	ACTA2-related Moyamoya disease () | Intellectual disability (confidence 2) | multisystemic smooth muscle dysfunction syndrome (Definitive)
ACTB	1	4	ClinGen,PanelApp,gene2phenotype,mitotic_panel	yes	yes	ACTB-associated syndromic thrombocytopenia (Moderate) | ACTB-related Baraitser-Winter syndrome () | ACTB-related haploinsufficiency syndrome () | Baraitser-Winter cerebrofrontofacial syndrome (Definitive) | Intellectual disability (confidence 3) | tier 3
ACTC1	1	2	ClinGen,gene2phenotype	yes	no	ACTC1-related distal arthrogryposis with congenital heart disease () | arrhythmogenic right ventricular cardiomyopathy (No Known Disease Relationship) | dilated cardiomyopathy 1R (Moderate) | hypertrophic cardiomyopathy (Definitive)
ACTG1	1	3	ClinGen,PanelApp,gene2phenotype	yes	no	ACTG1-related Baraitser-Winter syndrome () | Baraitser-winter syndrome 2 (Definitive) | Intellectual disability (confidence 3) | nonsyndromic genetic hearing loss (Definitive)
ACTL6A	1	4	ClinGen,PanelApp,gene2phenotype,mitotic_panel	yes	yes	ACTL6A-related BAFopathy (Moderate) | ACTL6A-related BAFopathy (developmental disorder with or without cardiac and limb anomalies) () | Intellectual disability (confidence 3) | tier 3
ACTL6B	1	3	PanelApp,gene2phenotype,mitotic_panel	yes	yes	ACTL6B-related epileptic encephalopathy, early infantile () | ACTL6B-related intellectual developmental disorder with severe speech and ambulation defects () | Intellectual disability (confidence 3) | tier 3
ACVR1	1	3	ClinGen,PanelApp,gene2phenotype	yes	no	ACVR1-related fibrodysplasia ossificans progressiva () | Intellectual disability (confidence 2) | congenital heart disease (Limited) | fibrodysplasia ossificans progressiva (Definitive)
ACY1	1	3	ClinGen,PanelApp,gene2phenotype	yes	no	ACY1-related aminoacylase 1 deficiency () | Intellectual disability (confidence 3) | aminoacylase 1 deficiency (Definitive)
ADA	1	3	ClinGen,PanelApp,gene2phenotype	yes	no	ADA-related adenosine deaminase deficiency () | Intellectual disability (confidence 2) | severe combined immunodeficiency, autosomal recessive, T cell-negative, B cell-negative, NK cell-negative, due to adenosine deaminase deficiency (Definitive)
ADAM22	1	3	ClinGen,PanelApp,gene2phenotype	yes	no	ADAM22-related developmental and epileptic encephalopathy () | Intellectual disability (confidence 3) | developmental and epileptic encephalopathy (Definitive)
ADAMTS18	1	2	ClinGen,gene2phenotype	yes	no	ADAMTS18-related microcornea, myopic chorioretinal atrophy, and telecanthus () | microcornea-myopic chorioretinal atrophy (Definitive)
ADAR	1	3	ClinGen,PanelApp,gene2phenotype	yes	no	ADAR-related Aicardi-Goutieres syndrome associated with a type I interferon signature () | ADAR-related dyschromatosis symmetrica hereditaria () | ADAR-related type 1 interferonopathy (Definitive) | Intellectual disability (confidence 3) | Leigh syndrome (Limited)
ADARB1	1	2	PanelApp,gene2phenotype	yes	no	ADARB1-related microcephaly, intellectual disability, and seizures () | Intellectual disability (confidence 3) | Severe microcephaly (confidence 3)
ADAT3	1	2	ClinGen,PanelApp	yes	no	Intellectual disability (confidence 3) | intellectual disability-strabismus syndrome (Moderate)
ADCY5	1	3	ClinGen,PanelApp,gene2phenotype	yes	no	ADCY5-related developmental disorder () | Intellectual disability (confidence 2) | dyskinesia with orofacial involvement (Definitive)
ADD3	1	2	ClinGen,PanelApp	yes	no	Intellectual disability (confidence 3) | complex neurodevelopmental disorder with motor features (Moderate)
ADGRG1	1	3	ClinGen,PanelApp,gene2phenotype	yes	no	ADGRG1-related polymicrogyria () | Intellectual disability (confidence 3) | bilateral frontoparietal polymicrogyria (Definitive)
ADGRL1	1	2	ClinGen,PanelApp	yes	no	Intellectual disability (confidence 3) | complex neurodevelopmental disorder (Definitive)
ADGRV1	1	2	ClinGen,PanelApp	yes	no	Intellectual disability (confidence 1) | Usher syndrome type 2 (Definitive) | nonsyndromic genetic hearing loss (Disputed)
ADK	1	3	ClinGen,PanelApp,gene2phenotype	yes	no	ADK-related intellectual developmental disorder () | Intellectual disability (confidence 3) | adenosine kinase deficiency (Definitive)
ADNP	1	3	ClinGen,PanelApp,gene2phenotype	yes	no	ADNP-related multiple congenital anomalies - intellectual disability - autism spectrum disorder (Definitive) | ADNP-related neurodevelopmental disorder (Helsmoortel-Van der Aa Syndrome) () | Intellectual disability (confidence 3)
ADSL	1	3	ClinGen,PanelApp,gene2phenotype	yes	no	ADSL-related adenylosuccinase deficiency () | Intellectual disability (confidence 3) | adenylosuccinate lyase deficiency (Definitive)
AFF2	1	3	ClinGen,PanelApp,gene2phenotype	yes	no	AFF2-related fragile X-E intellectual developmental disorder () | Intellectual disability (confidence 3) | non-syndromic X-linked intellectual disability (Definitive)
AFF3	1	2	PanelApp,gene2phenotype	yes	no	AFF3-related KINSSHIP syndrome () | AFF3-related intellectual disability () | Intellectual disability (confidence 3)
AFF4	1	2	PanelApp,gene2phenotype	yes	no	AFF4-related Cornelia de Lange-like syndrome () | Intellectual disability (confidence 3)
AFG2A	1	2	ClinGen,gene2phenotype	yes	no	AFG2A-related epilepsy, hearing loss, and intellectual developmental disorder syndrome () | syndromic complex neurodevelopmental disorder (Definitive)
AFG3L2	1	3	ClinGen,PanelApp,gene2phenotype	yes	no	AFG3L2-related ataxia and seizures () | AFG3L2-related optic atrophy and/or spastic ataxia spectrum (Definitive) | Intellectual disability (confidence 1)
AGA	1	3	ClinGen,PanelApp,gene2phenotype	yes	no	AGA-related aspartylglucosaminuria () | Intellectual disability (confidence 3) | aspartylglucosaminuria (Definitive)
AGK	1	3	ClinGen,PanelApp,gene2phenotype	yes	no	AGK-related Sengers syndrome () | Intellectual disability (confidence 1) | Nephrocalcinosis or nephrolithiasis (confidence 1) | mitochondrial disease (Definitive)
AGL	1	3	ClinGen,PanelApp,gene2phenotype	yes	no	AGL-related glycogen storage disease () | Intellectual disability (confidence 1) | glycogen storage disease III (Definitive)
AGO1	1	3	ClinGen,PanelApp,gene2phenotype	yes	no	AGO1-related developmental disorder () | Intellectual disability (confidence 3) | complex neurodevelopmental disorder (Definitive)
AGO2	1	2	ClinGen,PanelApp	yes	no	Intellectual disability (confidence 3) | Lessel-Kreienkamp syndrome (Definitive)
AGPAT2	1	2	ClinGen,PanelApp	yes	no	Intellectual disability (confidence 1) | lipodystrophy (Definitive)
AGPS	1	3	ClinGen,PanelApp,gene2phenotype	yes	no	AGPS-related rhizomelic chondrodysplasia punctata () | Intellectual disability (confidence 2) | alkylglycerone-phosphate synthase deficiency (Definitive)
AGTPBP1	1	3	ClinGen,PanelApp,gene2phenotype	yes	no	AGTPBP1-related neurodegeneration, childhood-onset, with cerebellar atrophy () | Intellectual disability (confidence 3) | neurodegeneration, childhood-onset, with cerebellar atrophy (Definitive)
AGXT	1	3	ClinGen,PanelApp,gene2phenotype	yes	no	AGXT-related hyperoxaluria, primary () | Intellectual disability (confidence 2) | Nephrocalcinosis or nephrolithiasis (confidence 3) | alanine glyoxylate aminotransferase deficiency (Definitive)
AHCY	1	2	ClinGen,PanelApp	yes	no	Intellectual disability (confidence 3) | hypermethioninemia with deficiency of S-adenosylhomocysteine hydrolase (Definitive)
AHDC1	1	3	ClinGen,PanelApp,gene2phenotype	yes	no	AHDC1-related Xia-Gibbs syndrome () | AHDC1-related intellectual disability - obstructive sleep apnea - mild dysmorphism syndrome (Definitive) | Intellectual disability (confidence 3)
AHI1	1	3	ClinGen,PanelApp,gene2phenotype	yes	no	AHI1-related Joubert syndrome () | Cystic renal disease (confidence 1) | Cystic renal disease (confidence 3) | Intellectual disability (confidence 3) | Joubert syndrome 3 (Definitive)
AIFM1	1	3	ClinGen,PanelApp,gene2phenotype	yes	no	AIFM1-related combined oxidative phosphorylation deficiency () | Intellectual disability (confidence 3) | Leigh syndrome (Moderate) | X-linked hereditary sensory and autonomic neuropathy with hearing loss (Definitive)
AIMP1	1	3	ClinGen,PanelApp,gene2phenotype	yes	no	AIMP1-related leukodystrophy, hypomyelinating () | Intellectual disability (confidence 3) | hypomyelinating leukodystrophy 3 (Definitive)
AIMP2	1	2	ClinGen,PanelApp	yes	no	Intellectual disability (confidence 2) | leukodystrophy, hypomyelinating, 17 (Definitive)
AIPL1	1	3	ClinGen,PanelApp,gene2phenotype	yes	no	AIPL1-related Leber congenital amaurosis () | AIPL1-related retinopathy (Definitive) | Intellectual disability (confidence 2) | inherited retinal dystrophy (Disputed)
AIRE	1	3	ClinGen,PanelApp,gene2phenotype	yes	no	AIRE-related autoimmune polyendocrinopathy syndrome () | Intellectual disability (confidence 2) | autoimmune polyendocrine syndrome type 1 (Definitive)
AK2	1	3	ClinGen,PanelApp,gene2phenotype	yes	no	AK2-related reticular dysgenesis () | Intellectual disability (confidence 2) | reticular dysgenesis (Definitive)
AKR1D1	1	3	ClinGen,PanelApp,gene2phenotype	yes	no	AKR1D1-related bile acid synthesis defect, congenital () | Intellectual disability (confidence 2) | congenital bile acid synthesis defect 2 (Definitive)
AKT2	1	3	ClinGen,PanelApp,gene2phenotype	yes	no	AKT2-related familial partial lipodystrophy (Limited) | AKT2-related hypoinsulinemic hypoglycemia and hemihypertrophy () | Beckwith-Wiedemann syndrome (BWS) and other congenital overgrowth disorders (confidence 3) | hypoinsulinemic hypoglycemia and body hemihypertrophy (Definitive)
AKT3	1	3	ClinGen,PanelApp,gene2phenotype	yes	no	AKT3-related hemimegalencephaly () | Beckwith-Wiedemann syndrome (BWS) and other congenital overgrowth disorders (confidence 2) | Intellectual disability (confidence 3) | Severe microcephaly (confidence 2) | microcephaly (Limited) | overgrowth syndrome and/or cerebral malformations due to abnormalities in MTOR pathway genes (Definitive)
ALAD	1	3	ClinGen,PanelApp,gene2phenotype	yes	no	ALAD-related acute hepatic porphyria () | Intellectual disability (confidence 2) | porphyria due to ALA dehydratase deficiency (Moderate)
ALDH18A1	1	3	ClinGen,PanelApp,gene2phenotype	yes	no	ALDH18A1-related cutis laxa () | ALDH18A1-related developmental disorder-joint hypermobility-skin laxity with or without metabolic abnormalities () | ALDH18A1-related spastic paraplegia (monoallelic) () | Intellectual disability (confidence 3) | P5CS deficiency (Definitive)
ALDH3A2	1	2	PanelApp,gene2phenotype	yes	no	ALDH3A2-related Sjogren-Larsson syndrome () | Intellectual disability (confidence 3)
ALDH4A1	1	3	ClinGen,PanelApp,gene2phenotype	yes	no	ALDH4A1-related hyperprolinemia () | Intellectual disability (confidence 3) | hyperprolinemia type 2 (Definitive)
ALDH5A1	1	3	ClinGen,PanelApp,gene2phenotype	yes	no	ALDH5A1-related succinate semialdehyde dehydrogenase deficiency () | Intellectual disability (confidence 3) | succinic semialdehyde dehydrogenase deficiency (Definitive)
ALDH7A1	1	3	ClinGen,PanelApp,gene2phenotype	yes	no	ALDH7A1-related pyridoxine-dependent epilepsy () | Intellectual disability (confidence 3) | pyridoxine-dependent epilepsy (Definitive)
ALDOB	1	2	ClinGen,PanelApp	yes	no	Intellectual disability (confidence 1) | hereditary fructose intolerance (Definitive)
ALG1	1	3	ClinGen,PanelApp,gene2phenotype	yes	no	ALG1-congenital disorder of glycosylation (Definitive) | ALG1-related congenital disorder of glycosylation () | Intellectual disability (confidence 3)
ALG11	1	3	ClinGen,PanelApp,gene2phenotype	yes	no	ALG11-congenital disorder of glycosylation (Moderate) | ALG11-related congenital disorder of glycosylation () | Intellectual disability (confidence 3)
ALG12	1	3	ClinGen,PanelApp,gene2phenotype	yes	no	ALG12-congenital disorder of glycosylation (Definitive) | ALG12-related congenital disorder of glycosylation () | Intellectual disability (confidence 3)
ALG13	1	3	ClinGen,PanelApp,gene2phenotype	yes	no	ALG13-related congenital disorder of glycosylation () | Intellectual disability (confidence 3) | genetic developmental and epileptic encephalopathy (Definitive)
ALG2	1	3	ClinGen,PanelApp,gene2phenotype	yes	no	ALG2-congenital disorder of glycosylation (Strong) | ALG2-related congenital disorder of glycosylation () | Intellectual disability (confidence 1)
ALG3	1	3	ClinGen,PanelApp,gene2phenotype	yes	no	ALG3-congenital disorder of glycosylation (Definitive) | ALG3-related congenital disorder of glycosylation () | Intellectual disability (confidence 3)
ALG5	1	2	ClinGen,PanelApp	yes	no	Cystic renal disease (confidence 3) | autosomal dominant polycystic kidney disease (Moderate)
ALG6	1	3	ClinGen,PanelApp,gene2phenotype	yes	no	ALG6-congenital disorder of glycosylation 1C (Definitive) | ALG6-related congenital disorder of glycosylation () | Intellectual disability (confidence 3) | cystic kidney disease (Limited)
ALG8	1	3	ClinGen,PanelApp,gene2phenotype	yes	no	ALG8-related congenital disorder of glycosylation () | Cystic renal disease (confidence 3) | Intellectual disability (confidence 3) | autosomal dominant polycystic kidney disease (Definitive)
ALG9	1	3	ClinGen,PanelApp,gene2phenotype	yes	no	ALG9-associated autosomal dominant polycystic kidney disease (Definitive) | ALG9-related congenital disorder of glycosylation () | Cystic renal disease (confidence 3) | Intellectual disability (confidence 3)
ALK	1	2	ClinGen,PanelApp	yes	no	Childhood solid tumours (confidence 3) | Childhood solid tumours cancer susceptibility (confidence 3) | neuroblastoma, susceptibility to, 3 (Definitive)
ALKBH8	1	2	PanelApp,gene2phenotype	yes	no	ALKBH8-related intellectual disability, microcephaly and seizures () | Intellectual disability (confidence 3)
ALMS1	1	4	ClinGen,PanelApp,gene2phenotype,mitotic_panel	yes	yes	ALMS1-related Alstrom syndrome () | Alstrom syndrome (Definitive) | Cystic renal disease (confidence 3) | Intellectual disability (confidence 3) | tier 3
ALPL	1	3	ClinGen,PanelApp,gene2phenotype	yes	no	ALPL-related autosomal dominant hypophosphatasia (Definitive) | ALPL-related autosomal recessive hypophosphatasia (Definitive) | ALPL-related hypophosphatasia () | Intellectual disability (confidence 2)
ALS2	1	3	ClinGen,PanelApp,gene2phenotype	yes	no	ALS2-related disorder () | ALS2-related motor neuron disease (Definitive) | Intellectual disability (confidence 1)
ALX1	1	3	ClinGen,PanelApp,gene2phenotype	yes	no	ALX1-related frontonasal dysplasia () | Intellectual disability (confidence 1) | frontonasal dysplasia - severe microphthalmia - severe facial clefting syndrome (Definitive)
ALX3	1	3	ClinGen,PanelApp,gene2phenotype	yes	no	ALX3-related frontonasal dysplasia () | Intellectual disability (confidence 2) | frontorhiny (Definitive)
ALX4	1	3	ClinGen,PanelApp,gene2phenotype	yes	no	ALX4-related frontonasal dysplasia () | ALX4-related parietal foramina () | Intellectual disability (confidence 2) | frontonasal dysplasia with alopecia and genital anomaly (Definitive)
AMER1	1	3	ClinGen,PanelApp,gene2phenotype	yes	no	AMER1-related osteopathia striata with cranial sclerosis () | Intellectual disability (confidence 3) | osteopathia striata with cranial sclerosis (Definitive)
AMPD2	1	2	PanelApp,gene2phenotype	yes	no	AMPD2-related pontocerebellar hypoplasia () | Intellectual disability (confidence 3)
AMT	1	3	ClinGen,PanelApp,gene2phenotype	yes	no	AMT-related glycine encephalopathy () | Intellectual disability (confidence 3) | glycine encephalopathy (Definitive)
ANAPC1	1	3	ClinGen,gene2phenotype,mitotic_panel	yes	yes	ANAPC1-related Rothmund-Thomson syndrome () | Rothmund-Thomson syndrome type 1 (Moderate) | tier 2
ANK2	1	3	ClinGen,PanelApp,gene2phenotype	yes	no	ANK2-related neurodevelopmental disorder () | Brugada syndrome (Disputed) | Intellectual disability (confidence 3) | catecholaminergic polymorphic ventricular tachycardia (Disputed) | complex neurodevelopmental disorder (Definitive) | long QT syndrome (Disputed)
ANK3	1	2	ClinGen,PanelApp	yes	no	Intellectual disability (confidence 3) | intellectual disability (Moderate)
ANKRD11	1	3	ClinGen,PanelApp,gene2phenotype	yes	no	ANKRD11-related KBG syndrome () | Intellectual disability (confidence 3) | KBG syndrome (Definitive)
ANKRD17	1	3	ClinGen,PanelApp,gene2phenotype	yes	no	ANKRD17-related neurodevelopmental disorder () | Intellectual disability (confidence 3) | syndromic complex neurodevelopmental disorder (Definitive)
ANKRD26	1	2	ClinGen,gene2phenotype	yes	no	ANKRD26-related thrombocytopenia () | thrombocytopenia 2 (Definitive)
ANKS6	1	2	ClinGen,PanelApp	yes	no	Cystic renal disease (confidence 3) | nephronophthisis 16 (Definitive)
ANO10	1	2	ClinGen,PanelApp	yes	no	Intellectual disability (confidence 1) | autosomal recessive spinocerebellar ataxia 10 (Definitive)
ANO5	1	3	ClinGen,PanelApp,gene2phenotype	yes	no	ANO5-related gnathodiaphyseal dysplasia () | Intellectual disability (confidence 2) | autosomal recessive limb-girdle muscular dystrophy (Definitive) | gnathodiaphyseal dysplasia (Definitive)
ANTXR1	1	3	ClinGen,PanelApp,gene2phenotype	yes	no	ANTXR1-related GAPO syndrome () | GAPO syndrome (Definitive) | Intellectual disability (confidence 2)
AP1B1	1	3	ClinGen,PanelApp,gene2phenotype	yes	no	AP1B1-related keratitis-ichthyosis-deafness syndrome (KIDAR) () | Intellectual disability (confidence 2) | ichthyosiform erythroderma, corneal involvement, and hearing loss (Definitive)
AP1G1	1	3	ClinGen,PanelApp,gene2phenotype	yes	no	AP1G1-related intellectual disability () | AP1G1-related intellectual disability and epilepsy () | Intellectual disability (confidence 3) | complex neurodevelopmental disorder (Limited) | complex neurodevelopmental disorder (Strong)
AP1S1	1	2	ClinGen,PanelApp	yes	no	Intellectual disability (confidence 3) | MEDNIK syndrome (Definitive)
AP1S2	1	3	ClinGen,PanelApp,gene2phenotype	yes	no	AP1S2-related intellectual developmental disorder () | Intellectual disability (confidence 3) | X-linked syndromic complex neurodevelopmental disorder (Definitive)
AP2M1	1	3	ClinGen,PanelApp,gene2phenotype	yes	no	AP2M1-related developmental and epileptic encephalopathy () | Intellectual disability (confidence 3) | complex neurodevelopmental disorder (Definitive)
AP3B1	1	2	ClinGen,PanelApp	yes	no	Hermansky-Pudlak syndrome 2 (Definitive) | Intellectual disability (confidence 3)
AP3B2	1	3	ClinGen,PanelApp,gene2phenotype	yes	no	AP3B2-related epileptic encephalopathy with optic atrophy () | Intellectual disability (confidence 3) | genetic developmental and epileptic encephalopathy (Definitive)
AP4B1	1	3	ClinGen,PanelApp,gene2phenotype	yes	no	AP-4 deficiency syndrome (Definitive) | AP4B1-related cerebral palsy spastic quadriplegic () | Intellectual disability (confidence 3) | Severe microcephaly (confidence 2)
AP4E1	1	3	ClinGen,PanelApp,gene2phenotype	yes	no	AP-4 deficiency syndrome (Definitive) | AP4E1-related cerebral palsy spastic quadriplegic () | Intellectual disability (confidence 3) | Severe microcephaly (confidence 3)
AP4M1	1	3	ClinGen,PanelApp,gene2phenotype	yes	no	AP-4 deficiency syndrome (Definitive) | AP4M1-related cerebral palsy spastic quadriplegic () | Intellectual disability (confidence 3) | Severe microcephaly (confidence 2)
AP4S1	1	3	ClinGen,PanelApp,gene2phenotype	yes	no	AP-4 deficiency syndrome (Definitive) | AP4S1-related cerebral palsy spastic quadriplegic () | Intellectual disability (confidence 3) | Severe microcephaly (confidence 2)
AP5Z1	1	2	ClinGen,PanelApp	yes	no	Intellectual disability (confidence 1) | hereditary spastic paraplegia (Definitive)
APC	1	3	ClinGen,PanelApp,mitotic_panel	yes	yes	Additional findings health related - children (confidence 3) | Childhood solid tumours (confidence 3) | Childhood solid tumours cancer susceptibility (confidence 3) | classic or attenuated familial adenomatous polyposis (Definitive) | gastric adenocarcinoma and proximal polyposis of the stomach (Definitive) | tier 3
APC2	1	3	ClinGen,PanelApp,gene2phenotype	yes	no	APC2-related lissencephaly, subcortical heterotopia, and global developmental delay () | Intellectual disability (confidence 3) | lissencephaly spectrum disorders (Strong)
APOB	1	2	ClinGen,PanelApp	yes	no	Additional findings health related - children (confidence 3) | familial hypobetalipoproteinemia 1 (Definitive) | hypercholesterolemia, autosomal dominant, type B (Definitive)
AR	1	3	ClinGen,PanelApp,gene2phenotype	yes	no	AR-related androgen insensitivity syndrome () | AR-related spinal and bulb muscul atrophy () | Intellectual disability (confidence 1) | Kennedy disease (Definitive)
ARCN1	1	2	PanelApp,gene2phenotype	yes	no	ARCN1-related microcephalic dwarfism () | Intellectual disability (confidence 3) | Severe microcephaly (confidence 2)
ARF1	1	3	ClinGen,PanelApp,gene2phenotype	yes	no	ARF1-related periventricular nodular heterotopia () | Intellectual disability (confidence 3) | periventricular nodular heterotopia (Definitive)
ARF3	1	2	PanelApp,gene2phenotype	yes	no	ARF3-related neurodevelopmental disorder () | Intellectual disability (confidence 3) | Severe microcephaly (confidence 3)
ARFGEF1	1	3	ClinGen,PanelApp,gene2phenotype	yes	no	ARFGEF1-related intellectual disability and epilepsy () | Intellectual disability (confidence 3) | developmental delay, impaired speech, and behavioral abnormalities, with or without seizures (Definitive)
ARFGEF2	1	3	ClinGen,PanelApp,gene2phenotype	yes	no	ARFGEF2-related periventricular heterotopia with microcephaly () | Intellectual disability (confidence 3) | periventricular heterotopia with microcephaly, autosomal recessive (Definitive)
ARG1	1	3	ClinGen,PanelApp,gene2phenotype	yes	no	ARG1-related argininemia () | Intellectual disability (confidence 3) | arginase deficiency (Definitive)
ARHGEF9	1	3	ClinGen,PanelApp,gene2phenotype	yes	no	ARHGEF9-related developmental disorder () | Intellectual disability (confidence 3) | X-linked complex neurodevelopmental disorder (Definitive)
ARID1A	1	4	ClinGen,PanelApp,gene2phenotype,mitotic_panel	yes	yes	ARID1A-related Coffin-Siris Syndrome () | Coffin-Siris syndrome (Definitive) | Intellectual disability (confidence 3) | tier 4
ARID1B	1	4	ClinGen,PanelApp,gene2phenotype,mitotic_panel	yes	yes	ARID1B-related Coffin-Siris Syndrome () | Coffin-Siris syndrome (Definitive) | Intellectual disability (confidence 3) | tier 4
ARID2	1	4	ClinGen,PanelApp,gene2phenotype,mitotic_panel	yes	yes	ARID2-related Coffin-Siris like disorder () | Coffin-Siris syndrome (Definitive) | Intellectual disability (confidence 3) | tier 3
ARL13B	1	2	ClinGen,PanelApp	yes	no	Cystic renal disease (confidence 1) | Cystic renal disease (confidence 3) | Intellectual disability (confidence 3) | Joubert syndrome (Definitive)
ARL6	1	3	ClinGen,PanelApp,gene2phenotype	yes	no	ARL6-related Bardet-Biedl syndrome () | ARL6-related retinal dystrophy () | Cystic renal disease (confidence 1) | Cystic renal disease (confidence 3) | Intellectual disability (confidence 3) | ciliopathy (Definitive)
ARMC9	1	3	ClinGen,PanelApp,gene2phenotype	yes	no	ARMC9-related Joubert syndrome () | Cystic renal disease (confidence 1) | Intellectual disability (confidence 3) | Joubert syndrome 30 (Definitive)
ARPC4	1	2	PanelApp,gene2phenotype	yes	no	ARPC4-related microcephaly and developmental delay () | Severe microcephaly (confidence 3)
ARSA	1	3	ClinGen,PanelApp,gene2phenotype	yes	no	ARSA-related arylsulfatase A deficiency () | Intellectual disability (confidence 3) | metachromatic leukodystrophy (Definitive)
ARSB	1	3	ClinGen,PanelApp,gene2phenotype	yes	no	ARSB-related mucopolysaccharidosis () | Intellectual disability (confidence 3) | mucopolysaccharidosis type 6 (Definitive)
ARSL	1	2	ClinGen,gene2phenotype	yes	no	ARSL-related chondrodysplasia punctata () | X-linked chondrodysplasia punctata 1 (Definitive)
ARX	1	3	ClinGen,PanelApp,gene2phenotype	yes	no	ARX-related neurodevelopmental spectrum including lissencephaly with genital anomalies and epilepsy to non-syndromic intellectual disability () | Intellectual disability (confidence 3) | X-linked complex neurodevelopmental disorder (Definitive) | genetic developmental and epileptic encephalopathy (Definitive)
ASAH1	1	3	ClinGen,PanelApp,gene2phenotype	yes	no	ASAH1-related Farber lipogranulomatosis () | ASAH1-related sphingolipidosis (Definitive) | ASAH1-related spinal muscular atrophy with progressive myoclonic epilepsy () | Intellectual disability (confidence 3)
ASCC3	1	2	PanelApp,gene2phenotype	yes	no	ASCC3-related intellectual developmental disorder () | Intellectual disability (confidence 3)
ASH1L	1	3	ClinGen,PanelApp,gene2phenotype	yes	no	ASH1L-related intellectual disability () | Intellectual disability (confidence 3) | syndromic complex neurodevelopmental disorder (Definitive)
ASL	1	3	ClinGen,PanelApp,gene2phenotype	yes	no	ASL-related argininosuccinate lyase deficiency () | Intellectual disability (confidence 3) | argininosuccinic aciduria (Definitive)
ASNS	1	3	ClinGen,PanelApp,gene2phenotype	yes	no	ASNS-related asparagine synthetase deficiency () | Intellectual disability (confidence 3) | congenital microcephaly - severe encephalopathy - progressive cerebral atrophy syndrome (Definitive)
ASPA	1	3	ClinGen,PanelApp,gene2phenotype	yes	no	ASPA-related Canavan disease () | Canavan disease (Definitive) | Intellectual disability (confidence 3)
ASPM	1	3	ClinGen,PanelApp,gene2phenotype	yes	no	ASPM-related pirmary microcephaly () | Intellectual disability (confidence 3) | Severe microcephaly (confidence 3) | autosomal recessive primary microcephaly (Definitive)
ASS1	1	3	ClinGen,PanelApp,gene2phenotype	yes	no	ASS1-related citrullinemia () | Intellectual disability (confidence 3) | citrullinemia type I (Definitive)
ASXL1	1	3	ClinGen,PanelApp,gene2phenotype	yes	no	ASXL1-related Bohring-Opitz syndrome () | Bohring-Opitz syndrome (Definitive) | Intellectual disability (confidence 3)
ASXL2	1	3	ClinGen,PanelApp,gene2phenotype	yes	no	ASXL2-related developmental delay, macrocephaly, and dysmorphic features () | Beckwith-Wiedemann syndrome (BWS) and other congenital overgrowth disorders (confidence 3) | Intellectual disability (confidence 3) | syndromic intellectual disability (Definitive)
ASXL3	1	3	ClinGen,PanelApp,gene2phenotype	yes	no	ASXL3-related Bainbridge-Ropers syndrome () | Intellectual disability (confidence 3) | syndromic intellectual disability (Definitive)
ATAD3A	1	2	PanelApp,gene2phenotype	yes	no	ATAD3A-related disorder with global developmental delay, hypotonia, optic atrophy, axonal neuropathy, and hypertrophic cardiomyopathy () | Intellectual disability (confidence 3)
ATG7	1	3	ClinGen,PanelApp,gene2phenotype	yes	no	ATG7-related intellectual disability and ataxia () | Intellectual disability (confidence 3) | spinocerebellar ataxia, autosomal recessive 31 (Strong)
ATIC	1	2	PanelApp,gene2phenotype	yes	no	ATIC-related AICA-ribosiduria () | Intellectual disability (confidence 3)
ATL1	1	3	ClinGen,PanelApp,gene2phenotype	yes	no	ATL1-related hereditary spastic paraplegia () | Intellectual disability (confidence 1) | neuropathy, hereditary sensory, type 1D (Definitive)
ATM	1	4	ClinGen,PanelApp,gene2phenotype,mitotic_panel	yes	yes	ATM-related ataxia-telangiectasia () | ATM-related cancer predisposition (Definitive) | Childhood solid tumours (confidence 3) | Childhood solid tumours cancer susceptibility (confidence 3) | Intellectual disability (confidence 1) | ataxia telangiectasia (Definitive)
ATN1	1	3	ClinGen,PanelApp,gene2phenotype	yes	no	ATN1-related congenital hypotonia, epilepsy, developmental delay, digit abnormalities () | Intellectual disability (confidence 3) | dentatorubral-pallidoluysian atrophy (Definitive)
ATP11A	1	2	ClinGen,PanelApp	yes	no	Intellectual disability (confidence 2) | Severe microcephaly (confidence 1) | autosomal dominant nonsyndromic hearing loss (Moderate)
ATP13A2	1	3	ClinGen,PanelApp,gene2phenotype	yes	no	ATP13A2-related Parkinson disease () | Intellectual disability (confidence 3) | Kufor-Rakeb syndrome (Definitive)
ATP1A1	1	3	ClinGen,PanelApp,gene2phenotype	yes	no	ATP1A1-related renal hypomagnesemia refractory seizures and intellectual disability () | Charcot-Marie-tooth disease, axonal, type 2DD (Definitive) | Intellectual disability (confidence 3)
ATP1A2	1	3	ClinGen,PanelApp,gene2phenotype	yes	no	ATP1A2-related epileptic encephalopathy () | ATP1A2-related migraine, familial hemiplegic () | ATP1A2-related neuronal migration disorder with epilepsy () | Intellectual disability (confidence 3) | Severe microcephaly (confidence 3) | fetal akinesia, respiratory insufficiency, microcephaly, polymicrogyria, and dysmorphic facies (Definitive)
ATP1A3	1	3	ClinGen,PanelApp,gene2phenotype	yes	no	ATP1A3-associated neurological disorder (Definitive) | ATP1A3-related alternating hemiplegia of childhood () | Intellectual disability (confidence 3)
ATP2B1	1	2	PanelApp,gene2phenotype	yes	no	ATP2B1-related neurodevelopmental disorder () | Intellectual disability (confidence 3)
ATP2B2	1	2	ClinGen,PanelApp	yes	no	Intellectual disability (confidence 2) | autosomal dominant nonsyndromic hearing loss (Definitive)
ATP6AP1	1	2	ClinGen,PanelApp	yes	no	Intellectual disability (confidence 2) | congenital disorder of glycosylation type II (Definitive)
ATP6AP2	1	3	ClinGen,PanelApp,gene2phenotype	yes	no	ATP6AP2-related disorder (Definitive) | ATP6AP2-related intellectual developmental disorder with epilepsy () | Intellectual disability (confidence 3)
ATP6V0A1	1	2	PanelApp,gene2phenotype	yes	no	ATP6V0A1-related developmental disorder () | Intellectual disability (confidence 3) | Severe microcephaly (confidence 3)
ATP6V0A2	1	2	ClinGen,PanelApp	yes	no	Intellectual disability (confidence 3) | autosomal recessive cutis laxa type 2A (Definitive)
ATP6V0C	1	2	PanelApp,gene2phenotype	yes	no	ATP6V0C-related developmental disorder () | Intellectual disability (confidence 3) | Severe microcephaly (confidence 3)
ATP6V1A	1	3	ClinGen,PanelApp,gene2phenotype	yes	no	ATP6V1A-related cutis laxa () | ATP6V1A-related epileptic encephalopathy, infantile or early childhood () | Intellectual disability (confidence 3) | autosomal recessive cutis laxa type 2D (Limited)
ATP6V1B1	1	3	ClinGen,PanelApp,gene2phenotype	yes	no	ATP6V1B1-related distal renal tubular acidosis with deafness () | Intellectual disability (confidence 1) | Nephrocalcinosis or nephrolithiasis (confidence 3) | renal tubular acidosis, distal, 2, with progressive sensorineural hearing loss (Definitive)
ATP6V1B2	1	2	PanelApp,gene2phenotype	yes	no	ATP6V1B2-related Zimmermann-Laband syndrome () | Intellectual disability (confidence 3)
ATP7A	1	3	ClinGen,PanelApp,gene2phenotype	yes	no	ATP7A-related Menkes disease () | ATP7A-related spinal muscular atrophy, distal () | Intellectual disability (confidence 3) | Menkes disease (Definitive) | X-linked distal spinal muscular atrophy type 3 (Moderate)
ATP7B	1	2	ClinGen,PanelApp	yes	no	Intellectual disability (confidence 1) | Wilson disease (Definitive)
ATP8A2	1	3	ClinGen,PanelApp,gene2phenotype	yes	no	ATP8A2-related cerebellar ataxia, intellectual developmental disorder, and dysequilibrium syndrome () | Intellectual disability (confidence 3) | cerebellar ataxia, intellectual disability, and dysequilibrium (Definitive)
ATP9A	1	2	PanelApp,gene2phenotype	yes	no	ATP9A-related neurodevelopmental disorder () | Intellectual disability (confidence 3) | Severe microcephaly (confidence 2)
ATR	1	2	PanelApp,gene2phenotype	yes	no	ATR-related Seckel syndrome () | Intellectual disability (confidence 3) | Severe microcephaly (confidence 3)
ATRX	1	4	ClinGen,PanelApp,gene2phenotype,mitotic_panel	yes	yes	ATR-X-related syndrome (Definitive) | ATRX-related alpha-thalassemia intellectual developmental disorder syndrome non-deletion type () | Intellectual disability (confidence 3) | Severe microcephaly (confidence 3) | tier 3
ATXN2	1	2	ClinGen,PanelApp	yes	no	Intellectual disability (confidence 1) | spinocerebellar ataxia type 2 (Definitive)
ATXN7L3	1	2	PanelApp,gene2phenotype	yes	no	ATXN7L3-related developmental delay, hypotonia and facial dysmorphism () | Intellectual disability (confidence 3)
AUH	1	3	ClinGen,PanelApp,gene2phenotype	yes	no	3-methylglutaconic aciduria type 1 (Definitive) | AUH-related 3-methylglutaconic aciduria () | Intellectual disability (confidence 3)
AURKC	1	2	ClinGen,mitotic_panel	yes	yes	spermatogenic failure 5 (Definitive) | tier 3
AUTS2	1	3	ClinGen,PanelApp,gene2phenotype	yes	no	AUTS2-related syndromic intellectual disability () | Intellectual disability (confidence 3) | syndromic intellectual disability (Definitive)
AXIN2	1	2	ClinGen,mitotic_panel	yes	yes	oligodontia-cancer predisposition syndrome (Definitive) | tier 4
B3GALNT2	1	3	ClinGen,PanelApp,gene2phenotype	yes	no	B3GALNT2-related muscular dystrophy-dystroglycanopathy (congenital with brain and eye anomalies), type A () | Intellectual disability (confidence 3) | muscular dystrophy-dystroglycanopathy (congenital with brain and eye anomalies), type a, 11 (Definitive)
B3GALT6	1	3	ClinGen,PanelApp,gene2phenotype	yes	no	B3GALT6-congenital disorder of glycosylation (Definitive) | B3GALT6-related spondyloepimetaphyseal dysplasia with joint laxity () | Intellectual disability (confidence 2)
B3GLCT	1	2	ClinGen,PanelApp	yes	no	Intellectual disability (confidence 3) | Peters plus syndrome (Definitive)
B4GALNT1	1	2	ClinGen,PanelApp	yes	no	Intellectual disability (confidence 3) | complex hereditary spastic paraplegia (Definitive)
B4GALT1	1	3	ClinGen,PanelApp,gene2phenotype	yes	no	B4GALT1-congenital disorder of glycosylation (Definitive) | B4GALT1-related congenital disorder of glycosylation () | Intellectual disability (confidence 2)
B4GALT7	1	3	ClinGen,PanelApp,gene2phenotype	yes	no	B4GALT7-related spondylo-dysplastic Ehlers Danlos syndrome () | Ehlers-Danlos syndrome, spondylodysplastic type, 1 (Definitive) | Intellectual disability (confidence 3)
B9D1	1	3	ClinGen,PanelApp,gene2phenotype	yes	no	B9D1-related Meckel syndrome () | Cystic renal disease (confidence 1) | Intellectual disability (confidence 3) | ciliopathy (Definitive)
B9D2	1	2	ClinGen,PanelApp	yes	no	Cystic renal disease (confidence 3) | Intellectual disability (confidence 3) | ciliopathy (Moderate)
BAP1	1	3	ClinGen,PanelApp,gene2phenotype	yes	no	BAP1-related neurodevelopmental syndrome () | BAP1-related tumor predisposition syndrome (Definitive) | Childhood solid tumours (confidence 3) | Intellectual disability (confidence 3)
BAZ2B	1	3	ClinGen,PanelApp,gene2phenotype	yes	no	BAZ2B-related neurodevelopmental disorder () | Intellectual disability (confidence 3) | complex neurodevelopmental disorder (Limited)
BBIP1	1	2	ClinGen,PanelApp	yes	no	Cystic renal disease (confidence 2) | ciliopathy (Definitive)
BBS1	1	3	ClinGen,PanelApp,gene2phenotype	yes	no	BBS1-related Bardet-Biedl syndrome () | BBS1-related ciliopathy (Definitive) | Cystic renal disease (confidence 1) | Cystic renal disease (confidence 3) | Intellectual disability (confidence 3)
BBS10	1	3	ClinGen,PanelApp,gene2phenotype	yes	no	BBS10-related Bardet-Biedl syndrome () | BBS10-related ciliopathy (Definitive) | Cystic renal disease (confidence 1) | Cystic renal disease (confidence 3) | Intellectual disability (confidence 3)
BBS12	1	3	ClinGen,PanelApp,gene2phenotype	yes	no	BBS12-related Bardet-Biedl syndrome () | BBS12-related ciliopathy (Definitive) | Cystic renal disease (confidence 1) | Cystic renal disease (confidence 3) | Intellectual disability (confidence 3)
BBS2	1	3	ClinGen,PanelApp,gene2phenotype	yes	no	BBS2-related Bardet-Biedl syndrome () | BBS2-related ciliopathy (Definitive) | Cystic renal disease (confidence 1) | Cystic renal disease (confidence 3) | Intellectual disability (confidence 3)
BBS4	1	4	ClinGen,PanelApp,gene2phenotype,mitotic_panel	yes	yes	BBS4-related Bardet-Biedl syndrome () | BBS4-related ciliopathy (Definitive) | Cystic renal disease (confidence 1) | Cystic renal disease (confidence 3) | Intellectual disability (confidence 3) | tier 4
BBS5	1	3	ClinGen,PanelApp,gene2phenotype	yes	no	BBS5-related Bardet-Biedl syndrome () | BBS5-related ciliopathy (Definitive) | Cystic renal disease (confidence 1) | Cystic renal disease (confidence 3) | Intellectual disability (confidence 3)
BBS7	1	3	ClinGen,PanelApp,gene2phenotype	yes	no	BBS7-related Bardet-Biedl syndrome () | BBS7-related ciliopathy (Definitive) | Cystic renal disease (confidence 3) | Intellectual disability (confidence 3)
BBS9	1	3	ClinGen,PanelApp,gene2phenotype	yes	no	BBS9-related Bardet-Biedl syndrome () | BBS9-related ciliopathy (Definitive) | Cystic renal disease (confidence 1) | Cystic renal disease (confidence 3) | Intellectual disability (confidence 3)
BCAP31	1	3	ClinGen,PanelApp,gene2phenotype	yes	no	BCAP31-related deafness, dystonia, and central hypomyelination with disorganization of the Golgi apparatus () | Intellectual disability (confidence 3) | severe motor and intellectual disabilities-sensorineural deafness-dystonia syndrome (Definitive)
BCAS3	1	2	PanelApp,gene2phenotype	yes	no	BCAS3-related neurodevelopmental disorder with thinning of corpus callosum and cerebellar atrophy () | Intellectual disability (confidence 3)
BCKDHA	1	3	ClinGen,PanelApp,gene2phenotype	yes	no	BCKDHA-related maple syrup urine disease () | Intellectual disability (confidence 3) | maple syrup urine disease type 1A (Definitive)
BCKDHB	1	3	ClinGen,PanelApp,gene2phenotype	yes	no	BCKDHB-related maple syrup urine disease () | Intellectual disability (confidence 3) | maple syrup urine disease type 1B (Definitive)
BCKDK	1	2	ClinGen,PanelApp	yes	no	Intellectual disability (confidence 3) | branched-chain keto acid dehydrogenase kinase deficiency (Definitive)
BCL11A	1	3	ClinGen,PanelApp,gene2phenotype	yes	no	BCL11A-related intellectual disability () | Dias-Logan syndrome (Definitive) | Intellectual disability (confidence 3)
BCL11B	1	3	ClinGen,PanelApp,gene2phenotype	yes	no	BCL11B-related neurodevelopmental disorder () | Intellectual disability (confidence 3) | intellectual developmental disorder with speech delay, dysmorphic facies, and t-cell abnormalities (Definitive)
BCOR	1	3	ClinGen,PanelApp,gene2phenotype	yes	no	BCOR-related syndromic microphthalmia () | Intellectual disability (confidence 3) | microphthalmia, syndromic 2 (Definitive)
BCS1L	1	3	ClinGen,PanelApp,gene2phenotype	yes	no	BCS1L-related Gracile syndrome () | Bjornstad syndrome (Definitive) | Intellectual disability (confidence 3) | Leigh syndrome (Limited) | mitochondrial disease (Definitive)
BGN	1	3	ClinGen,PanelApp,gene2phenotype	yes	no	BGN-related severe syndromic form of thoracic aortic aneurysm and dissection () | BGN-related spondyloepimetaphyseal dysplasia () | Intellectual disability (confidence 1) | Meester-Loeys syndrome (Strong) | familial thoracic aortic aneurysm and aortic dissection (Limited)
BICRA	1	3	ClinGen,PanelApp,gene2phenotype	yes	no	BICRA-related developmental disorder () | Coffin-Siris syndrome (Definitive) | Intellectual disability (confidence 3)
BIN1	1	3	ClinGen,PanelApp,gene2phenotype	yes	no	BIN1-related centronuclear myopathy () | Intellectual disability (confidence 1) | centronuclear myopathy (Definitive) | centronuclear myopathy (Limited)
BLM	1	3	ClinGen,PanelApp,gene2phenotype	yes	no	BLM-related Bloom syndrome () | Bloom syndrome (Definitive) | Childhood solid tumours (confidence 3) | Childhood solid tumours cancer susceptibility (confidence 3) | Fanconi anaemia or Bloom syndrome (confidence 3) | Intellectual disability (confidence 3)
BLOC1S1	1	2	ClinGen,PanelApp	yes	no	Intellectual disability (confidence 3) | neurodevelopmental disorder (Moderate)
BLOC1S6	1	2	ClinGen,gene2phenotype	yes	no	BLOC1S6-related Hermansky-Pudlak syndrome () | Hermansky-Pudlak syndrome 9 (Definitive)
BLTP1	1	2	ClinGen,gene2phenotype	yes	no	Alkuraya-Kucinskas syndrome (Definitive) | BLTP1-related brain atrophy, dandy walker and contractures ()
BMP4	1	3	ClinGen,PanelApp,gene2phenotype	yes	no	BMP4-related microphthalmia with brain and digit anomalies () | BMP4-related ocular growth disorder (Definitive) | Intellectual disability (confidence 3)
BMPR1A	1	2	ClinGen,PanelApp	yes	no	Childhood solid tumours (confidence 3) | Childhood solid tumours cancer susceptibility (confidence 3) | juvenile polyposis syndrome (Definitive) | pulmonary arterial hypertension (Disputed)
BOLA3	1	3	ClinGen,PanelApp,gene2phenotype	yes	no	BOLA3-related multiple mitochondrial dysfunctions syndrome () | Intellectual disability (confidence 3) | mitochondrial disease (Definitive)
BORCS8	1	2	PanelApp,gene2phenotype	yes	no	BORCS8-related early-infantile neurological disorder with severe intellectual disability, hypotonia and congenital heart disease () | Intellectual disability (confidence 3)
BPNT2	1	2	ClinGen,gene2phenotype	yes	no	BPNT2-related chondrodysplasia with joint dislocations, Grapp type () | chondrodysplasia with joint dislocations, gPAPP type (Moderate)
BPTF	1	3	ClinGen,PanelApp,gene2phenotype	yes	no	BPTF-related developmental and speech delay, postnatal microcephaly, and dysmorphic features () | Intellectual disability (confidence 3) | Severe microcephaly (confidence 3) | syndromic intellectual disability (Definitive)
BRAF	1	3	ClinGen,PanelApp,gene2phenotype	yes	no	BRAF-related cardiofaciocutaneous syndrome () | Childhood solid tumours (confidence 2) | Childhood solid tumours cancer susceptibility (confidence 3) | Costello syndrome (Disputed) | Intellectual disability (confidence 3) | Noonan syndrome (Moderate)
BRAT1	1	3	ClinGen,PanelApp,gene2phenotype	yes	no	BRAT1-related lethal neonatal rigidity and seizure syndrome () | Intellectual disability (confidence 3) | neonatal-onset encephalopathy with rigidity and seizures (Definitive) | neurodevelopmental disorder with cerebellar atrophy and with or without seizures (Definitive)
BRCA1	1	4	ClinGen,PanelApp,gene2phenotype,mitotic_panel	yes	yes	BRCA1-related Fanconi anemia () | BRCA1-related cancer predisposition (Definitive) | Childhood solid tumours (confidence 3) | Childhood solid tumours cancer susceptibility (confidence 3) | Fanconi anaemia or Bloom syndrome (confidence 3) | Fanconi anemia, complementation group S (Definitive)
BRCA2	1	4	ClinGen,PanelApp,gene2phenotype,mitotic_panel	yes	yes	BRCA2-related Fanconi anemia () | BRCA2-related cancer predisposition (Definitive) | Childhood solid tumours (confidence 3) | Childhood solid tumours cancer susceptibility (confidence 3) | Fanconi anaemia or Bloom syndrome (confidence 3) | Fanconi anemia complementation group D1 (Definitive)
BRD4	1	3	ClinGen,PanelApp,gene2phenotype	yes	no	BRD4-related Cornelia de Lange-like syndrome () | Intellectual disability (confidence 3) | Severe microcephaly (confidence 2) | syndromic intellectual disability (Definitive)
BRF1	1	2	PanelApp,gene2phenotype	yes	no	BRF1-related cerebellofaciodental syndrome () | Intellectual disability (confidence 3)
BRIP1	1	3	ClinGen,PanelApp,gene2phenotype	yes	no	BRIP1-related Fanconi anemia () | Childhood solid tumours (confidence 3) | Childhood solid tumours cancer susceptibility (confidence 3) | Fanconi anaemia or Bloom syndrome (confidence 3) | Fanconi anemia complementation group J (Definitive) | Intellectual disability (confidence 1)
BRPF1	1	3	ClinGen,PanelApp,gene2phenotype	yes	no	BRPF1-related syndromic intellectual disability with ptosis () | Intellectual disability (confidence 3) | syndromic complex neurodevelopmental disorder (Definitive)
BRSK2	1	3	ClinGen,PanelApp,gene2phenotype	yes	no	BRSK2-related neurodevelopmental disorder () | Intellectual disability (confidence 3) | complex neurodevelopmental disorder (Definitive)
BRWD3	1	3	ClinGen,PanelApp,gene2phenotype	yes	no	BRWD3-related intellectual developmental disorder () | Beckwith-Wiedemann syndrome (BWS) and other congenital overgrowth disorders (confidence 3) | Intellectual disability (confidence 3) | X-linked syndromic intellectual disability (Definitive)
BSCL2	1	2	ClinGen,PanelApp	yes	no	Intellectual disability (confidence 3) | distal hereditary motor neuropathy (Definitive) | lipodystrophy (Definitive)
BSND	1	3	ClinGen,PanelApp,gene2phenotype	yes	no	BSND-related Bartter syndrome, type 4a () | Bartter disease type 4A (Definitive) | Intellectual disability (confidence 2) | Nephrocalcinosis or nephrolithiasis (confidence 3)
BTD	1	3	ClinGen,PanelApp,gene2phenotype	yes	no	BTD-related biotinidase deficiency () | Intellectual disability (confidence 3) | Leigh syndrome (Moderate) | biotinidase deficiency (Definitive)
BTK	1	2	ClinGen,PanelApp	yes	no	Bruton-type agammaglobulinemia (Definitive) | Intellectual disability (confidence 1) | isolated growth hormone deficiency type III (Disputed)
BUB1	1	4	ClinGen,PanelApp,gene2phenotype,mitotic_panel	yes	yes	BUB1-related microcephaly and developmental disorder () | Intellectual disability (confidence 3) | Severe microcephaly (confidence 3) | colorectal cancer (Limited) | tier 1
BUB1B	1	4	ClinGen,PanelApp,gene2phenotype,mitotic_panel	yes	yes	BUB1B-related mosaic variegated aneuploidy syndrome () | Childhood solid tumours (confidence 3) | Childhood solid tumours cancer susceptibility (confidence 3) | Familial rhabdomyosarcoma (confidence 3) | Intellectual disability (confidence 3) | Severe microcephaly (confidence 3)
C12orf57	1	2	PanelApp,gene2phenotype	yes	no	C12orf57-related Temtamy syndrome; coloboma, hypoplastic corpus callosum, and intellectual disability () | Intellectual disability (confidence 3)
C19orf12	1	2	ClinGen,PanelApp	yes	no	Intellectual disability (confidence 1) | neurodegeneration with brain iron accumulation 4 (Definitive) | neurodegeneration with brain iron accumulation 4 (Moderate)
C1QA	1	2	ClinGen,PanelApp	yes	no	Intellectual disability (confidence 1) | systemic lupus erythematosus related to C1QA (Definitive)
C1QBP	1	2	ClinGen,gene2phenotype	yes	no	C1QBP-related severe neonatal-, childhood-, or later-onset cardiomyopathy associated with combined respiratory-chain deficiencies () | mitochondrial disease (Definitive)
C2CD3	1	4	ClinGen,PanelApp,gene2phenotype,mitotic_panel	yes	yes	C2CD3-related orofaciodigital syndrome () | Intellectual disability (confidence 3) | orofaciodigital syndrome type 14 (Definitive) | tier 4
C9orf72	1	2	ClinGen,PanelApp	yes	no	Intellectual disability (confidence 1) | frontotemporal dementia and/or amyotrophic lateral sclerosis 1 (Definitive)
CA2	1	3	ClinGen,PanelApp,gene2phenotype	yes	no	CA2-related osteopetrosis () | Intellectual disability (confidence 3) | Nephrocalcinosis or nephrolithiasis (confidence 3) | autosomal recessive osteopetrosis 3 (Definitive)
CA5A	1	3	ClinGen,PanelApp,gene2phenotype	yes	no	CA5A-related hyperammonemia due to carbonic anhydrase VA deficiency () | Intellectual disability (confidence 1) | hyperammonemic encephalopathy due to carbonic anhydrase VA deficiency (Definitive)
CA8	1	3	ClinGen,PanelApp,gene2phenotype	yes	no	CA8-related cerebellar ataxia, intellectual developmental disorder, and dysequilibrium syndrome () | Intellectual disability (confidence 3) | cerebellar ataxia (Moderate)
CACNA1A	1	2	PanelApp,gene2phenotype	yes	no	CACNA1A-related epileptic encephalopathy () | Intellectual disability (confidence 3)
CACNA1B	1	3	ClinGen,PanelApp,gene2phenotype	yes	no	CACNA1B-related neurodevelopmental disorder with seizures and nonepileptic hyperkinetic movements () | Intellectual disability (confidence 3) | complex neurodevelopmental disorder with motor features (Moderate)
CACNA1C	1	3	ClinGen,PanelApp,gene2phenotype	yes	no	Brugada syndrome (Disputed) | CACNA1C-related Timothy syndrome () | Intellectual disability (confidence 3) | Timothy syndrome (Definitive) | long QT syndrome (Moderate) | short QT syndrome (Disputed)
CACNA1D	1	3	ClinGen,PanelApp,gene2phenotype	yes	no	CACNA1D-related primary aldosteronism, seizures, and neurologic abnormalities () | CACNA1D-related sinoatrial node dysfunction and deafness () | Intellectual disability (confidence 3) | complex neurodevelopmental disorder (Definitive) | sinoatrial node dysfunction and deafness (Moderate)
CACNA1E	1	3	ClinGen,PanelApp,gene2phenotype	yes	no	CACNA1E-related epileptic encephalopathy with contractures, macrocephaly, and dyskinesia () | Intellectual disability (confidence 3) | genetic developmental and epileptic encephalopathy (Definitive)
CACNA1F	1	2	ClinGen,PanelApp	yes	no	CACNA1F-related retinopathy (Definitive) | Intellectual disability (confidence 1)
CACNA1G	1	3	ClinGen,PanelApp,gene2phenotype	yes	no	CACNA1G-related developmental disorder with hypotonia, epilepsy, and cerebral/cerebellar atrophy () | CACNA1G-related intellectual developmental disorder () | Intellectual disability (confidence 3) | spinocerebellar ataxia type 42 (Definitive)
CACNA1S	1	2	ClinGen,PanelApp	yes	no	Intellectual disability (confidence 1) | malignant hyperthermia, susceptibility to, 5 (Moderate)
CACNA2D1	1	3	ClinGen,PanelApp,gene2phenotype	yes	no	Brugada syndrome 1 (Disputed) | CACNA2D1-related neurodevelopmental disorder () | Intellectual disability (confidence 3) | short QT syndrome (Disputed)
CACNA2D2	1	2	ClinGen,PanelApp	yes	no	Intellectual disability (confidence 2) | complex neurodevelopmental disorder (Moderate)
CAD	1	3	ClinGen,PanelApp,gene2phenotype	yes	no	CAD-related uridine-responsive epileptic encephalopathy () | Intellectual disability (confidence 3) | developmental and epileptic encephalopathy, 50 (Definitive)
CAMK2A	1	3	ClinGen,PanelApp,gene2phenotype	yes	no	CAMK2A-related intellectual disability () | Intellectual disability (confidence 3) | complex neurodevelopmental disorder (Definitive)
CAMK2B	1	2	PanelApp,gene2phenotype	yes	no	CAMK2B-related intellectual disability () | Intellectual disability (confidence 3) | Severe microcephaly (confidence 3)
CAMK2D	1	3	ClinGen,PanelApp,gene2phenotype	yes	no	CAMK2D-related neurodevelopmental disorder and dilated cardiomyopathy () | CAMK2D-related neurodevelopmental disorder and dilated cardiomyopathy (Strong) | Intellectual disability (confidence 3)
CAMSAP1	1	2	PanelApp,gene2phenotype	yes	no	CAMSAP1-related neuronal migration disorder () | Intellectual disability (confidence 3) | Severe microcephaly (confidence 3)
CAMTA1	1	3	ClinGen,PanelApp,gene2phenotype	yes	no	CAMTA1-related cerebellar dysfunction with variable cognitive and behavioural abnormalities () | Intellectual disability (confidence 3) | cerebellar dysfunction with variable cognitive and behavioral abnormalities (Definitive)
CANT1	1	3	ClinGen,PanelApp,gene2phenotype	yes	no	CANT1-related Desbuquois dysplasia () | Desbuquois dysplasia 1 (Definitive) | Intellectual disability (confidence 1)
CAPN15	1	2	PanelApp,gene2phenotype	yes	no	CAPN15-related oculogastrointestinal neurodevelopmental syndrome () | Intellectual disability (confidence 3)
CAPRIN1	1	3	ClinGen,PanelApp,gene2phenotype	yes	no	CAPRIN1-related neurodevelopmental disorder () | Intellectual disability (confidence 3) | neurodegeneration, childhood-onset, with cerebellar ataxia and cognitive decline (Moderate) | neurodevelopmental disorder with language impairment, autism, and attention deficit-hyperactivity disorder (Moderate)
CARS2	1	3	ClinGen,PanelApp,gene2phenotype	yes	no	CARS2-related epileptic encephalopathy with complex movement disorder and regression () | Intellectual disability (confidence 2) | mitochondrial disease (Moderate)
CASK	1	3	ClinGen,PanelApp,gene2phenotype	yes	no	CASK-related intellectual developmental disorder () | CASK-related intellectual developmental disorder, with or without nystagmus () | Intellectual disability (confidence 3) | Severe microcephaly (confidence 3) | X-linked syndromic intellectual disability (Definitive)
CASP2	1	2	PanelApp,gene2phenotype	yes	no	CASP2-related developmental disorder with lissencephaly () | Intellectual disability (confidence 3)
CASR	1	2	ClinGen,PanelApp	yes	no	Intellectual disability (confidence 2) | Nephrocalcinosis or nephrolithiasis (confidence 3) | autosomal dominant hypocalcemia 1 (Definitive) | epilepsy (Refuted) | familial hypocalciuric hypercalcemia 1 (Definitive) | neonatal severe primary hyperparathyroidism (Definitive)
CAV1	1	2	ClinGen,gene2phenotype	yes	no	CAV1-related congenital generalized lipodystrophy () | amyotrophic lateral sclerosis (Limited) | congenital generalized lipodystrophy type 3 (Definitive) | lipodystrophy (Limited) | pulmonary arterial hypertension (Definitive)
CBFB	1	2	ClinGen,gene2phenotype	yes	no	CBFB-related cleidocranial dysplasia () | cleidocranial dysplasia 2 (Definitive)
CBL	1	3	ClinGen,PanelApp,gene2phenotype	yes	no	CBL-related Noonan syndrome-like disorder with or without juvenile myelomonocytic leukemia () | CBL-related disorder (Definitive) | Childhood solid tumours (confidence 3) | Childhood solid tumours cancer susceptibility (confidence 3) | Intellectual disability (confidence 3)
CBS	1	3	ClinGen,PanelApp,gene2phenotype	yes	no	CBS-related homocystinuria due to cystathionine beta-synthase deficiency () | Intellectual disability (confidence 3) | classic homocystinuria (Definitive)
CC2D1A	1	3	ClinGen,PanelApp,gene2phenotype	yes	no	CC2D1A-related intellectual developmental disorder () | Intellectual disability (confidence 3) | complex neurodevelopmental disorder (Definitive)
CC2D2A	1	3	ClinGen,PanelApp,gene2phenotype	yes	no	CC2D2A-related Joubert syndrome () | Cystic renal disease (confidence 1) | Cystic renal disease (confidence 3) | Intellectual disability (confidence 3) | ciliopathy (Definitive)
CCBE1	1	2	PanelApp,gene2phenotype	yes	no	CCBE1-related Hennekam lymphangiectasia-lymphedema syndrome () | Intellectual disability (confidence 3)
CCDC22	1	3	ClinGen,PanelApp,gene2phenotype	yes	no	CCDC22-related syndromic intellectual disability () | Intellectual disability (confidence 3) | Ritscher-Schinzel syndrome 2 (Moderate)
CCDC32	1	3	ClinGen,PanelApp,gene2phenotype	yes	no	CCDC32-related neurodevelopmental syndrome () | Intellectual disability (confidence 3) | cardiofacioneurodevelopmental syndrome (Moderate)
CCDC39	1	3	ClinGen,PanelApp,gene2phenotype	yes	no	CCDC39-related primary ciliary dyskinesia () | Intellectual disability (confidence 1) | primary ciliary dyskinesia 14 (Definitive)
CCDC40	1	3	ClinGen,PanelApp,gene2phenotype	yes	no	CCDC40-related primary ciliary dyskinesia () | Intellectual disability (confidence 1) | primary ciliary dyskinesia 15 (Definitive)
CCDC47	1	2	PanelApp,gene2phenotype	yes	no	CCDC47-related woolly hair, liver dysfunction, dysmorphic features, and global developmental delay () | Intellectual disability (confidence 3)
CCDC88A	1	2	PanelApp,gene2phenotype	yes	no	CCDC88A-related PEHO-like syndrome with neuronal migration disorder, seizures and microcephaly () | Intellectual disability (confidence 3) | Severe microcephaly (confidence 3)
CCDC88C	1	2	PanelApp,gene2phenotype	yes	no	CCDC88C-related hydrocephalus, nonsyndromic () | Intellectual disability (confidence 3)
CCND2	1	3	ClinGen,PanelApp,gene2phenotype	yes	no	CCND2-related megalencephaly-polymicrogyria-polydactyly-hydrocephalus syndrome () | Intellectual disability (confidence 3) | Severe microcephaly (confidence 3) | megalencephaly-polymicrogyria-polydactyly-hydrocephalus syndrome 3 (Definitive)
CCNO	1	3	ClinGen,PanelApp,gene2phenotype	yes	no	CCNO-related primary ciliary dyskinesia () | Intellectual disability (confidence 1) | primary ciliary dyskinesia 29 (Definitive)
CCNQ	1	2	ClinGen,gene2phenotype	yes	no	CCNQ-related STAR syndrome () | syndactyly-telecanthus-anogenital and renal malformations syndrome (Moderate)
CCT6A	1	2	PanelApp,gene2phenotype	yes	no	CCT6A-related neurodevelopmental disorder with or without brain abnormalities () | Intellectual disability (confidence 3)
CDC42	1	3	ClinGen,PanelApp,gene2phenotype	yes	no	CDC42-related neurodevelopmental disorder () | Intellectual disability (confidence 3) | macrothrombocytopenia-lymphedema-developmental delay-facial dysmorphism-camptodactyly syndrome (Definitive)
CDC45	1	3	ClinGen,PanelApp,gene2phenotype	yes	no	CDC45-related Meier-Gorlin syndrome and craniosynostosis () | Intellectual disability (confidence 1) | Meier-Gorlin syndrome 7 (Definitive)
CDC6	1	4	ClinGen,PanelApp,gene2phenotype,mitotic_panel	yes	yes	CDC6-related Meier-Gorlin syndrome () | Intellectual disability (confidence 3) | Meier-Gorlin syndrome 5 (Limited) | Severe microcephaly (confidence 1) | tier 4
CDC73	1	2	ClinGen,PanelApp	yes	no	Childhood solid tumours (confidence 3) | hyperparathyroidism 2 with jaw tumors (Definitive)
CDH1	1	2	ClinGen,gene2phenotype	yes	no	CDH1-related blepharo-cheiro-dontic syndrome () | CDH1-related diffuse gastric and lobular breast cancer syndrome (Definitive) | familial ovarian cancer (No Known Disease Relationship)
CDH11	1	3	ClinGen,PanelApp,gene2phenotype	yes	no	CDH11-related Teebi hypertelorism syndrome () | CDH11-related brachioskeletogenital syndrome () | Elsahy-Waters syndrome (Definitive) | Intellectual disability (confidence 3) | Teebi hypertelorism syndrome 2 (Moderate)
CDH2	1	3	ClinGen,PanelApp,gene2phenotype	yes	no	CDH2-related syndromic neurodevelopmental disorder with corpus callosum, axon, cardiac, ocular, and genital defects () | Intellectual disability (confidence 3) | agenesis of corpus callosum, cardiac, ocular, and genital syndrome (Definitive) | arrhythmogenic right ventricular cardiomyopathy (Limited) | dilated cardiomyopathy (Limited)
CDH23	1	3	ClinGen,PanelApp,gene2phenotype	yes	no	CDH23-related Usher syndrome () | CDH23-related deafness () | Intellectual disability (confidence 1) | nonsyndromic genetic hearing loss (Definitive)
CDH3	1	3	ClinGen,PanelApp,gene2phenotype	yes	no	CDH3-related ectodermal dysplasia, ectrodactyly, and macular dystrophy (EEM syndrome) () | EEM syndrome (Definitive) | Intellectual disability (confidence 1)
CDK10	1	2	PanelApp,gene2phenotype	yes	no	CDK10-related severe growth retardation, spine malformations, and developmental delays () | Intellectual disability (confidence 3)
CDK13	1	3	ClinGen,PanelApp,gene2phenotype	yes	no	CDK13-related syndromic intellectual disability with or without congenital heart disease () | Intellectual disability (confidence 3) | syndromic intellectual disability (Definitive)
CDK16	1	3	ClinGen,PanelApp,gene2phenotype	yes	no	CDK16-related intellectual disability () | Intellectual disability (confidence 3) | X-linked complex neurodevelopmental disorder (Limited)
CDK19	1	2	PanelApp,gene2phenotype	yes	no	CDK19-related intellectual disability and epileptic encephalopathy () | Intellectual disability (confidence 3)
CDK5RAP2	1	4	ClinGen,PanelApp,gene2phenotype,mitotic_panel	yes	yes	CDK5RAP2-related primary microcephaly () | Intellectual disability (confidence 3) | Severe microcephaly (confidence 3) | autosomal recessive primary microcephaly (Definitive) | tier 2
CDK8	1	2	PanelApp,gene2phenotype	yes	no	CDK8-related syndromic intellectual disability () | Intellectual disability (confidence 3)
CDKL5	1	3	ClinGen,PanelApp,gene2phenotype	yes	no	CDKL5 disorder (Definitive) | CDKL5-related epileptic encephalopathy, early infantile () | Intellectual disability (confidence 3)
CDKN1C	1	3	ClinGen,PanelApp,gene2phenotype	yes	no	Beckwith-Wiedemann syndrome (BWS) and other congenital overgrowth disorders (confidence 3) | Beckwith-Wiedemann syndrome due to CDKN1C mutation (Strong) | CDKN1C-related Beckwith-Wiedemann syndrome () | CDKN1C-related IMAGE Syndrome () | Childhood solid tumours (confidence 3) | Childhood solid tumours cancer susceptibility (confidence 3)
CDKN2A	1	2	ClinGen,PanelApp	yes	no	Childhood solid tumours (confidence 3) | melanoma-pancreatic cancer syndrome (Definitive)
CDON	1	2	PanelApp,gene2phenotype	yes	no	CDON-related holoprosencephaly () | Intellectual disability (confidence 3)
CDT1	1	4	ClinGen,PanelApp,gene2phenotype,mitotic_panel	yes	yes	CDT1-related Meier-Gorlin syndrome () | Intellectual disability (confidence 1) | Meier-Gorlin syndrome 4 (Definitive) | Severe microcephaly (confidence 3) | tier 4
CELF2	1	2	PanelApp,gene2phenotype	yes	no	CELF2-related neurodevelopmental disorder () | Intellectual disability (confidence 3)
CENPE	1	3	ClinGen,PanelApp,mitotic_panel	yes	yes	Severe microcephaly (confidence 1) | autosomal recessive primary microcephaly (Limited) | tier 2
CENPF	1	3	PanelApp,gene2phenotype,mitotic_panel	yes	yes	CENPF-related Stromme syndrome () | Cystic renal disease (confidence 3) | Intellectual disability (confidence 3) | Severe microcephaly (confidence 3) | tier 2
CEP104	1	3	ClinGen,PanelApp,gene2phenotype	yes	no	CEP104-related Joubert syndrome () | Cystic renal disease (confidence 3) | Intellectual disability (confidence 3) | ciliopathy (Definitive)
CEP120	1	3	ClinGen,PanelApp,mitotic_panel	yes	yes	Intellectual disability (confidence 3) | ciliopathy (Definitive) | tier 3
CEP135	1	3	PanelApp,gene2phenotype,mitotic_panel	yes	yes	CEP135-related primary microcephaly and disturbed centrosomal function () | Intellectual disability (confidence 3) | Severe microcephaly (confidence 3) | tier 2
CEP152	1	4	ClinGen,PanelApp,gene2phenotype,mitotic_panel	yes	yes	CEP152-related developmental disorder () | Intellectual disability (confidence 3) | Severe microcephaly (confidence 3) | microcephaly with or without short stature (Definitive) | tier 2
CEP164	1	2	ClinGen,PanelApp	yes	no	CEP164-related ciliopathy (Definitive) | Cystic renal disease (confidence 3)
CEP250	1	2	ClinGen,mitotic_panel	yes	yes	cone-rod dystrophy and hearing loss 2 (Definitive) | tier 3
CEP290	1	3	ClinGen,PanelApp,gene2phenotype	yes	no	CEP290-related Joubert syndrome () | CEP290-related ciliopathy (Definitive) | Cystic renal disease (confidence 2) | Cystic renal disease (confidence 3) | Intellectual disability (confidence 3)
CEP41	1	3	ClinGen,PanelApp,gene2phenotype	yes	no	CEP41-related Joubert syndrome () | Cystic renal disease (confidence 1) | Cystic renal disease (confidence 3) | Intellectual disability (confidence 3) | ciliopathy (Definitive)
CEP55	1	2	PanelApp,mitotic_panel	yes	yes	Cystic renal disease (confidence 2) | Intellectual disability (confidence 3) | Severe microcephaly (confidence 3) | tier 3
CEP57	1	4	ClinGen,PanelApp,gene2phenotype,mitotic_panel	yes	yes	CEP57-related mosaic variegated aneuploidy syndrome () | Intellectual disability (confidence 3) | Severe microcephaly (confidence 3) | mosaic variegated aneuploidy syndrome 2 (Definitive) | tier 1
CEP63	1	3	PanelApp,gene2phenotype,mitotic_panel	yes	yes	CEP63-related Seckel syndrome () | Intellectual disability (confidence 2) | Severe microcephaly (confidence 1) | tier 2
CEP83	1	2	PanelApp,gene2phenotype	yes	no	CEP83-related infantile nephronophthisis and intellectual disability () | Cystic renal disease (confidence 3) | Intellectual disability (confidence 3)
CEP85L	1	3	ClinGen,PanelApp,gene2phenotype	yes	no	CEP85L-related posterior-predominant lissencephaly () | Intellectual disability (confidence 3) | lissencephaly 10 (Definitive)
CFAP298	1	2	ClinGen,gene2phenotype	yes	no	CFAP298-related primary ciliary dyskinesia () | primary ciliary dyskinesia 26 (Moderate)
CFAP300	1	2	ClinGen,gene2phenotype	yes	no	CFAP300-related primary ciliary dyskinesia () | ciliary dyskinesia, primary, 38 (Definitive)
CFAP410	1	2	ClinGen,gene2phenotype	yes	no	CFAP410-related retinal dystrophy with or without axial spondylometaphyseal dysplasia () | amyotrophic lateral sclerosis (Limited) | ciliopathy (Definitive)
CFAP418	1	2	ClinGen,gene2phenotype	yes	no	CFAP418-related cone-rod dystrophy () | ciliopathy (Definitive)
CFAP47	1	2	ClinGen,PanelApp	yes	no	Cystic renal disease (confidence 3) | Intellectual disability (confidence 1) | polycystic kidney disease (Disputed) | spermatogenic failure, X-linked, 3 (Limited)
CFL2	1	2	ClinGen,gene2phenotype	yes	no	CFL2-related nemaline myopathy () | nemaline myopathy 7 (Definitive)
CHAMP1	1	4	ClinGen,PanelApp,gene2phenotype,mitotic_panel	yes	yes	CHAMP1-related neurodevelopmental disorder () | Intellectual disability (confidence 3) | Severe microcephaly (confidence 3) | complex neurodevelopmental disorder (Definitive) | tier 4
CHD2	1	3	ClinGen,PanelApp,gene2phenotype	yes	no	CHD2-related epileptic encephalopathy () | Intellectual disability (confidence 3) | complex neurodevelopmental disorder (Definitive)
CHD3	1	4	ClinGen,PanelApp,gene2phenotype,mitotic_panel	yes	yes	CHD3-related macrocephaly and impaired speech and language () | Intellectual disability (confidence 3) | Snijders Blok-Campeau syndrome (Definitive) | tier 4
CHD4	1	3	ClinGen,PanelApp,gene2phenotype	yes	no	CHD4-related syndromic intellectual disability with or without congenital heart disease () | Intellectual disability (confidence 3) | syndromic intellectual disability (Definitive)
CHD5	1	2	PanelApp,gene2phenotype	yes	no	CHD5-related neurodevelopmental disorder with intellectual disability, speech delay and epilepsy () | Intellectual disability (confidence 3)
CHD7	1	3	ClinGen,PanelApp,gene2phenotype	yes	no	CHARGE syndrome (Definitive) | CHD7-related CHARGE syndrome () | Intellectual disability (confidence 3)
CHD8	1	3	ClinGen,PanelApp,gene2phenotype	yes	no	Beckwith-Wiedemann syndrome (BWS) and other congenital overgrowth disorders (confidence 3) | CHD8-related autism () | Intellectual disability (confidence 3) | complex neurodevelopmental disorder (Definitive)
CHEK2	1	2	ClinGen,mitotic_panel	yes	yes	CHEK2-related cancer predisposition (Definitive) | familial ovarian cancer (Refuted) | hereditary nonpolyposis colon cancer (Limited) | tier 3
CHKA	1	2	PanelApp,gene2phenotype	yes	no	CHKA-related neurodevelopmental disorder () | Intellectual disability (confidence 3) | Severe microcephaly (confidence 3)
CHM	1	3	ClinGen,PanelApp,gene2phenotype	yes	no	CHM-related choroideremia () | Intellectual disability (confidence 1) | choroideremia (Definitive)
CHMP1A	1	3	PanelApp,gene2phenotype,mitotic_panel	yes	yes	CHMP1A-related pontocerebellar hypoplasia and microcephaly () | Intellectual disability (confidence 3) | tier 3
CHMP2B	1	2	ClinGen,mitotic_panel	yes	yes	frontotemporal dementia and/or amyotrophic lateral sclerosis 7 (Definitive) | tier 3
CHRNA1	1	2	ClinGen,gene2phenotype	yes	no	CHRNA1-related multiple pterygium syndrome lethal type () | myasthenic syndrome, congenital, 1B, fast-channel (Definitive)
CHRNA4	1	3	ClinGen,PanelApp,gene2phenotype	yes	no	CHRNA4-related nocturnal frontal lobe epilepsy () | Intellectual disability (confidence 1) | familial sleep-related hypermotor epilepsy (Definitive)
CHRNB1	1	2	ClinGen,gene2phenotype	yes	no	CHRNB1-related congenital myaesthenia () | congenital myasthenic syndrome 2A (Moderate) | congenital myasthenic syndrome 2C (Definitive)
CHRNB2	1	3	ClinGen,PanelApp,gene2phenotype	yes	no	CHRNB2-related nocturnal frontal lobe epilepsy () | Intellectual disability (confidence 1) | familial sleep-related hypermotor epilepsy (Definitive)
CHRNG	1	3	ClinGen,PanelApp,gene2phenotype	yes	no	CHRNG-associated hypo-akinesia disorder of prenatal onset (Definitive) | CHRNG-related multiple pterygium syndrome, Escobar variant () | Intellectual disability (confidence 1)
CHST14	1	3	ClinGen,PanelApp,gene2phenotype	yes	no	CHST14-related Ehlers-Danlos syndrome, musculocontractural type () | Ehlers-Danlos syndrome, musculocontractural type 1 (Definitive) | Intellectual disability (confidence 2)
CHST3	1	3	ClinGen,PanelApp,gene2phenotype	yes	no	CHST3-related spondyloepiphyseal dysplasia with congenital joint dislocations () | Intellectual disability (confidence 1) | spondyloepiphyseal dysplasia with congenital joint dislocations (Definitive)
CHSY1	1	3	ClinGen,PanelApp,gene2phenotype	yes	no	CHSY1-related Temtamy preaxial brachydactyly syndrome () | Intellectual disability (confidence 1) | temtamy preaxial brachydactyly syndrome (Definitive)
CHUK	1	3	ClinGen,PanelApp,gene2phenotype	yes	no	Bartsocas-Papas syndrome 2 (Moderate) | CHUK-related Cocoon syndrome () | Intellectual disability (confidence 1)
CIAO1	1	2	PanelApp,gene2phenotype	yes	no	CIAO1-related neuromuscular disorder with intellectual disability () | Intellectual disability (confidence 3)
CIB2	1	3	ClinGen,PanelApp,gene2phenotype	yes	no	CIB2-related Usher syndrome () | CIB2-related nonsyndromic deafness () | Intellectual disability (confidence 1) | Usher syndrome type 1 (Refuted) | nonsyndromic genetic hearing loss (Definitive)
CIC	1	3	ClinGen,PanelApp,gene2phenotype	yes	no	CIC-related neurodevelopmental disorder () | Intellectual disability (confidence 3) | complex neurodevelopmental disorder (Definitive)
CISD2	1	3	ClinGen,PanelApp,gene2phenotype	yes	no	CISD2-related Wolfram syndrome () | Intellectual disability (confidence 1) | Wolfram syndrome (Definitive)
CIT	1	2	PanelApp,gene2phenotype	yes	no	CIT-related primary microcephaly () | Intellectual disability (confidence 3) | Severe microcephaly (confidence 3)
CKAP2L	1	2	PanelApp,gene2phenotype	yes	no	CKAP2L-related syndactyly, type I, with microcephaly and intellectual developmental disorder (Filippi syndrome) () | Intellectual disability (confidence 3) | Severe microcephaly (confidence 3)
CLCN3	1	2	PanelApp,gene2phenotype	yes	no	CLCN3-related neurodevelopmental disorder with hypotonia and brain abnormalities () | CLCN3-related neurodevelopmental disorder with seizures and brain abnormalities () | Intellectual disability (confidence 3)
CLCN4	1	3	ClinGen,PanelApp,gene2phenotype	yes	no	CLCN4-related infantile epileptic encephalopathy and/or intellectual disability () | Intellectual disability (confidence 3) | X-linked complex neurodevelopmental disorder (Definitive)
CLCN5	1	2	ClinGen,PanelApp	yes	no	Cystic renal disease (confidence 3) | Dent disease type 1 (Definitive) | Intellectual disability (confidence 1) | Nephrocalcinosis or nephrolithiasis (confidence 3)
CLCN6	1	3	ClinGen,PanelApp,gene2phenotype	yes	no	CLCN6-related developmental disorder () | Intellectual disability (confidence 3) | neurodegeneration, childhood-onset, with hypotonia, respiratory insufficiency, and brain imaging abnormalities (Moderate)
CLCN7	1	3	ClinGen,PanelApp,gene2phenotype	yes	no	CLCN7-related osteopetrosis () | Intellectual disability (confidence 1) | autosomal dominant osteopetrosis 2 (Definitive) | autosomal recessive osteopetrosis 4 (Definitive) | hypopigmentation, organomegaly, and delayed myelination and development (Definitive)
CLCNKB	1	2	PanelApp,gene2phenotype	yes	no	CLCNKB-related Bartter syndrome, type 4b () | Intellectual disability (confidence 1) | Nephrocalcinosis or nephrolithiasis (confidence 3)
CLDN11	1	2	ClinGen,PanelApp	yes	no	Intellectual disability (confidence 3) | leukodystrophy, hypomyelinating, 22 (Moderate)
CLDN16	1	2	ClinGen,PanelApp	yes	no	Nephrocalcinosis or nephrolithiasis (confidence 3) | renal hypomagnesemia 3 (Definitive)
CLDN19	1	2	PanelApp,gene2phenotype	yes	no	CLDN19-related hypomagnesemia with ocular involvement () | Intellectual disability (confidence 1) | Nephrocalcinosis or nephrolithiasis (confidence 3)
CLDN5	1	2	PanelApp,gene2phenotype	yes	no	CLDN5-related neurodevelopmental disorder () | Intellectual disability (confidence 3)
CLN3	1	3	ClinGen,PanelApp,gene2phenotype	yes	no	CLN3-related neuronal ceroid lipofuscinosis () | Intellectual disability (confidence 3) | neuronal ceroid lipofuscinosis (Definitive)
CLN5	1	3	ClinGen,PanelApp,gene2phenotype	yes	no	CLN5-related neuronal ceroid lipofuscinosis () | Intellectual disability (confidence 3) | neuronal ceroid lipofuscinosis (Definitive)
CLN6	1	3	ClinGen,PanelApp,gene2phenotype	yes	no	CLN6-related neuronal ceroid lipofuscinosis () | CLN6-related neuronal ceroid lipofuscinosis, Kufs Type, adult onset () | Intellectual disability (confidence 3) | neuronal ceroid lipofuscinosis (Definitive)
CLN8	1	3	ClinGen,PanelApp,gene2phenotype	yes	no	CLN8-related neuronal ceroid lipofuscinosis () | Intellectual disability (confidence 3) | neuronal ceroid lipofuscinosis (Definitive)
CLP1	1	2	PanelApp,gene2phenotype	yes	no	CLP1-related pontocerebellar hypoplasia () | Intellectual disability (confidence 3)
CLPB	1	3	ClinGen,PanelApp,gene2phenotype	yes	no	CLPB-related 3-methylglutaconic aciduria, type VII, with cataracts, neurologic involvement and neutropenia () | Intellectual disability (confidence 3) | Leigh syndrome (Limited)
CLPP	1	3	ClinGen,PanelApp,gene2phenotype	yes	no	CLPP-related Perrault syndrome () | Intellectual disability (confidence 1) | Perrault syndrome 3 (Definitive)
CLTC	1	2	PanelApp,gene2phenotype	yes	no	CLTC-related epilepsy and intellectual disability () | Intellectual disability (confidence 3)
CNKSR2	1	3	ClinGen,PanelApp,gene2phenotype	yes	no	CNKSR2-related intellectual disability with epilepsy () | Intellectual disability (confidence 3) | X-linked complex neurodevelopmental disorder (Definitive)
CNNM2	1	3	ClinGen,PanelApp,gene2phenotype	yes	no	CNNM2-related neurodevelopmental disorder with hypomagnesemia () | Intellectual disability (confidence 3) | hypomagnesemia, seizures, and intellectual disability 1 (Definitive)
CNOT1	1	3	ClinGen,PanelApp,gene2phenotype	yes	no	CNOT1-related holoprosencephaly with or without pancreatic agenesis () | CNOT1-related neurodevelopmental disorder () | Intellectual disability (confidence 3) | complex neurodevelopmental disorder (Definitive) | holoprosencephaly 12 with or without pancreatic agenesis (Limited)
CNOT2	1	2	PanelApp,gene2phenotype	yes	no	CNOT2-related neurodevelopmental disorder with hypotonia () | Intellectual disability (confidence 3)
CNOT3	1	3	ClinGen,PanelApp,gene2phenotype	yes	no	CNOT3-related neurodevelopmental disorder () | Intellectual disability (confidence 3) | complex neurodevelopmental disorder (Definitive)
CNOT9	1	3	ClinGen,PanelApp,gene2phenotype	yes	no	CNOT9-related developmental disorder with seizures () | Intellectual disability (confidence 3) | complex neurodevelopmental disorder (Limited)
CNTNAP1	1	2	PanelApp,gene2phenotype	yes	no	CNTNAP1-related lethal congenital contracture syndrome () | Intellectual disability (confidence 3)
CNTNAP2	1	3	ClinGen,PanelApp,gene2phenotype	yes	no	CNTNAP2-related cortical dysplasia-focal epilepsy syndrome () | Intellectual disability (confidence 3) | complex neurodevelopmental disorder (Definitive) | complex neurodevelopmental disorder (Disputed)
COA8	1	2	ClinGen,gene2phenotype	yes	no	COA8-related mitochondrial complex IV deficiency () | mitochondrial disease (Definitive)
COASY	1	2	PanelApp,gene2phenotype	yes	no	COASY-related neurodegeneration with brain iron accumulation () | Intellectual disability (confidence 3) | Severe microcephaly (confidence 3)
COG1	1	3	ClinGen,PanelApp,gene2phenotype	yes	no	COG1-congenital disorder of glycosylation (Moderate) | COG1-related congenital disorder of glycosylation () | Intellectual disability (confidence 3)
COG4	1	3	ClinGen,PanelApp,gene2phenotype	yes	no	COG4-congenital disorder of glycosylation (Moderate) | COG4-related Saul Wilson syndrome () | COG4-related congenital disorder of glycosylation () | Intellectual disability (confidence 3) | microcephalic osteodysplastic dysplasia, Saul-Wilson type (Definitive)
COG5	1	3	ClinGen,PanelApp,gene2phenotype	yes	no	COG5-congenital disorder of glycosylation (Definitive) | COG5-related congenital disorder of glycosylation () | Intellectual disability (confidence 3)
COG6	1	2	ClinGen,PanelApp	yes	no	COG6-congenital disorder of glycosylation (Definitive) | Intellectual disability (confidence 3)
COG7	1	3	ClinGen,PanelApp,gene2phenotype	yes	no	COG7-congenital disorder of glycosylation (Definitive) | COG7-related congenital disorder of glycosylation () | Intellectual disability (confidence 3)
COG8	1	3	ClinGen,PanelApp,gene2phenotype	yes	no	COG8-congenital disorder of glycosylation (Definitive) | COG8-related congenital disorder of glycosylation () | Intellectual disability (confidence 3)
COL10A1	1	3	ClinGen,PanelApp,gene2phenotype	yes	no	COL10A1-related metaphyseal chondrodysplasia, Schmid type () | Intellectual disability (confidence 1) | Schmid metaphyseal chondrodysplasia (Definitive)
COL11A1	1	3	ClinGen,PanelApp,gene2phenotype	yes	no	COL11A1-related Stickler syndrome () | COL11A1-related fibrochondrogenesis () | Intellectual disability (confidence 1) | autosomal dominant nonsyndromic hearing loss (Moderate)
COL11A2	1	3	ClinGen,PanelApp,gene2phenotype	yes	no	COL11A2-related Stickler syndrome () | COL11A2-related deafness (biallelic) () | COL11A2-related deafness (monoallelic) () | COL11A2-related otospondylomegaepiphyseal dysplasia () | Intellectual disability (confidence 1) | nonsyndromic genetic hearing loss (Definitive)
COL18A1	1	3	ClinGen,PanelApp,gene2phenotype	yes	no	COL18A1-related Knobloch syndrome () | Intellectual disability (confidence 1) | Knobloch syndrome 1 (Definitive)
COL1A1	1	3	ClinGen,PanelApp,gene2phenotype	yes	no	COL1A1-related Caffey disease () | COL1A1-related Ehlers-Danlos syndrome (Definitive) | COL1A1-related osteogenesis imperfecta spectrum () | Caffey disease (Definitive) | Intellectual disability (confidence 1) | osteogenesis imperfecta (Definitive)
COL1A2	1	2	ClinGen,PanelApp	yes	no	COL1A2-related Ehlers-Danlos syndrome (Definitive) | COL1A2-related osteogenesis imperfecta (Definitive) | Ehlers-Danlos syndrome, cardiac valvular type (Definitive) | Intellectual disability (confidence 1) | congenital heart disease (Disputed)
COL2A1	1	3	ClinGen,PanelApp,gene2phenotype	yes	no	COL2A1-related Kniest dysplasia () | COL2A1-related Stickler syndrome, non-syndromic ocular () | COL2A1-related achondrogenesis () | COL2A1-related spondyloepimetaphyseal dysplasia, Strudwick type () | COL2A1-related spondyloepiphyseal dysplasia (Definitive) | COL2A1-related spondyloepiphyseal dysplasia congenita ()
COL4A1	1	3	ClinGen,PanelApp,gene2phenotype	yes	no	COL4A1-related disorder (Definitive) | COL4A1-related porencephaly and brain small vessel disease with or without ocular anomalies () | Cystic renal disease (confidence 3) | Intellectual disability (confidence 3)
COL4A2	1	2	PanelApp,gene2phenotype	yes	no	COL4A2-related porencephaly () | Intellectual disability (confidence 3)
COL4A3	1	3	ClinGen,PanelApp,gene2phenotype	yes	no	Alport syndrome (Definitive) | COL4A3-related Alport syndrome (biallelic) () | COL4A3-related Alport syndrome (monoallelic) () | Cystic renal disease (confidence 2) | Intellectual disability (confidence 1)
COL4A4	1	3	ClinGen,PanelApp,gene2phenotype	yes	no	Alport syndrome (Definitive) | COL4A4-related Alport syndrome () | Cystic renal disease (confidence 2) | Intellectual disability (confidence 1)
COL4A5	1	2	ClinGen,PanelApp	yes	no	Alport syndrome (Definitive) | Cystic renal disease (confidence 1)
COL6A1	1	3	ClinGen,PanelApp,gene2phenotype	yes	no	COL6A1-related myopathy () | Intellectual disability (confidence 1) | collagen 6-related myopathy (Definitive)
COL6A2	1	2	ClinGen,gene2phenotype	yes	no	COL6A2-related muscular dystrophy () | collagen 6-related myopathy (Definitive)
COL6A3	1	3	ClinGen,PanelApp,gene2phenotype	yes	no	COL6A3-related Ullrich congenital muscular dystrophy () | Intellectual disability (confidence 1) | collagen 6-related myopathy (Definitive) | dystonia 27 (Limited)
COL9A1	1	3	ClinGen,PanelApp,gene2phenotype	yes	no	COL9A1-related Stickler syndrome () | COL9A1-related multiple epiphyseal dysplasia () | Intellectual disability (confidence 1) | Stickler syndrome, type 4 (Definitive)
COL9A3	1	3	ClinGen,PanelApp,gene2phenotype	yes	no	COL9A3-related Stickler syndrome () | COL9A3-related multiple epiphyseal dysplasia () | Intellectual disability (confidence 1) | Stickler syndrome (Definitive)
COLEC11	1	2	PanelApp,gene2phenotype	yes	no	COLEC11-related 3MC syndrome () | Intellectual disability (confidence 3)
COMP	1	3	ClinGen,PanelApp,gene2phenotype	yes	no	COMP-related pseudoachondroplasia and multiple epiphyseal dysplasia spectrum () | COMP-related skeletal dysplasia (Definitive) | Intellectual disability (confidence 1)
COPB2	1	2	PanelApp,gene2phenotype	yes	no	COPB2-related developmental delay and microcephaly () | COPB2-related developmental delay and osteopenia () | Intellectual disability (confidence 3) | Severe microcephaly (confidence 1)
COQ2	1	3	ClinGen,PanelApp,gene2phenotype	yes	no	COQ2-related coenzyme Q10 deficiency () | Intellectual disability (confidence 1) | mitochondrial disease (Definitive)
COQ4	1	3	ClinGen,PanelApp,gene2phenotype	yes	no	COQ4-related coenzyme Q10 deficiency, primary () | Intellectual disability (confidence 3) | mitochondrial disease (Definitive)
COQ5	1	3	ClinGen,PanelApp,gene2phenotype	yes	no	COQ5-related intellectual developmental disorder () | Intellectual disability (confidence 2) | mitochondrial disease (Moderate)
COQ8A	1	2	PanelApp,gene2phenotype	yes	no	COQ8A-related coenzyme Q10 deficiency () | Intellectual disability (confidence 3)
COQ9	1	3	ClinGen,PanelApp,gene2phenotype	yes	no	COQ9-related coenzyme Q10 deficiency () | Intellectual disability (confidence 2) | Leigh syndrome (Limited) | mitochondrial disease (Definitive)
COX10	1	3	ClinGen,PanelApp,gene2phenotype	yes	no	COX10-related Leigh syndrome () | Intellectual disability (confidence 3) | Leigh syndrome (Moderate) | mitochondrial disease (Definitive)
COX11	1	2	ClinGen,PanelApp	yes	no	Intellectual disability (confidence 3) | mitochondrial disease (Limited)
COX15	1	3	ClinGen,PanelApp,gene2phenotype	yes	no	COX15-related Leigh syndrome () | Intellectual disability (confidence 3) | Leigh syndrome (Limited) | mitochondrial disease (Definitive)
COX16	1	2	ClinGen,gene2phenotype	yes	no	COX16-related developmental disorder () | mitochondrial disease (Moderate)
COX6B1	1	3	ClinGen,PanelApp,gene2phenotype	yes	no	COX6B1-related mitochondrial complex IV deficiency () | Intellectual disability (confidence 1) | mitochondrial disease (Definitive)
CP	1	2	ClinGen,PanelApp	yes	no	Intellectual disability (confidence 1) | aceruloplasminemia (Definitive)
CPAMD8	1	2	ClinGen,gene2phenotype	yes	no	CPAMD8-related anterior segment dysgenesis () | anterior segment dysgenesis 8 (Definitive)
CPAP	1	2	ClinGen,PanelApp	yes	no	Intellectual disability (confidence 3) | Severe microcephaly (confidence 3) | microcephaly 6 with or without short stature (Definitive)
CPLANE1	1	2	ClinGen,gene2phenotype	yes	no	CPLANE1-related Joubert syndrome () | Joubert syndrome 17 (Definitive)
CPS1	1	3	ClinGen,PanelApp,gene2phenotype	yes	no	CPS1-related carbamoyl phosphate synthetase 1 deficiency () | Intellectual disability (confidence 3) | carbamoyl phosphate synthetase I deficiency disease (Definitive)
CRADD	1	3	ClinGen,PanelApp,gene2phenotype	yes	no	CRADD-related neurodevelopmental disorder with frontotemporal pachygyria () | Intellectual disability (confidence 3) | syndromic intellectual disability (Definitive)
CRB1	1	3	ClinGen,PanelApp,gene2phenotype	yes	no	CRB1-related Leber congenital amaurosis () | Intellectual disability (confidence 1) | inherited retinal dystrophy (Definitive)
CRB2	1	3	ClinGen,PanelApp,gene2phenotype	yes	no	CRB2-related ventriculomegaly with cystic kidney disease () | Cystic renal disease (confidence 3) | Intellectual disability (confidence 3) | focal segmental glomerulosclerosis 9 (Definitive)
CRBN	1	3	ClinGen,PanelApp,gene2phenotype	yes	no	CRBN-related intellectual developmental disorder () | Intellectual disability (confidence 2) | intellectual disability (Moderate)
CREBBP	1	3	ClinGen,PanelApp,gene2phenotype	yes	no	CREBBP-related Rubinstein-Taybi syndrome () | CREBBP-related intellectual disability without typical RTS features (Menke-Hennekam syndrome) () | Familial rhabdomyosarcoma (confidence 1) | Intellectual disability (confidence 3) | Rubinstein-Taybi syndrome (Definitive) | Severe microcephaly (confidence 3)
CRELD1	1	3	ClinGen,PanelApp,gene2phenotype	yes	no	CRELD1-related atrioventricular septal defect susceptibility () | CRELD1-related neurodevelopmental disorder with hypotonia and seizures () | Intellectual disability (confidence 3) | congenital heart disease (Limited)
CRLS1	1	2	ClinGen,gene2phenotype	yes	no	CRLS1-related mitochondrial disorder () | mitochondrial disease (Moderate)
CRPPA	1	2	ClinGen,gene2phenotype	yes	no	CRPPA-related Walker-Warburg syndrome () | myopathy caused by variation in CRPPA (Definitive)
CRX	1	3	ClinGen,PanelApp,gene2phenotype	yes	no	CRX-related Leber congenital amaurosis () | Intellectual disability (confidence 1) | cone-rod dystrophy 2 (Definitive)
CSDE1	1	3	ClinGen,PanelApp,gene2phenotype	yes	no	CSDE1-related intellectual disability and autism () | Intellectual disability (confidence 3) | complex neurodevelopmental disorder (Definitive)
CSF1R	1	3	ClinGen,PanelApp,gene2phenotype	yes	no	CSF1R-related brain abnormalities, neurodegeneration, and dysosteosclerosis () | Intellectual disability (confidence 1) | brain abnormalities, neurodegeneration, and dysosteosclerosis (Definitive) | leukoencephalopathy, diffuse hereditary, with spheroids 1 (Definitive)
CSF2RA	1	2	ClinGen,PanelApp	yes	no	Intellectual disability (confidence 1) | surfactant metabolism dysfunction, pulmonary, 4 (Definitive)
CSNK1G1	1	2	PanelApp,gene2phenotype	yes	no	CSNK1G1-related early infantile epileptic encephalopathy and microcephaly () | Intellectual disability (confidence 3)
CSNK2A1	1	4	ClinGen,PanelApp,gene2phenotype,mitotic_panel	yes	yes	CSNK2A1-related neurodevelopmental disorder (Okur-Chung syndrome) () | Intellectual disability (confidence 3) | Severe microcephaly (confidence 3) | syndromic intellectual disability (Definitive) | tier 3
CSNK2B	1	3	ClinGen,PanelApp,gene2phenotype	yes	no	CSNK2B-related Poirier-Bienvenu neurodevelopmental syndrome () | Intellectual disability (confidence 3) | Poirier-Bienvenu neurodevelopmental syndrome (Definitive)
CSPP1	1	3	ClinGen,PanelApp,gene2phenotype	yes	no	CSPP1-related Joubert syndrome with or without Jeune asphyxiating thoracic dystrophy () | Cystic renal disease (confidence 3) | Intellectual disability (confidence 3) | Joubert syndrome 21 (Definitive)
CSTB	1	3	ClinGen,PanelApp,gene2phenotype	yes	no	CSTB-related Unverricht-Lundborg disease () | Intellectual disability (confidence 3) | Unverricht-Lundborg syndrome (Definitive) | genetic developmental and epileptic encephalopathy (Moderate)
CTBP1	1	2	PanelApp,gene2phenotype	yes	no	CTBP1-related hypotonia, ataxia, developmental delay, and tooth enamel defect syndrome () | Intellectual disability (confidence 3)
CTC1	1	3	ClinGen,PanelApp,gene2phenotype	yes	no	CTC1-related cerebroretinal microangiopathy with calcifications and cysts () | Childhood solid tumours (confidence 2) | Intellectual disability (confidence 2) | cerebroretinal microangiopathy with calcifications and cysts 1 (Definitive)
CTCF	1	4	ClinGen,PanelApp,gene2phenotype,mitotic_panel	yes	yes	CTCF-related intellectual disability () | Intellectual disability (confidence 3) | Severe microcephaly (confidence 3) | syndromic intellectual disability (Definitive) | tier 4
CTDP1	1	2	PanelApp,gene2phenotype	yes	no	CTDP1-related congenital cataracts, dysmorphism and neuropathy () | Intellectual disability (confidence 3)
CTNNA2	1	2	PanelApp,gene2phenotype	yes	no	CTNNA2-related disordered cortical neuronal migration () | Intellectual disability (confidence 3)
CTNNB1	1	4	ClinGen,PanelApp,gene2phenotype,mitotic_panel	yes	yes	CTNNB1-related intellectual developmental disorder () | CTNNB1-related neurodevelopmental disorder and/or vitreoretinopathy (Definitive) | Intellectual disability (confidence 3) | Severe microcephaly (confidence 3) | tier 3
CTNND1	1	3	ClinGen,PanelApp,gene2phenotype	yes	no	CTNND1-related blepharo-cheiro-dontic syndrome () | Intellectual disability (confidence 3) | blepharocheilodontic syndrome 2 (Definitive)
CTNS	1	3	ClinGen,PanelApp,gene2phenotype	yes	no	CTNS-related nephropathic cystinosis () | Intellectual disability (confidence 1) | cystinosis (Definitive)
CTR9	1	3	ClinGen,PanelApp,gene2phenotype	yes	no	CTR9-related neurodevelopmental disorder () | CTR9-related neurodevelopmental disorder (Moderate) | Childhood solid tumours (confidence 3) | Intellectual disability (confidence 3)
CTSA	1	3	ClinGen,PanelApp,gene2phenotype	yes	no	CTSA-related galactosialidosis () | Intellectual disability (confidence 3) | galactosialidosis (Definitive)
CTSD	1	3	ClinGen,PanelApp,gene2phenotype	yes	no	CTSD-related neuronal ceroid lipofuscinosis () | Intellectual disability (confidence 3) | neuronal ceroid lipofuscinosis (Definitive)
CTSF	1	2	ClinGen,PanelApp	yes	no	Intellectual disability (confidence 1) | Severe microcephaly (confidence 0) | adult neuronal ceroid lipofuscinosis (Definitive)
CTSK	1	3	ClinGen,PanelApp,gene2phenotype	yes	no	CTSK-related pycnodysostosis () | Intellectual disability (confidence 1) | pycnodysostosis (Definitive)
CTU2	1	2	PanelApp,gene2phenotype	yes	no	CTU2-related microcephaly, facial dysmorphism, renal agenesis, and ambiguous genitalia syndrome () | Intellectual disability (confidence 3) | Severe microcephaly (confidence 3)
CUL3	1	4	ClinGen,PanelApp,gene2phenotype,mitotic_panel	yes	yes	CUL3-related developmental disorder () | Intellectual disability (confidence 3) | complex neurodevelopmental disorder (Definitive) | pseudohypoaldosteronism type 2E (Definitive) | tier 4
CUL4B	1	3	ClinGen,PanelApp,gene2phenotype	yes	no	CUL4B-related syndromic intellectual developmental disorder, Cabezas type () | Intellectual disability (confidence 3) | X-linked intellectual disability, Cabezas type (Definitive)
CUX1	1	2	PanelApp,gene2phenotype	yes	no	CUX1-related neurodevelopmental disorder () | Intellectual disability (confidence 3)
CUX2	1	3	ClinGen,PanelApp,gene2phenotype	yes	no	CUX2-related developmental epileptic encephalopathy () | Intellectual disability (confidence 3) | genetic developmental and epileptic encephalopathy (Moderate)
CWC27	1	3	ClinGen,PanelApp,gene2phenotype	yes	no	CWC27-related retinitis pigmentosa, short stature, skeletal anomalies and intellectual disability with or without ectodermal features () | Intellectual disability (confidence 3) | metaphyseal chondrodysplasia-retinitis pigmentosa syndrome (Definitive)
CWF19L1	1	3	ClinGen,PanelApp,gene2phenotype	yes	no	CWF19L1-related developmental delay with epilepsy, progressive ataxia and cerebellar atrophy () | Intellectual disability (confidence 3) | autosomal recessive cerebellar ataxia (Definitive)
CYB5R3	1	3	ClinGen,PanelApp,gene2phenotype	yes	no	CYB5R3-related methemoglobinemia due to deficiency of methemoglobin reductase () | Intellectual disability (confidence 3) | methemoglobinemia due to deficiency of methemoglobin reductase (Definitive)
CYC1	1	3	ClinGen,PanelApp,gene2phenotype	yes	no	CYC1-related mitochondrial complex III deficiency, nuclear () | Intellectual disability (confidence 3) | mitochondrial disease (Moderate)
CYFIP2	1	3	ClinGen,PanelApp,gene2phenotype	yes	no	CYFIP2-related epileptic encephalopathy, early infantile () | Intellectual disability (confidence 3) | complex neurodevelopmental disorder (Definitive)
CYP1B1	1	3	ClinGen,PanelApp,gene2phenotype	yes	no	CYP1B1-related glaucoma with or without anterior segment dysgenesis (Definitive) | CYP1B1-related primary congenital glaucoma, type 3A () | Intellectual disability (confidence 1)
CYP24A1	1	2	PanelApp,gene2phenotype	yes	no	CYP24A1-related infantile hypercalcemia () | Cystic renal disease (confidence 3) | Nephrocalcinosis or nephrolithiasis (confidence 3)
CYP27A1	1	3	ClinGen,PanelApp,gene2phenotype	yes	no	CYP27A1-related cerebrotendinous xanthomatosis () | Intellectual disability (confidence 2) | cerebrotendinous xanthomatosis (Definitive)
CYP2U1	1	3	ClinGen,PanelApp,gene2phenotype	yes	no	CYP2U1-related spastic paraplegia () | Intellectual disability (confidence 2) | hereditary spastic paraplegia (Definitive)
CYP7B1	1	2	ClinGen,PanelApp	yes	no	CYP7B1-related disorder of oxysterol accumulation (Definitive) | Intellectual disability (confidence 1)
D2HGDH	1	3	ClinGen,PanelApp,gene2phenotype	yes	no	D2HGDH-related D-2-hydroxyglutaric aciduria () | Intellectual disability (confidence 3) | mitochondrial disease (Definitive)
DAG1	1	3	ClinGen,PanelApp,gene2phenotype	yes	no	DAG1-related muscular dystrophy-dystroglycanopathy limb-girdle () | Intellectual disability (confidence 3) | neuromuscular disease caused by qualitative or quantitative defects of alpha-dystroglycan (Definitive)
DARS2	1	3	ClinGen,PanelApp,gene2phenotype	yes	no	DARS2-related leukoencephalopathy with brainstem and spinal cord involvement and lactate elevation () | Intellectual disability (confidence 3) | mitochondrial disease (Definitive)
DAW1	1	2	ClinGen,gene2phenotype	yes	no	DAW1-related ciliopathy () | primary ciliary dyskinesia (Limited) | visceral heterotaxy (Moderate)
DBT	1	3	ClinGen,PanelApp,gene2phenotype	yes	no	DBT-related maple syrup urine disease () | Intellectual disability (confidence 3) | maple syrup urine disease (Definitive)
DCAF17	1	3	ClinGen,PanelApp,gene2phenotype	yes	no	DCAF17-related Woodhouse-Sakati syndrome () | Intellectual disability (confidence 3) | Woodhouse-Sakati syndrome (Definitive)
DCC	1	3	ClinGen,PanelApp,gene2phenotype	yes	no	DCC-related midline-bridging neuronal commissure disruption, horizontal gaze palsy, scoliosis, and intellectual disability () | Intellectual disability (confidence 2) | mirror movements 1 and/or agenesis of the corpus callosum (Definitive)
DCDC2	1	3	ClinGen,PanelApp,gene2phenotype	yes	no	Cystic renal disease (confidence 2) | DCDC2-related renal-hepatic ciliopathy () | ciliopathy (Definitive) | nonsyndromic genetic hearing loss (Limited)
DCHS1	1	3	ClinGen,PanelApp,gene2phenotype	yes	no	DCHS1-related periventricular neuronal heterotopia () | Intellectual disability (confidence 3) | congenital heart disease (Disputed) | van Maldergem syndrome (Moderate)
DCTN1	1	3	ClinGen,PanelApp,mitotic_panel	yes	yes	Intellectual disability (confidence 1) | amyotrophic lateral sclerosis (Moderate) | tier 3
DCX	1	3	ClinGen,PanelApp,gene2phenotype	yes	no	DCX-related lissencephaly () | DCX-related subcortical band heterotopia () | Intellectual disability (confidence 3) | lissencephaly spectrum disorders (Definitive)
DDB1	1	3	PanelApp,gene2phenotype,mitotic_panel	yes	yes	DDB1-related neurodevelopmental syndrome () | Intellectual disability (confidence 3) | tier 3
DDB2	1	3	ClinGen,PanelApp,gene2phenotype	yes	no	Childhood solid tumours (confidence 3) | Childhood solid tumours cancer susceptibility (confidence 3) | DDB2-related xeroderma pigmentosum, group E, ddb-negative subtype () | Intellectual disability (confidence 1) | xeroderma pigmentosum group E (Definitive)
DDC	1	3	ClinGen,PanelApp,gene2phenotype	yes	no	DDC-related aromatic L-amino acid decarboxylase deficiency () | Intellectual disability (confidence 3) | aromatic L-amino acid decarboxylase deficiency (Definitive)
DDHD1	1	3	ClinGen,PanelApp,gene2phenotype	yes	no	DDHD1-related spastic paraplegia () | Intellectual disability (confidence 1) | hereditary spastic paraplegia (Definitive)
DDHD2	1	2	PanelApp,gene2phenotype	yes	no	DDHD2-related complex hereditary spastic paraplegia () | Intellectual disability (confidence 3)
DDOST	1	3	ClinGen,PanelApp,gene2phenotype	yes	no	DDOST-congenital disorder of glycosylation (Moderate) | DDOST-related congenital disorder of glycosylation () | Intellectual disability (confidence 2)
DDR2	1	3	ClinGen,PanelApp,gene2phenotype	yes	no	DDR2-related spondyloepimetaphyseal dysplasia short limb-hand type () | Intellectual disability (confidence 1) | spondyloepimetaphyseal dysplasia-short limb-abnormal calcification syndrome (Definitive) | warburg-cinotti syndrome (Moderate)
DDX11	1	4	ClinGen,PanelApp,gene2phenotype,mitotic_panel	yes	yes	DDX11-related Warsaw breakage syndrome () | Intellectual disability (confidence 3) | Severe microcephaly (confidence 3) | Warsaw breakage syndrome (Definitive) | tier 4
DDX17	1	2	PanelApp,gene2phenotype	yes	no	DDX17-related neurodevelopmental disorder () | Intellectual disability (confidence 3)
DDX23	1	3	ClinGen,PanelApp,gene2phenotype	yes	no	DDX23-related developmental disorder () | Intellectual disability (confidence 3) | complex neurodevelopmental disorder (Moderate)
DDX3X	1	3	ClinGen,PanelApp,gene2phenotype	yes	no	DDX3X-related intellectual developmental disorder () | DDX3X-related intellectual disability () | Intellectual disability (confidence 3) | X-linked syndromic intellectual disability (Definitive)
DDX59	1	3	ClinGen,PanelApp,gene2phenotype	yes	no	Cystic renal disease (confidence 3) | DDX59-related orofaciodigital syndrome () | Intellectual disability (confidence 3) | ciliopathy (Limited)
DDX6	1	2	PanelApp,gene2phenotype	yes	no	DDX6-related intellectual disability () | Intellectual disability (confidence 3)
DEAF1	1	2	PanelApp,gene2phenotype	yes	no	DEAF1-related autism, intellectual disability, basal ganglia dysfunction and epilepsy () | DEAF1-related intellectual developmental disorder () | Intellectual disability (confidence 3)
DEGS1	1	3	ClinGen,PanelApp,gene2phenotype	yes	no	DEGS1-related leukodystrophy, hypomyelinating () | Intellectual disability (confidence 3) | leukodystrophy, hypomyelinating, 18 (Definitive)
DENND5B	1	3	ClinGen,PanelApp,gene2phenotype	yes	no	DENND5B-related neurodevelopmental disorder with cortical migration and white matter abnormalities () | Intellectual disability (confidence 3) | complex neurodevelopmental disorder (Limited)
DEPDC5	1	3	ClinGen,PanelApp,gene2phenotype	yes	no	DEPDC5-related familial focal epilepsy with variable foci () | Intellectual disability (confidence 3) | focal epilepsy (Definitive)
DHCR24	1	3	ClinGen,PanelApp,gene2phenotype	yes	no	DHCR24-related desmosterolosis () | Intellectual disability (confidence 3) | desmosterolosis (Definitive)
DHCR7	1	3	ClinGen,PanelApp,gene2phenotype	yes	no	Cystic renal disease (confidence 3) | DHCR7-related Smith-Lemli-Opitz syndrome () | Intellectual disability (confidence 3) | Severe microcephaly (confidence 3) | Smith-Lemli-Opitz syndrome (Definitive)
DHDDS	1	3	ClinGen,PanelApp,gene2phenotype	yes	no	DHDDS-CDG (Definitive) | DHDDS-related epilepsy and intellectual disability () | Intellectual disability (confidence 3)
DHFR	1	2	PanelApp,gene2phenotype	yes	no	DHFR-related megaloblastic anemia due to dihydrofolate reductase deficiency () | Intellectual disability (confidence 3)
DHODH	1	3	ClinGen,PanelApp,gene2phenotype	yes	no	DHODH-related postaxial acrofacial dysostosis () | Intellectual disability (confidence 1) | postaxial acrofacial dysostosis (Definitive)
DHPS	1	2	PanelApp,gene2phenotype	yes	no	DHPS-related neurodevelopmental disorder of hypusination () | Intellectual disability (confidence 3)
DHTKD1	1	3	ClinGen,PanelApp,gene2phenotype	yes	no	2-aminoadipic 2-oxoadipic aciduria (Definitive) | DHTKD1-related 2-aminoadipic and 2-oxoadipic aciduria () | Intellectual disability (confidence 3)
DHX30	1	3	ClinGen,PanelApp,gene2phenotype	yes	no	DHX30-related neurodevelopmental disorder () | Intellectual disability (confidence 3) | neurodevelopmental disorder with severe motor impairment and absent language (Definitive)
DHX37	1	2	PanelApp,gene2phenotype	yes	no	DHX37-related intellectual disability and central nervous system anomalies () | Intellectual disability (confidence 3)
DHX9	1	2	PanelApp,gene2phenotype	yes	no	DHX9-related neurodevelopmental disorder and Charcot-Marie-Tooth disease () | Intellectual disability (confidence 3)
DIAPH1	1	2	ClinGen,PanelApp	yes	no	DIAPH1-related sensorineural hearing loss-thrombocytopenia syndrome (Definitive) | Intellectual disability (confidence 3) | Severe microcephaly (confidence 3) | progressive microcephaly-seizures-cortical blindness-developmental delay syndrome (Definitive)
DICER1	1	2	ClinGen,PanelApp	yes	no	Childhood solid tumours (confidence 3) | Childhood solid tumours cancer susceptibility (confidence 3) | DICER1-related cancer predisposition (confidence 3) | DICER1-related tumor predisposition (Definitive) | Familial rhabdomyosarcoma (confidence 1)
DIS3L2	1	3	ClinGen,PanelApp,gene2phenotype	yes	no	Beckwith-Wiedemann syndrome (BWS) and other congenital overgrowth disorders (confidence 3) | Childhood solid tumours (confidence 3) | Childhood solid tumours cancer susceptibility (confidence 3) | DIS3L2-related Perlman syndrome () | Intellectual disability (confidence 3) | Perlman syndrome (Definitive)
DKC1	1	3	ClinGen,PanelApp,gene2phenotype	yes	no	Childhood solid tumours (confidence 2) | DKC1-related disorder (Definitive) | DKC1-related dyskeratosis congenita () | Intellectual disability (confidence 3) | dyskeratosis congenita, X-linked (Definitive)
DLAT	1	3	ClinGen,PanelApp,gene2phenotype	yes	no	DLAT-related pyruvate dehydrogenase E2 deficiency () | Intellectual disability (confidence 2) | Leigh syndrome (Moderate)
DLD	1	3	ClinGen,PanelApp,gene2phenotype	yes	no	DLD-related dihydrolipoamide dehydrogenase E3 deficiency () | Intellectual disability (confidence 3) | Leigh syndrome (Definitive) | pyruvate dehydrogenase E3 deficiency (Definitive)
DLG3	1	3	ClinGen,PanelApp,gene2phenotype	yes	no	DLG3-related intellectual developmental disorder () | Intellectual disability (confidence 3) | non-syndromic X-linked intellectual disability (Definitive)
DLG4	1	3	ClinGen,PanelApp,gene2phenotype	yes	no	DLG4-related intellectual disability () | Intellectual disability (confidence 3) | complex neurodevelopmental disorder (Definitive)
DLG5	1	2	PanelApp,gene2phenotype	yes	no	Cystic renal disease (confidence 3) | DLG5-related developmental disorder ()
DLL1	1	3	ClinGen,PanelApp,gene2phenotype	yes	no	DLL1-related neurodevelopmental disorder with nonspecific brain abnormalities, with or without seizures () | Intellectual disability (confidence 3) | neurodevelopmental disorder with nonspecific brain abnormalities and with or without seizures (Definitive)
DMD	1	3	ClinGen,PanelApp,gene2phenotype	yes	no	DMD-related Duchenne muscular dystrophy () | Intellectual disability (confidence 3) | progressive muscular dystrophy (Definitive)
DMXL2	1	2	ClinGen,PanelApp	yes	no	Intellectual disability (confidence 3) | nonsyndromic genetic hearing loss (Limited)
DNA2	1	3	ClinGen,PanelApp,gene2phenotype	yes	no	DNA2-related microcephalic primordial dwarfism with or without poikiloderma and cataracts () | Intellectual disability (confidence 1) | Severe microcephaly (confidence 3) | mitochondrial disease (Moderate)
DNAAF11	1	2	ClinGen,gene2phenotype	yes	no	DNAAF11-related primary ciliary dyskinesia () | primary ciliary dyskinesia 19 (Definitive)
DNAAF19	1	2	ClinGen,gene2phenotype	yes	no	DNAAF19-related primary ciliary dyskinesia () | primary ciliary dyskinesia 17 (Definitive)
DNAAF3	1	3	ClinGen,PanelApp,gene2phenotype	yes	no	DNAAF3-related primary ciliary dyskinesia () | Intellectual disability (confidence 1) | primary ciliary dyskinesia 2 (Definitive)
DNAAF4	1	3	ClinGen,PanelApp,gene2phenotype	yes	no	DNAAF4-related primary ciliary dysplasia () | Intellectual disability (confidence 1) | primary ciliary dyskinesia 25 (Definitive)
DNAAF5	1	2	ClinGen,gene2phenotype	yes	no	DNAAF5-related primary ciliary dyskinesia () | primary ciliary dyskinesia 18 (Definitive)
DNAAF6	1	2	ClinGen,gene2phenotype	yes	no	DNAAF6-related primary ciliary dyskinesia with outer and inner dynein arm defects () | ciliary dyskinesia, primary, 36, X-linked (Definitive)
DNAH5	1	2	ClinGen,gene2phenotype	yes	no	DNAH5-related primary ciliary dyskinesia () | primary ciliary dyskinesia 3 (Definitive)
DNAH9	1	2	ClinGen,gene2phenotype	yes	no	DNAH9-related motile cilia defects and situs inversus () | ciliary dyskinesia, primary, 40 (Definitive)
DNAJB11	1	2	ClinGen,PanelApp	yes	no	Cystic renal disease (confidence 3) | autosomal dominant polycystic kidney disease (Definitive) | ciliopathy (Limited)
DNAJB13	1	2	ClinGen,gene2phenotype	yes	no	DNAJB13-related primary ciliary dyskinesia and male infertility () | primary ciliary dyskinesia 34 (Moderate)
DNAJC12	1	3	ClinGen,PanelApp,gene2phenotype	yes	no	DNAJC12-related hyperphenylalaninemia, dystonia, and intellectual disability () | Intellectual disability (confidence 3) | hyperphenylalaninemia due to DNAJC12 deficiency (Definitive)
DNAJC19	1	2	ClinGen,PanelApp	yes	no	3-methylglutaconic aciduria type 5 (Definitive) | Intellectual disability (confidence 3)
DNM1	1	3	ClinGen,PanelApp,gene2phenotype	yes	no	DNM1-related microcephaly, developmental and epileptic encephalopathy (biallelic) () | DNM1-related microcephaly, developmental and epileptic encephalopathy (monoallelic) () | Intellectual disability (confidence 3) | genetic developmental and epileptic encephalopathy (Definitive) | genetic developmental and epileptic encephalopathy (Moderate)
DNM1L	1	3	ClinGen,PanelApp,gene2phenotype	yes	no	DNM1L-related developmental disorder () | Intellectual disability (confidence 3) | Leigh syndrome (Limited) | encephalopathy due to mitochondrial and peroxisomal fission defect (Definitive)
DNM2	1	2	ClinGen,PanelApp	yes	no	Charcot-Marie-Tooth disease (Definitive) | Intellectual disability (confidence 1) | autosomal dominant centronuclear myopathy (Definitive)
DNMT1	1	2	ClinGen,PanelApp	yes	no	Intellectual disability (confidence 1) | autosomal dominant cerebellar ataxia, deafness and narcolepsy (Definitive)
DNMT3A	1	3	ClinGen,PanelApp,gene2phenotype	yes	no	Beckwith-Wiedemann syndrome (BWS) and other congenital overgrowth disorders (confidence 3) | DNMT3A-related Tatton-Brown Rahman syndrome (overgrowth syndrome with intellectual disability) () | DNMT3A-related microcephalic primordial dwarfism () | Heyn-Sproul-Jackson syndrome (Limited) | Intellectual disability (confidence 3) | Severe microcephaly (confidence 3)
DNMT3B	1	3	ClinGen,PanelApp,gene2phenotype	yes	no	DNMT3B-related immunodeficiency-centromeric instability-facial anomalies syndrome () | Intellectual disability (confidence 3) | immunodeficiency-centromeric instability-facial anomalies syndrome 1 (Definitive)
DOCK11	1	2	ClinGen,PanelApp	yes	no	Intellectual disability (confidence 1) | autoinflammatory disease, multisystem, with immune dysregulation, X-linked (Strong)
DOCK2	1	2	ClinGen,gene2phenotype	yes	no	DOCK2 deficiency (Definitive) | DOCK2-related severe combined immunodeficiency ()
DOCK3	1	2	PanelApp,gene2phenotype	yes	no	DOCK3-related neurodevelopmental disorder with impaired intellectual development, hypotonia, and ataxia () | Intellectual disability (confidence 3)
DOCK4	1	2	PanelApp,gene2phenotype	yes	no	DOCK4-related neurodevelopmental disorder () | Intellectual disability (confidence 3)
DOCK6	1	3	ClinGen,PanelApp,gene2phenotype	yes	no	Adams-Oliver syndrome (Definitive) | DOCK6-related Adams-Oliver syndrome () | Intellectual disability (confidence 3)
DOCK7	1	3	ClinGen,PanelApp,gene2phenotype	yes	no	DOCK7-related epileptic encephalopathy, early infantile () | Intellectual disability (confidence 3) | genetic developmental and epileptic encephalopathy (Definitive)
DOCK8	1	3	ClinGen,PanelApp,gene2phenotype	yes	no	DOCK8-related hyper-IgE syndrome with recurrent infections () | Intellectual disability (confidence 2) | combined immunodeficiency due to DOCK8 deficiency (Definitive)
DOHH	1	2	PanelApp,gene2phenotype	yes	no	DOHH-related neurodevelopmental disorder () | Intellectual disability (confidence 3) | Severe microcephaly (confidence 3)
DOLK	1	3	ClinGen,PanelApp,gene2phenotype	yes	no	DK1-congenital disorder of glycosylation (Definitive) | DOLK-related congenital disorder of glycosylation () | Intellectual disability (confidence 3)
DPAGT1	1	3	ClinGen,PanelApp,gene2phenotype	yes	no	DPAGT1-congenital disorder of glycosylation (Definitive) | DPAGT1-related congenital disorder of glycosylation () | DPAGT1-related myasthenic syndrome, congenital, with tubular aggregates () | Intellectual disability (confidence 3)
DPF2	1	4	ClinGen,PanelApp,gene2phenotype,mitotic_panel	yes	yes	Coffin-Siris syndrome (Definitive) | DPF2-related Coffin-Siris like disorder () | Intellectual disability (confidence 3) | tier 4
DPH1	1	2	ClinGen,PanelApp	yes	no	Intellectual disability (confidence 3) | developmental delay with short stature, dysmorphic facial features, and sparse hair (Definitive)
DPH5	1	3	ClinGen,PanelApp,gene2phenotype	yes	no	DPH5-related neurodevelopmental disorder () | Intellectual disability (confidence 3) | neurodevelopmental disorder with short stature, prominent forehead, and feeding difficulties (Limited)
DPM1	1	3	ClinGen,PanelApp,gene2phenotype	yes	no	DPM1-related congenital disorder of glycosylation () | Intellectual disability (confidence 3) | Severe microcephaly (confidence 3) | congenital disorder of glycosylation type 1E (Definitive)
DPM2	1	2	ClinGen,PanelApp	yes	no	Intellectual disability (confidence 3) | congenital muscular dystrophy with intellectual disability and severe epilepsy (Moderate)
DPM3	1	3	ClinGen,PanelApp,gene2phenotype	yes	no	DPM3-congenital disorder of glycosylation (Moderate) | DPM3-related congenital disorder of glycosylation () | Intellectual disability (confidence 2)
DPYSL5	1	2	PanelApp,gene2phenotype	yes	no	DPYSL5-related developmental disorder () | Intellectual disability (confidence 3)
DRC1	1	2	ClinGen,gene2phenotype	yes	no	DRC1-related primary ciliary dyskinesia () | primary ciliary dyskinesia 21 (Definitive)
DRC2	1	2	ClinGen,gene2phenotype	yes	no	DRC2-related primary ciliary dyskinesia () | primary ciliary dyskinesia 27 (Definitive)
DRC4	1	2	ClinGen,gene2phenotype	yes	no	DRC4-related primary ciliary dyskinesia () | primary ciliary dyskinesia 33 (Definitive)
DSE	1	2	ClinGen,gene2phenotype	yes	no	DSE-related musculocontractural Ehlers-Danlos syndrome () | Ehlers-Danlos syndrome, musculocontractural type 2 (Definitive)
DSP	1	2	ClinGen,gene2phenotype	yes	no	DSP-related developmental disorder () | arrhythmogenic cardiomyopathy with wooly hair and keratoderma (Definitive) | hypertrophic cardiomyopathy (Disputed)
DSPP	1	3	ClinGen,PanelApp,gene2phenotype	yes	no	DSPP-related deafness with dentinogenesis imperfecta () | DSPP-related dentinogenesis imperfecta, Shields type () | Intellectual disability (confidence 1) | dentinogenesis imperfecta (Definitive)
DST	1	2	ClinGen,PanelApp	yes	no	Intellectual disability (confidence 1) | hereditary sensory and autonomic neuropathy type 6 (Definitive)
DSTYK	1	3	ClinGen,PanelApp,gene2phenotype	yes	no	DSTYK-related complicated spastic paraparesis () | DSTYK-related congenital anomalies of kidney and urinary tract, CAKUT () | Intellectual disability (confidence 1) | complex hereditary spastic paraplegia (Moderate)
DYM	1	2	PanelApp,gene2phenotype	yes	no	DYM-related Dyggve-Melchior-Clausen syndrome/Smith-McCort dysplasia () | Intellectual disability (confidence 3)
DYNC1H1	1	4	ClinGen,PanelApp,gene2phenotype,mitotic_panel	yes	yes	DYNC1H1-related severe intellectual disability with neuronal migration disorder () | DYNC1H1-related spinal muscular atrophy, lower extremity-predominant () | Intellectual disability (confidence 3) | distal hereditary motor neuropathy (Definitive) | tier 3
DYNC1I2	1	3	PanelApp,gene2phenotype,mitotic_panel	yes	yes	DYNC1I2-related neurodevelopmental disorder with microcephaly and structural brain anomalies () | Intellectual disability (confidence 2) | Severe microcephaly (confidence 3) | tier 3
DYNC2H1	1	3	ClinGen,PanelApp,gene2phenotype	yes	no	Cystic renal disease (confidence 3) | DYNC2H1-related short-rib thoracic dysplasia with or without polydactyly () | Intellectual disability (confidence 1) | asphyxiating thoracic dystrophy 3 (Definitive)
DYNC2I1	1	2	ClinGen,gene2phenotype	yes	no	DYNC2I1-related short-rib polydactyly () | short-rib thoracic dysplasia 8 with or without polydactyly (Definitive)
DYNC2I2	1	2	ClinGen,gene2phenotype	yes	no	DYNC2I2-related severe asphyxiating thoracic dysplasia () | short-rib thoracic dysplasia 11 with or without polydactyly (Definitive)
DYRK1A	1	3	ClinGen,PanelApp,gene2phenotype	yes	no	DYRK1A-related intellectual developmental disorder () | Intellectual disability (confidence 3) | Severe microcephaly (confidence 3) | complex neurodevelopmental disorder (Definitive)
DZIP1L	1	2	ClinGen,PanelApp	yes	no	Cystic renal disease (confidence 3) | autosomal recessive polycystic kidney disease (Definitive)
EARS2	1	2	ClinGen,PanelApp	yes	no	Intellectual disability (confidence 3) | Leigh syndrome (Definitive) | mitochondrial disease (Definitive)
EBF3	1	3	ClinGen,PanelApp,gene2phenotype	yes	no	EBF3-related intellectual disability, ataxia, and facial dysmorphism () | Intellectual disability (confidence 3) | hypotonia, ataxia, and delayed development syndrome (Definitive)
EBP	1	3	ClinGen,PanelApp,gene2phenotype	yes	no	EBP-related chondrodysplasia punctata () | Intellectual disability (confidence 3) | MEND syndrome (Definitive)
ECHS1	1	2	ClinGen,gene2phenotype	yes	no	ECHS1-related mitochondrial short-chain enoyl-CoA hydratase 1 deficiency () | Leigh syndrome (Definitive) | mitochondrial short-chain Enoyl-Coa hydratase 1 deficiency (Definitive)
EDAR	1	2	ClinGen,gene2phenotype	yes	no	EDAR-related hypohidrotic ectodermal dysplasia (biallelic) () | EDAR-related hypohidrotic ectodermal dysplasia (monoallelic) () | ectodermal dysplasia 10B, hypohidrotic/hair/tooth type, autosomal recessive (Definitive)
EDEM3	1	3	ClinGen,PanelApp,gene2phenotype	yes	no	EDEM3-related congenital disorder of glycosylation () | Intellectual disability (confidence 3) | congenital disorder of glycosylation, type 2v (Strong)
EDNRB	1	3	ClinGen,PanelApp,gene2phenotype	yes	no	EDNRB-related Waardenburg syndrome with Hirschsprung () | Intellectual disability (confidence 1) | Waardenburg syndrome type 4A (Limited) | Waardenburg syndrome type 4A (Moderate)
EED	1	3	ClinGen,PanelApp,gene2phenotype	yes	no	Beckwith-Wiedemann syndrome (BWS) and other congenital overgrowth disorders (confidence 3) | Cohen-Gibson syndrome (Moderate) | EED-related Weaver-like overgrowth syndrome () | Intellectual disability (confidence 3)
EEF1A2	1	3	ClinGen,PanelApp,gene2phenotype	yes	no	EEF1A2-related infantile epileptic encephalopathy () | Intellectual disability (confidence 3) | complex neurodevelopmental disorder (Definitive)
EFEMP2	1	2	ClinGen,gene2phenotype	yes	no	EFEMP2-related cutis laxa () | cutis laxa, autosomal recessive, type 1B (Definitive)
EFL1	1	2	ClinGen,gene2phenotype	yes	no	EFL1-related Shwachman-Diamond syndrome () | Shwachman-Diamond syndrome 2 (Definitive)
EFNB1	1	3	ClinGen,PanelApp,gene2phenotype	yes	no	EFNB1-related craniofrontonasal syndrome () | Intellectual disability (confidence 2) | craniofrontonasal syndrome (Definitive)
EFTUD2	1	3	ClinGen,PanelApp,gene2phenotype	yes	no	EFTUD2-related mandibulofacial dysostosis with microcephaly () | Intellectual disability (confidence 3) | Severe microcephaly (confidence 3) | mandibulofacial dysostosis-microcephaly syndrome (Definitive)
EGR2	1	3	ClinGen,PanelApp,gene2phenotype	yes	no	Charcot-Marie-Tooth disease (Definitive) | EGR2-related neuropathy, congenital hypomyelinating () | Intellectual disability (confidence 1)
EHMT1	1	3	ClinGen,PanelApp,gene2phenotype	yes	no	EHMT1-related Kleefstra syndrome () | Intellectual disability (confidence 3) | Kleefstra syndrome (Definitive)
EIF2AK2	1	2	PanelApp,gene2phenotype	yes	no	EIF2AK2-related developmental delay, leukoencephalopathy, and neurologic decompensation () | Intellectual disability (confidence 3)
EIF2AK3	1	2	PanelApp,gene2phenotype	yes	no	EIF2AK3-related Wolcott-Rallison syndrome () | Intellectual disability (confidence 3)
EIF2B4	1	2	ClinGen,gene2phenotype	yes	no	EIF2B4-related leukoencephalopathy with vanishing white matter () | leukoencephalopathy with vanishing white matter 4 (Definitive)
EIF2B5	1	2	ClinGen,gene2phenotype	yes	no	EIF2B5-related leukoencephalopathy with vanishing white matter () | leukoencephalopathy with vanishing white matter 5 (Definitive)
EIF2S3	1	3	ClinGen,PanelApp,gene2phenotype	yes	no	EIF2S3-related syndromic intellectual disability with severe microcephaly () | Intellectual disability (confidence 3) | MEHMO syndrome (Definitive) | Severe microcephaly (confidence 3)
EIF3F	1	3	ClinGen,PanelApp,gene2phenotype	yes	no	EIF3F-related developmental disorder () | Intellectual disability (confidence 3) | syndromic intellectual disability (Definitive)
EIF4A2	1	2	PanelApp,gene2phenotype	yes	no	EIF4A2-related neurodevelopmental disorder () | EIF4A2-related neurodevelopmental disorder with hypotonia and epilepsy () | Intellectual disability (confidence 3)
EIF4A3	1	2	PanelApp,gene2phenotype	yes	no	EIF4A3-related Richieri-Costa-Pereira syndrome () | Intellectual disability (confidence 3)
EIF5A	1	2	PanelApp,gene2phenotype	yes	no	EIF5A-related craniofacial-neurodevelopmental disorder () | Intellectual disability (confidence 3) | Severe microcephaly (confidence 3)
ELAC2	1	3	ClinGen,PanelApp,gene2phenotype	yes	no	ELAC2-related infantile hypertrophic cardiomyopathy, lactic acidosis, and isolated complex I deficiency () | Intellectual disability (confidence 3) | mitochondrial disease (Definitive)
ELFN1	1	2	PanelApp,gene2phenotype	yes	no	ELFN1-related intellectual disability and epilepsy () | Intellectual disability (confidence 3)
ELN	1	3	ClinGen,PanelApp,gene2phenotype	yes	no	ELN-related cutis laxa () | Intellectual disability (confidence 1) | cutis laxa, autosomal dominant 1 (Definitive)
ELOVL4	1	3	ClinGen,PanelApp,gene2phenotype	yes	no	ELOVL4-related ichthyosis, spastic quadriplegia, and intellectual developmental disorder () | ELOVL4-related maculopathy (Definitive) | Intellectual disability (confidence 3)
ELP1	1	2	ClinGen,PanelApp	yes	no	Childhood solid tumours (confidence 3) | Childhood solid tumours cancer susceptibility (confidence 3) | Riley-Day syndrome (Moderate)
ELP2	1	3	ClinGen,PanelApp,gene2phenotype	yes	no	ELP2-related neurodevelopmental disorder with spastic paraplegia and brain abnormalities () | Intellectual disability (confidence 3) | complex neurodevelopmental disorder with motor features (Definitive)
EMC1	1	3	ClinGen,PanelApp,gene2phenotype	yes	no	EMC1-related global developmental delay, hypotonia, scoliosis, and cerebellar atrophy () | Intellectual disability (confidence 3) | complex neurodevelopmental disorder with motor features (Moderate)
EMC10	1	2	PanelApp,gene2phenotype	yes	no	EMC10-related neurodevelopmental disorder () | Intellectual disability (confidence 3)
EMG1	1	3	ClinGen,PanelApp,gene2phenotype	yes	no	Bowen-Conradi syndrome (Strong) | EMG1-related Bowen-Conradi syndrome () | Intellectual disability (confidence 2)
EML1	1	2	ClinGen,PanelApp	yes	no	Intellectual disability (confidence 3) | band heterotopia of brain (Definitive)
ENPP1	1	3	ClinGen,PanelApp,gene2phenotype	yes	no	ENPP1-related generalised arterial calcification of infancy and hypophosphataemic rickets () | Intellectual disability (confidence 1) | arterial calcification, generalized, of infancy, 1 (Definitive) | hypopigmentation-punctate palmoplantar keratoderma syndrome (Limited)
ENTPD1	1	3	ClinGen,PanelApp,gene2phenotype	yes	no	ENTPD1-related neurodevelopmental disorder with intellectual disability, hypomyelination, and spastic paraplegia () | Intellectual disability (confidence 3) | complex hereditary spastic paraplegia (Definitive)
EOGT	1	3	ClinGen,PanelApp,gene2phenotype	yes	no	Adams-Oliver syndrome 4 (Definitive) | EOGT-related Adams-Oliver syndrome () | Intellectual disability (confidence 1)
EP300	1	3	ClinGen,PanelApp,gene2phenotype	yes	no	EP300-related Rubinstein-Taybi syndrome () | Intellectual disability (confidence 3) | Rubinstein-Taybi syndrome due to EP300 haploinsufficiency (Definitive)
EPB41L3	1	2	PanelApp,gene2phenotype	yes	no	EPB41L3-related developmental disorder with delayed myelination and seizures () | Intellectual disability (confidence 3)
EPCAM	1	2	ClinGen,gene2phenotype	yes	no	EPCAM-related diarrhea with tufting enteropathy, congenital () | Lynch syndrome (Definitive) | hereditary breast carcinoma (Refuted)
EPG5	1	3	ClinGen,PanelApp,gene2phenotype	yes	no	EPG5-related immunodeficiency, cardiomyopathy, cataract, hypopigmentation, and absent corpus callosum () | Intellectual disability (confidence 3) | Vici syndrome (Definitive)
EPHB4	1	2	ClinGen,gene2phenotype	yes	no	EPHB4-associated vascular malformation spectrum (Definitive) | EPHB4-related capillary malformation-arteriovenous malformation ()
EPM2A	1	2	ClinGen,PanelApp	yes	no	Intellectual disability (confidence 1) | Lafora disease (Definitive)
ERBB4	1	2	ClinGen,PanelApp	yes	no	Intellectual disability (confidence 3) | amyotrophic lateral sclerosis type 19 (Limited)
ERCC1	1	2	PanelApp,gene2phenotype	yes	no	Childhood solid tumours (confidence 2) | Childhood solid tumours cancer susceptibility (confidence 3) | ERCC1-related cerebrooculofacioskeletal syndrome () | Intellectual disability (confidence 3)
ERCC2	1	3	ClinGen,PanelApp,gene2phenotype	yes	no	Childhood solid tumours (confidence 3) | Childhood solid tumours cancer susceptibility (confidence 3) | ERCC2-related cerebrooculofacioskeletal syndrome () | Intellectual disability (confidence 3) | xeroderma pigmentosum group D (Definitive)
ERCC3	1	3	ClinGen,PanelApp,gene2phenotype	yes	no	Childhood solid tumours (confidence 3) | Childhood solid tumours cancer susceptibility (confidence 3) | ERCC3-related xeroderma pigmentosum, group B () | Intellectual disability (confidence 3) | xeroderma pigmentosum group B (Definitive)
ERCC4	1	3	ClinGen,PanelApp,gene2phenotype	yes	no	Childhood solid tumours (confidence 3) | Childhood solid tumours cancer susceptibility (confidence 3) | ERCC4-related Fanconi anemia () | Fanconi anaemia or Bloom syndrome (confidence 3) | Intellectual disability (confidence 1) | Severe microcephaly (confidence 3)
ERCC5	1	3	ClinGen,PanelApp,gene2phenotype	yes	no	Childhood solid tumours (confidence 3) | Childhood solid tumours cancer susceptibility (confidence 3) | ERCC5-related xeroderma pigmentosum, group G () | Intellectual disability (confidence 3) | Severe microcephaly (confidence 2) | xeroderma pigmentosum group G (Definitive)
ERCC6	1	3	ClinGen,PanelApp,gene2phenotype	yes	no	Cockayne spectrum with or without cerebrooculofacioskeletal syndrome (Definitive) | ERCC6-related Cockayne syndrome () | Intellectual disability (confidence 3) | Severe microcephaly (confidence 3)
ERCC6L2	1	2	PanelApp,gene2phenotype	yes	no	ERCC6L2-related bone marrow failure syndrome () | Intellectual disability (confidence 3)
ERCC8	1	3	ClinGen,PanelApp,gene2phenotype	yes	no	Cockayne syndrome type 1 (Definitive) | ERCC8-related Cockayne syndrome () | Intellectual disability (confidence 3) | Severe microcephaly (confidence 3)
ERF	1	3	ClinGen,PanelApp,gene2phenotype	yes	no	ERF-related Chitayat syndrome: hyperphalangism, characteristic facies, hallux valgus and bronchomalacia () | ERF-related complex craniosynostosis () | Intellectual disability (confidence 1) | craniosynostosis 4 (Definitive)
ERI1	1	2	PanelApp,gene2phenotype	yes	no	ERI1-related brachydactyly and mild neurodevelopmental delay () | ERI1-related severe growth restriction and skeletal dysplasia () | Intellectual disability (confidence 3)
ERLIN2	1	3	ClinGen,PanelApp,gene2phenotype	yes	no	ERLIN2-related complex hereditary spastic paraplegia (HSP) () | Intellectual disability (confidence 3) | hereditary spastic paraplegia 18 (Definitive) | hereditary spastic paraplegia 18 (Limited)
ESAM	1	2	PanelApp,gene2phenotype	yes	no	ESAM-related neurodevelopmental disorder with intracranial hemorrhage, seizures, and spasticity () | Intellectual disability (confidence 3)
ESCO2	1	4	ClinGen,PanelApp,gene2phenotype,mitotic_panel	yes	yes	ESCO2-related Roberts syndrome () | Intellectual disability (confidence 3) | Roberts-SC phocomelia syndrome (Definitive) | tier 4
ETFA	1	3	ClinGen,PanelApp,gene2phenotype	yes	no	ETFA-related glutaric aciduria () | Intellectual disability (confidence 3) | multiple acyl-CoA dehydrogenase deficiency (Definitive)
ETFB	1	3	ClinGen,PanelApp,gene2phenotype	yes	no	ETFB-related glutaric aciduria () | Intellectual disability (confidence 3) | multiple acyl-CoA dehydrogenase deficiency (Definitive)
ETFDH	1	3	ClinGen,PanelApp,gene2phenotype	yes	no	ETFDH-related glutaric aciduria () | Intellectual disability (confidence 3) | multiple acyl-CoA dehydrogenase deficiency (Definitive)
ETHE1	1	3	ClinGen,PanelApp,gene2phenotype	yes	no	ETHE1-related ethylmalonic encephalopathy () | Intellectual disability (confidence 3) | Leigh syndrome (Definitive)
EVC	1	3	ClinGen,PanelApp,gene2phenotype	yes	no	EVC-related acrofacial dysostosis, Weyers type () | Ellis-van Creveld syndrome (Definitive) | Intellectual disability (confidence 1)
EVC2	1	3	ClinGen,PanelApp,gene2phenotype	yes	no	EVC2-related acrofacial dysostosis, Weyers type () | Ellis-van Creveld syndrome (Definitive) | Intellectual disability (confidence 1) | acrofacial dysostosis, Weyers type (Definitive)
EXOC7	1	2	ClinGen,PanelApp	yes	no	Intellectual disability (confidence 2) | Severe microcephaly (confidence 2) | complex neurodevelopmental disorder (Moderate)
EXOSC3	1	2	PanelApp,gene2phenotype	yes	no	EXOSC3-related pontocerebellar hypoplasia () | Intellectual disability (confidence 3)
EXOSC8	1	2	PanelApp,gene2phenotype	yes	no	EXOSC8-related pontocerebellar hypoplasia () | Intellectual disability (confidence 3)
EXT1	1	3	ClinGen,PanelApp,gene2phenotype	yes	no	EXT1-related multiple exostoses () | Intellectual disability (confidence 1) | exostoses, multiple, type 1 (Definitive)
EXT2	1	3	ClinGen,PanelApp,gene2phenotype	yes	no	EXT2-related multiple exostoses () | Intellectual disability (confidence 3) | exostoses, multiple, type 2 (Definitive)
EXTL3	1	3	ClinGen,PanelApp,gene2phenotype	yes	no	EXTL3-related neuro immuno skeletal dysplasia syndrome () | Intellectual disability (confidence 3) | immunoskeletal dysplasia with neurodevelopmental abnormalities (Moderate)
EYA1	1	3	ClinGen,PanelApp,gene2phenotype	yes	no	EYA1-related branchiootorenal syndrome () | Intellectual disability (confidence 1) | branchio-oto-renal syndrome (Definitive)
EZH1	1	2	PanelApp,gene2phenotype	yes	no	EZH1-related neurodevelopmental disorder () | Intellectual disability (confidence 3)
EZH2	1	3	ClinGen,PanelApp,gene2phenotype	yes	no	Beckwith-Wiedemann syndrome (BWS) and other congenital overgrowth disorders (confidence 3) | Childhood solid tumours (confidence 3) | Childhood solid tumours cancer susceptibility (confidence 2) | EZH2-related Weaver syndrome () | Intellectual disability (confidence 3) | Weaver syndrome (Definitive)
F5	1	2	ClinGen,PanelApp	yes	no	Intellectual disability (confidence 1) | congenital factor V deficiency (Definitive) | thrombophilia due to activated protein C resistance (Definitive)
FA2H	1	2	ClinGen,PanelApp	yes	no	Intellectual disability (confidence 1) | hereditary spastic paraplegia 35 (Definitive)
FAH	1	3	ClinGen,PanelApp,gene2phenotype	yes	no	FAH-related tyrosinemia () | Intellectual disability (confidence 1) | tyrosinemia type I (Definitive)
FAM111A	1	3	ClinGen,PanelApp,gene2phenotype	yes	no	FAM111A-related Kenny-Caffey syndrome () | FAM111A-related skeletal dysplasia (Definitive) | Intellectual disability (confidence 1)
FAM111B	1	2	ClinGen,PanelApp	yes	no	Intellectual disability (confidence 1) | hereditary sclerosing poikiloderma with tendon and pulmonary involvement (Moderate)
FAM149B1	1	2	ClinGen,gene2phenotype	yes	no	FAM149B1-related ciliopathy-related syndromic intellectual disability () | Joubert syndrome 36 (Moderate)
FAM177A1	1	2	PanelApp,gene2phenotype	yes	no	FAM177A1-related neurodevelopmental disorder with macrocephaly () | Intellectual disability (confidence 3)
FAM20A	1	2	PanelApp,gene2phenotype	yes	no	FAM20A-related amelogenesis imperfecta and gingival fibromatosis syndrome () | Intellectual disability (confidence 1) | Nephrocalcinosis or nephrolithiasis (confidence 3)
FAM20C	1	3	ClinGen,PanelApp,gene2phenotype	yes	no	FAM20C-related Raine syndrome () | Intellectual disability (confidence 3) | lethal osteosclerotic bone dysplasia (Definitive)
FANCA	1	3	ClinGen,PanelApp,gene2phenotype	yes	no	Childhood solid tumours (confidence 3) | Childhood solid tumours cancer susceptibility (confidence 3) | FANCA-related Fanconi anemia () | Fanconi anaemia or Bloom syndrome (confidence 3) | Fanconi anemia complementation group A (Definitive) | Intellectual disability (confidence 2)
FANCB	1	3	ClinGen,PanelApp,gene2phenotype	yes	no	Childhood solid tumours (confidence 3) | Childhood solid tumours cancer susceptibility (confidence 2) | FANCB-related Fanconi anemia () | Fanconi anaemia or Bloom syndrome (confidence 3) | Fanconi anemia complementation group B (Definitive) | Intellectual disability (confidence 1)
FANCC	1	3	ClinGen,PanelApp,gene2phenotype	yes	no	Childhood solid tumours (confidence 3) | Childhood solid tumours cancer susceptibility (confidence 3) | FANCC-related Fanconi anemia () | Fanconi anaemia or Bloom syndrome (confidence 3) | Fanconi anemia complementation group C (Definitive) | Intellectual disability (confidence 2)
FANCD2	1	3	ClinGen,PanelApp,gene2phenotype	yes	no	Childhood solid tumours (confidence 3) | Childhood solid tumours cancer susceptibility (confidence 3) | FANCD2-related Fanconi anemia () | Fanconi anaemia or Bloom syndrome (confidence 3) | Fanconi anemia complementation group D2 (Definitive) | Intellectual disability (confidence 2)
FANCE	1	3	ClinGen,PanelApp,gene2phenotype	yes	no	Childhood solid tumours (confidence 3) | Childhood solid tumours cancer susceptibility (confidence 3) | FANCE-related Fanconi anemia () | Fanconi anaemia or Bloom syndrome (confidence 3) | Fanconi anemia complementation group E (Definitive) | Intellectual disability (confidence 2)
FANCF	1	3	ClinGen,PanelApp,gene2phenotype	yes	no	Childhood solid tumours (confidence 3) | Childhood solid tumours cancer susceptibility (confidence 3) | FANCF-related Fanconi anemia () | Fanconi anaemia or Bloom syndrome (confidence 3) | Fanconi anemia complementation group F (Definitive) | Intellectual disability (confidence 2)
FANCG	1	3	ClinGen,PanelApp,gene2phenotype	yes	no	Childhood solid tumours (confidence 3) | Childhood solid tumours cancer susceptibility (confidence 3) | FANCG-related Fanconi anemia () | Fanconi anaemia or Bloom syndrome (confidence 3) | Fanconi anemia complementation group G (Definitive) | Intellectual disability (confidence 2)
FANCI	1	3	ClinGen,PanelApp,gene2phenotype	yes	no	Childhood solid tumours (confidence 3) | Childhood solid tumours cancer susceptibility (confidence 3) | FANCI-related Fanconi anemia () | Fanconi anaemia or Bloom syndrome (confidence 3) | Fanconi anemia complementation group I (Definitive) | Intellectual disability (confidence 2)
FANCL	1	3	ClinGen,PanelApp,gene2phenotype	yes	no	Childhood solid tumours (confidence 3) | Childhood solid tumours cancer susceptibility (confidence 3) | FANCL-related Fanconi anemia () | Fanconi anaemia or Bloom syndrome (confidence 3) | Fanconi anemia complementation group L (Definitive) | Severe microcephaly (confidence 3)
FANCM	1	3	ClinGen,PanelApp,gene2phenotype	yes	no	Childhood solid tumours (confidence 1) | Childhood solid tumours cancer susceptibility (confidence 2) | FANCM Fanconi-like genomic instability disorder (Definitive) | FANCM-related Fanconi anemia () | Fanconi anaemia or Bloom syndrome (confidence 1) | Fanconi anemia (Refuted)
FAR1	1	3	ClinGen,PanelApp,gene2phenotype	yes	no	FAR1-related severe intellectual disability, epilepsy, and cataracts () | Intellectual disability (confidence 3) | fatty acyl-CoA reductase 1 deficiency (Moderate) | fatty acyl-CoA reductase 1 upregulation (Moderate)
FARS2	1	3	ClinGen,PanelApp,gene2phenotype	yes	no	FARS2-related neurometabolic disorder () | Intellectual disability (confidence 3) | Leigh syndrome (Moderate) | mitochondrial disease (Definitive)
FAT4	1	3	ClinGen,PanelApp,gene2phenotype	yes	no	FAT4-related Hennekam lymphangiectasia-lymphedema syndrome () | FAT4-related Van Maldergem syndrome () | FAT4-related neurodevelopmental disorder (Definitive) | Intellectual disability (confidence 3)
FBLN5	1	2	ClinGen,PanelApp	yes	no	Intellectual disability (confidence 1) | demyelinating hereditary motor and sensory neuropathy (Moderate)
FBN1	1	3	ClinGen,PanelApp,gene2phenotype	yes	no	FBN1-related Marfan syndrome (biallelic) () | FBN1-related Marfan syndrome (monoallelic) () | FBN1-related Weill-Marchesani syndrome () | Intellectual disability (confidence 1) | Shprintzen-Goldberg syndrome (Disputed) | familial thoracic aortic aneurysm and aortic dissection (Definitive)
FBN2	1	3	ClinGen,PanelApp,gene2phenotype	yes	no	FBN2-related congenital contractural arachnodactyly () | Intellectual disability (confidence 1) | congenital contractural arachnodactyly (Definitive)
FBP1	1	3	ClinGen,PanelApp,gene2phenotype	yes	no	FBP1-related fructose-1,6-bisphosphatase deficiency () | Intellectual disability (confidence 1) | fructose-1,6-bisphosphatase deficiency (Definitive)
FBXL4	1	3	ClinGen,PanelApp,gene2phenotype	yes	no	FBXL4-related fatal encephalopathy, lactic acidosis, and severe mitochondrial DNA depletion in muscle () | Intellectual disability (confidence 3) | Leigh syndrome (Definitive) | mitochondrial disease (Definitive)
FBXO11	1	2	PanelApp,gene2phenotype	yes	no	FBXO11-related variable neurodevelopmental disorder () | Intellectual disability (confidence 3)
FBXO28	1	3	PanelApp,gene2phenotype,mitotic_panel	yes	yes	FBXO28-related developmental and epileptic encephalopathy with profound intellectual disability () | Intellectual disability (confidence 3) | tier 4
FBXW11	1	2	PanelApp,gene2phenotype	yes	no	FBXW11-related syndromic intellectual disability () | Intellectual disability (confidence 3)
FBXW7	1	3	PanelApp,gene2phenotype,mitotic_panel	yes	yes	Childhood solid tumours (confidence 2) | FBXW7-related developmental disorder () | Intellectual disability (confidence 3) | tier 4
FDXR	1	3	ClinGen,PanelApp,gene2phenotype	yes	no	FDXR-related optic atrophy mitochondrial dysfunction syndrome (Definitive) | FDXR-related optic atrophy-ataxia-peripheral neuropathy-global developmental delay syndrome () | Intellectual disability (confidence 1)
FEM1B	1	2	PanelApp,gene2phenotype	yes	no	FEM1B-related neurodevelopmental disorder with or without brain abnormalities () | Intellectual disability (confidence 3)
FGD1	1	3	ClinGen,PanelApp,gene2phenotype	yes	no	Aarskog-Scott syndrome, X-linked (Definitive) | FGD1-related Aarskog-Scott syndrome () | Intellectual disability (confidence 3)
FGD4	1	2	ClinGen,PanelApp	yes	no	Charcot-Marie-Tooth disease (Definitive) | Intellectual disability (confidence 1)
FGF12	1	3	ClinGen,PanelApp,gene2phenotype	yes	no	Brugada syndrome (Disputed) | FGF12-related epileptic encephalopathy () | Intellectual disability (confidence 3) | genetic developmental and epileptic encephalopathy (Definitive)
FGF3	1	3	ClinGen,PanelApp,gene2phenotype	yes	no	FGF3-related deafness with labyrinthine aplasia, microtia and microdontia () | Intellectual disability (confidence 1) | deafness with labyrinthine aplasia, microtia, and microdontia (Definitive)
FGF9	1	2	ClinGen,gene2phenotype	yes	no	FGF9-related multiple synostoses syndrome () | multiple synostoses syndrome (Definitive)
FGFR1	1	3	ClinGen,PanelApp,gene2phenotype	yes	no	FGFR1-related Hartsfield syndrome () | FGFR1-related Pfeiffer syndrome () | FGFR1-related encephalocraniocutaneous lipomatosis () | FGFR1-related hypogonadotropic hypogonadism with or without anosmia () | FGFR1-related osteoglophonic dysplasia () | Hartsfield-Bixler-Demyer syndrome (Moderate)
FGFR2	1	3	ClinGen,PanelApp,gene2phenotype	yes	no	Apert syndrome (Definitive) | Beare-Stevenson cutis gyrata syndrome (Definitive) | Crouzon syndrome (Definitive) | FGFR2-related Antley-Bixler syndrome () | FGFR2-related Apert Syndrome () | FGFR2-related Beare-Stevenson cutis gyrata syndrome ()
FGFR3	1	3	ClinGen,PanelApp,gene2phenotype	yes	no	Crouzon syndrome-acanthosis nigricans syndrome (Definitive) | FGFR3-related Crouzon syndrome with acanthosis nigricans () | FGFR3-related Muenke syndrome () | FGFR3-related achondroplasia () | FGFR3-related camptodactyly tall stature and hearing loss syndrome () | FGFR3-related hypochondroplasia ()
FH	1	3	ClinGen,PanelApp,gene2phenotype	yes	no	FH-related fumarase deficiency () | Intellectual disability (confidence 3) | hereditary leiomyomatosis and renal cell cancer (Definitive)
FIBP	1	2	PanelApp,gene2phenotype	yes	no	FIBP-related overgrowth syndrome with developmental delay (Thauvin-Robinet-Faivre syndrome) () | Intellectual disability (confidence 3)
FIG4	1	3	ClinGen,PanelApp,gene2phenotype	yes	no	Charcot-Marie-Tooth disease (Definitive) | FIG4-related cleidocranial dysplasia with micrognathia, absent thumbs, and distal aphalangia (Yunis-Varon syndrome) () | Intellectual disability (confidence 3) | amyotrophic lateral sclerosis type 11 (Limited)
FILIP1	1	2	PanelApp,gene2phenotype	yes	no	FILIP1-related arthrogryposis multiplex congenita with microcephaly () | Intellectual disability (confidence 3) | Severe microcephaly (confidence 2)
FKRP	1	3	ClinGen,PanelApp,gene2phenotype	yes	no	FKRP-related congenital alpha-dystroglycanopathy with brain and eye anomalies () | Intellectual disability (confidence 3) | myopathy caused by variation in FKRP (Definitive)
FKTN	1	3	ClinGen,PanelApp,gene2phenotype	yes	no	FKTN-related muscular dystrophy-dystroglycanopathy limb-girdle () | Intellectual disability (confidence 3) | myopathy caused by variation in FKTN (Definitive)
FLAD1	1	3	ClinGen,PanelApp,gene2phenotype	yes	no	FLAD1-related riboflavin-responsive and non-responsive multiple acyl-CoA dehydrogenase and combined respiratory-chain deficiency () | Intellectual disability (confidence 1) | myopathy with abnormal lipid metabolism (Definitive)
FLCN	1	2	ClinGen,PanelApp	yes	no	Cystic renal disease (confidence 3) | obsolete Birt-Hogg-Dube syndrome (Definitive)
FLNA	1	3	ClinGen,PanelApp,gene2phenotype	yes	no	FLNA-related Melnick-Needles syndrome () | FLNA-related congenital idiopathic intestinal pseudoobstruction () | FLNA-related epileptic encephalopathy () | FLNA-related frontometaphyseal dysplasia () | FLNA-related otopalatodigital syndrome () | FLNA-related periventricular nodular heterotopia ()
FLNB	1	3	ClinGen,PanelApp,gene2phenotype	yes	no	FLNB-associated autosomal dominant filamin related bone disorder (Definitive) | FLNB-related Larsen syndrome () | FLNB-related atelosteogenesis, type 1 () | FLNB-related atelosteogenesis, type 3 () | FLNB-related spondylocarpotarsal synostosis syndrome () | Intellectual disability (confidence 1)
FLT4	1	3	ClinGen,PanelApp,gene2phenotype	yes	no	FLT4-related Milroy disease () | FLT4-related congenital heart disease () | Intellectual disability (confidence 1) | congenital heart defects, multiple types, 7 (Definitive) | lymphatic malformation 1 (Definitive)
FLVCR1	1	3	ClinGen,PanelApp,gene2phenotype	yes	no	FLVCR1-related ataxia, posterior column, with retinitis pigmentosa () | FLVCR1-related retinopathy with or without ataxia (Definitive) | Intellectual disability (confidence 3) | Severe microcephaly (confidence 3)
FLVCR2	1	3	ClinGen,PanelApp,gene2phenotype	yes	no	FLVCR2-related proliferative vasculopathy and hydraencephaly-hydrocephaly syndrome () | Fowler syndrome (Definitive) | Intellectual disability (confidence 3)
FMN2	1	2	PanelApp,gene2phenotype	yes	no	FMN2-related nonsyndromic intellectual disability () | Intellectual disability (confidence 3)
FMR1	1	3	ClinGen,PanelApp,gene2phenotype	yes	no	FMR1-related fragile X syndrome () | FMR1-related fragile X tremor/ataxia syndrome () | FMR1-related premature ovarian failure syndrome () | Intellectual disability (confidence 3) | fragile X syndrome (Definitive)
FN1	1	2	ClinGen,gene2phenotype	yes	no	FN1-related spondylometaphyseal dysplasia with corner fractures () | glomerulopathy with fibronectin deposits 2 (Moderate) | spondylometaphyseal dysplasia, 'corner fracture' type (Definitive)
FOLR1	1	3	ClinGen,PanelApp,gene2phenotype	yes	no	FOLR1-related neurodegeneration due to cerebral folate transport deficiency () | Intellectual disability (confidence 3) | neurodegenerative syndrome due to cerebral folate transport deficiency (Definitive)
FOSL2	1	2	PanelApp,gene2phenotype	yes	no	FOSL2-related neurodevelopmental disorder with scalp and enamel defects () | Intellectual disability (confidence 3)
FOXC1	1	3	ClinGen,PanelApp,gene2phenotype	yes	no	FOXC1-related Axenfeld-Rieger syndrome () | FOXC1-related anterior segment dysgenesis (Definitive) | Intellectual disability (confidence 1)
FOXC2	1	3	ClinGen,PanelApp,gene2phenotype	yes	no	FOXC2-related lymphedema-distichiasis syndrome () | Intellectual disability (confidence 1) | lymphedema-distichiasis syndrome (Definitive)
FOXE1	1	3	ClinGen,PanelApp,gene2phenotype	yes	no	Bamforth-Lazarus syndrome (Definitive) | FOXE1-related Bamforth-Lazarus syndrome () | Intellectual disability (confidence 1)
FOXE3	1	3	ClinGen,PanelApp,gene2phenotype	yes	no	FOXE3-related anterior segment mesenchymal dysgenesis () | FOXE3-related congenital primary aphakia () | Intellectual disability (confidence 1) | anterior segment dysgenesis (Definitive) | familial thoracic aortic aneurysm and aortic dissection (Moderate)
FOXG1	1	3	ClinGen,PanelApp,gene2phenotype	yes	no	FOXG1 disorder (Definitive) | FOXG1-related congenital variant of Rett syndrome () | Intellectual disability (confidence 3) | Severe microcephaly (confidence 3)
FOXJ1	1	2	ClinGen,gene2phenotype	yes	no	FOXJ1-related motile ciliopathy with hydrocephalus and randomization of left/right body asymmetry () | ciliary dyskinesia, primary, 43 (Definitive)
FOXN1	1	3	ClinGen,PanelApp,gene2phenotype	yes	no	FOXN1-related alopecia and T-cell immunodeficiency () | Intellectual disability (confidence 1) | T-cell immunodeficiency, congenital alopecia, and nail dystrophy (Definitive)
FOXP1	1	3	ClinGen,PanelApp,gene2phenotype	yes	no	FOXP1-related intellectual developmental disorder with language impairment and autistic features () | Intellectual disability (confidence 3) | congenital heart disease (Disputed) | intellectual disability-severe speech delay-mild dysmorphism syndrome (Definitive)
FOXP2	1	3	ClinGen,PanelApp,gene2phenotype	yes	no	FOXP2-related speech-language disorder () | Intellectual disability (confidence 3) | specific language disorder (Definitive)
FOXP3	1	3	ClinGen,PanelApp,gene2phenotype	yes	no	FOXP3-related IPEX syndrome () | Intellectual disability (confidence 1) | immune dysregulation-polyendocrinopathy-enteropathy-X-linked syndrome (Definitive)
FOXRED1	1	3	ClinGen,PanelApp,gene2phenotype	yes	no	FOXRED1-related mitochondrial complex I deficiency () | Intellectual disability (confidence 3) | Leigh syndrome (Moderate) | mitochondrial disease (Definitive)
FRA10AC1	1	2	PanelApp,gene2phenotype	yes	no	FRA10AC1-related neurodevelopmental disorder () | Intellectual disability (confidence 3) | Severe microcephaly (confidence 3)
FRAS1	1	3	ClinGen,PanelApp,gene2phenotype	yes	no	FRAS1-related Fraser syndrome () | Fraser syndrome (Definitive) | Intellectual disability (confidence 2)
FRMD5	1	2	PanelApp,gene2phenotype	yes	no	FRMD5-related developmental disorder () | Intellectual disability (confidence 3)
FRMPD4	1	3	ClinGen,PanelApp,gene2phenotype	yes	no	FRMPD4-related intellectual disability () | Intellectual disability (confidence 3) | X-linked complex neurodevelopmental disorder (Definitive)
FRRS1L	1	3	ClinGen,PanelApp,gene2phenotype	yes	no	FRRS1L-related epileptic encephalopathy with continuous spike-and-wave during sleep () | Intellectual disability (confidence 2) | genetic developmental and epileptic encephalopathy (Definitive)
FTCD	1	2	PanelApp,gene2phenotype	yes	no	FTCD-related glutamate formiminotransferase deficiency () | Intellectual disability (confidence 3)
FTL	1	3	ClinGen,PanelApp,gene2phenotype	yes	no	FTL-related hereditary hyperferritinemia-cataract syndrome () | Intellectual disability (confidence 1) | hereditary hyperferritinemia with congenital cataracts (Definitive) | neuroferritinopathy (Definitive)
FTSJ1	1	3	ClinGen,PanelApp,gene2phenotype	yes	no	FTSJ1-related intellectual developmental disorder () | Intellectual disability (confidence 3) | X-linked complex neurodevelopmental disorder (Definitive)
FUCA1	1	3	ClinGen,PanelApp,gene2phenotype	yes	no	FUCA1-related fucosidosis () | Intellectual disability (confidence 3) | fucosidosis (Definitive)
FUT8	1	3	ClinGen,PanelApp,gene2phenotype	yes	no	FUT8-related congenital disorder of glycosylation with defective fucosylation () | Intellectual disability (confidence 3) | congenital disorder of glycosylation with defective fucosylation 1 (Definitive)
FXN	1	3	ClinGen,PanelApp,gene2phenotype	yes	no	FXN-related Friedreich ataxia () | Friedreich ataxia (Definitive) | Intellectual disability (confidence 1)
FZR1	1	2	PanelApp,gene2phenotype	yes	no	FZR1-related intellectual disability and epilepsy () | Intellectual disability (confidence 3)
G6PC3	1	2	ClinGen,PanelApp	yes	no	Intellectual disability (confidence 1) | autosomal recessive severe congenital neutropenia due to G6PC3 deficiency (Definitive)
GAA	1	3	ClinGen,PanelApp,gene2phenotype	yes	no	GAA-related glycogen storage disease () | Intellectual disability (confidence 1) | glycogen storage disease II (Definitive)
GABBR2	1	3	ClinGen,PanelApp,gene2phenotype	yes	no	GABBR2-related epileptic encephalopathy () | Intellectual disability (confidence 3) | complex neurodevelopmental disorder (Moderate)
GABRA1	1	3	ClinGen,PanelApp,gene2phenotype	yes	no	GABRA1-related epileptic encephalopathy () | GABRA1-related juvenile myoclonic epilepsy () | Intellectual disability (confidence 3) | epilepsy (Definitive)
GABRA2	1	2	PanelApp,gene2phenotype	yes	no	GABRA2-related epileptic encephalopathy () | Intellectual disability (confidence 3)
GABRB2	1	3	ClinGen,PanelApp,gene2phenotype	yes	no	GABRB2-related epilepsy and intellectual disability () | Intellectual disability (confidence 3) | complex neurodevelopmental disorder (Definitive)
GABRB3	1	3	ClinGen,PanelApp,gene2phenotype	yes	no	GABRB3-related childhood absence epilepsy () | Intellectual disability (confidence 3) | genetic developmental and epileptic encephalopathy (Definitive)
GABRD	1	3	ClinGen,PanelApp,gene2phenotype	yes	no	GABRD-related neurodevelopmental disorder with epilepsy () | Intellectual disability (confidence 3) | complex neurodevelopmental disorder (Moderate) | epilepsy (Limited)
GABRG2	1	3	ClinGen,PanelApp,gene2phenotype	yes	no	GABRG2-related epilepsy, generalized, with febrile seizures plus () | Intellectual disability (confidence 3) | epilepsy (Definitive)
GAD1	1	3	ClinGen,PanelApp,gene2phenotype	yes	no	GAD1-related cerebral palsy spastic quadriplegic () | Intellectual disability (confidence 3) | obsolete early infantile epileptic encephalopathy (Definitive)
GALC	1	3	ClinGen,PanelApp,gene2phenotype	yes	no	GALC-related Krabbe disease () | Intellectual disability (confidence 3) | Krabbe disease (Definitive)
GALE	1	3	ClinGen,PanelApp,gene2phenotype	yes	no	GALE-related epimerase-deficiency galactosemia () | Intellectual disability (confidence 3) | galactose epimerase deficiency (Definitive)
GALK1	1	3	ClinGen,PanelApp,gene2phenotype	yes	no	GALK1-related galactokinase deficiency with cataracts () | Intellectual disability (confidence 1) | galactokinase deficiency (Definitive)
GALNS	1	3	ClinGen,PanelApp,gene2phenotype	yes	no	GALNS-related mucopolysaccharidosis () | Intellectual disability (confidence 1) | mucopolysaccharidosis type 4A (Definitive)
GALNT2	1	2	ClinGen,PanelApp	yes	no	Intellectual disability (confidence 3) | congenital disorder of glycosylation, type iit (Strong)
GALT	1	2	PanelApp,gene2phenotype	yes	no	GALT-related galactosemia () | Intellectual disability (confidence 3)
GAMT	1	3	ClinGen,PanelApp,gene2phenotype	yes	no	GAMT-related guanidinoacetate methyltransferase deficiency () | Intellectual disability (confidence 3) | guanidinoacetate methyltransferase deficiency (Definitive)
GAN	1	3	ClinGen,PanelApp,gene2phenotype	yes	no	GAN-related giant axonal neuropathy () | Intellectual disability (confidence 3) | giant axonal neuropathy 1 (Definitive)
GANAB	1	2	ClinGen,PanelApp	yes	no	Cystic renal disease (confidence 3) | polycystic kidney disease 3 with or without polycystic liver disease (Definitive)
GAS2L2	1	2	ClinGen,gene2phenotype	yes	no	GAS2L2-related impaired cilia orientation and mucociliary clearance () | ciliary dyskinesia, primary, 41 (Moderate)
GATA2	1	3	ClinGen,PanelApp,gene2phenotype	yes	no	GATA2 deficiency with susceptibility to MDS/AML (Definitive) | GATA2-related Emberger syndrome () | Intellectual disability (confidence 1)
GATA3	1	2	ClinGen,gene2phenotype	yes	no	GATA3-related hypoparathyroidism, sensorineural deafness, and renal disease () | hypoparathyroidism-deafness-renal disease syndrome (Definitive)
GATA4	1	3	ClinGen,PanelApp,gene2phenotype	yes	no	GATA4-related atrial septal defect () | Intellectual disability (confidence 1) | structural congenital heart disease, multiple types - GATA4 (Definitive)
GATA6	1	3	ClinGen,PanelApp,gene2phenotype	yes	no	GATA6-related atrial septal defect () | GATA6-related atrioventricular septal defect () | GATA6-related congenital heart disease with or without pancreatic agenesis or neonatal diabetes (Definitive) | GATA6-related pancreatic agenesis, diaphragmatic hernia, and congenital heart defects () | Intellectual disability (confidence 2) | dilated cardiomyopathy (Limited)
GATAD2B	1	3	ClinGen,PanelApp,gene2phenotype	yes	no	GATAD2B-related nonspecific severe intellectual disability () | Intellectual disability (confidence 3) | severe intellectual disability-poor language-strabismus-grimacing face-long fingers syndrome (Definitive)
GATM	1	3	ClinGen,PanelApp,gene2phenotype	yes	no	AGAT deficiency (Definitive) | Fanconi renotubular syndrome 1 (Moderate) | GATM-related arginine:glycine amidinotransferase deficiency () | Intellectual disability (confidence 3)
GBA1	1	2	ClinGen,gene2phenotype	yes	no	GBA1-related Gaucher disease perinatal lethal () | Gaucher disease (Definitive) | Parkinson disease (Definitive)
GBA2	1	3	ClinGen,PanelApp,gene2phenotype	yes	no	GBA2-related cerebellar ataxia with spasticity () | Intellectual disability (confidence 2) | complex hereditary spastic paraplegia (Definitive)
GBE1	1	3	ClinGen,PanelApp,gene2phenotype	yes	no	GBE1-related glycogen storage disease IV () | Intellectual disability (confidence 1) | glycogen storage disease due to glycogen branching enzyme deficiency (Definitive)
GCDH	1	3	ClinGen,PanelApp,gene2phenotype	yes	no	GCDH-related glutaricacidemia () | Intellectual disability (confidence 3) | glutaryl-CoA dehydrogenase deficiency (Definitive)
GCH1	1	3	ClinGen,PanelApp,gene2phenotype	yes	no	GCH1-related GTP cyclohydrolase 1 deficiency () | GCH1-related dystonia () | GTP cyclohydrolase I deficiency (Definitive) | Intellectual disability (confidence 3)
GCK	1	2	ClinGen,PanelApp	yes	no	Intellectual disability (confidence 1) | hyperinsulinism due to glucokinase deficiency (Definitive) | monogenic diabetes (Definitive)
GCSH	1	3	ClinGen,PanelApp,gene2phenotype	yes	no	GCSH-related glycine encephalopathy () | Intellectual disability (confidence 3) | multiple mitochondrial dysfunctions syndrome 7 (Definitive)
GDAP1	1	2	ClinGen,PanelApp	yes	no	Charcot-Marie-Tooth disease (Definitive) | Intellectual disability (confidence 1)
GDI1	1	3	ClinGen,PanelApp,gene2phenotype	yes	no	GDI1-related intellectual developmental disorder () | Intellectual disability (confidence 3) | non-syndromic X-linked intellectual disability (Moderate)
GEMIN4	1	2	PanelApp,gene2phenotype	yes	no	GEMIN4-related neurodevelopmental disorder with microcephaly, cataracts, and renal abnormalities () | Intellectual disability (confidence 3)
GEMIN5	1	3	ClinGen,PanelApp,gene2phenotype	yes	no	GEMIN5-related neurodevelopmental disorder with cerebellar atrophy and motor dysfunction () | Intellectual disability (confidence 3) | neurodevelopmental disorder with cerebellar atrophy and motor dysfunction (Definitive)
GFAP	1	3	ClinGen,PanelApp,gene2phenotype	yes	no	Alexander disease (Definitive) | GFAP-related Alexander disease () | Intellectual disability (confidence 3)
GFER	1	3	ClinGen,PanelApp,gene2phenotype	yes	no	GFER-related mitochondrial progressive myopathy with congenital cataract, hearing loss and developmental delay () | Intellectual disability (confidence 3) | mitochondrial disease (Definitive)
GFM1	1	3	ClinGen,PanelApp,gene2phenotype	yes	no	GFM1-related combined oxidative phosphorylation deficiency () | Intellectual disability (confidence 3) | Leigh syndrome (Moderate)
GIGYF1	1	3	ClinGen,PanelApp,gene2phenotype	yes	no	GIGYF1-related developmental disorder () | Intellectual disability (confidence 2) | complex neurodevelopmental disorder (Definitive)
GJB1	1	2	ClinGen,PanelApp	yes	no	Charcot-Marie-Tooth disease X-linked dominant 1 (Definitive) | Intellectual disability (confidence 2)
GJB2	1	2	ClinGen,PanelApp	yes	no	Intellectual disability (confidence 1) | hearing loss disorder (Definitive) | nonsyndromic genetic hearing loss (Definitive)
GJB3	1	3	ClinGen,PanelApp,gene2phenotype	yes	no	GJB3-related deafness (biallelic) () | GJB3-related deafness (monoallelic) () | GJB3-related erythrokeratodermia variabilis et progressiva () | Intellectual disability (confidence 2) | erythrokeratodermia variabilis (Definitive) | nonsyndromic genetic hearing loss (Disputed)
GJC2	1	3	ClinGen,PanelApp,gene2phenotype	yes	no	GJC2-related leukodystrophy, hypomyelinating () | GJC2-related lymphatic malformation () | Intellectual disability (confidence 3) | hypomyelinating leukodystrophy 2 (Definitive)
GK	1	3	ClinGen,PanelApp,gene2phenotype	yes	no	GK-related glycerol kinase deficiency () | Intellectual disability (confidence 3) | inborn glycerol kinase deficiency (Definitive)
GLA	1	2	ClinGen,PanelApp	yes	no	Cystic renal disease (confidence 3) | Fabry disease (Definitive)
GLB1	1	3	ClinGen,PanelApp,gene2phenotype	yes	no	GLB1-related GM1-gangliosidosis, type 3 () | GM1 gangliosidosis (Definitive) | Intellectual disability (confidence 3) | mucopolysaccharidosis type 4B (Definitive)
GLDC	1	3	ClinGen,PanelApp,gene2phenotype	yes	no	GLDC-related glycine encephalopathy () | Intellectual disability (confidence 3) | glycine encephalopathy (Definitive)
GLDN	1	2	ClinGen,gene2phenotype	yes	no	GLDN-related lethal arthroogryposis () | lethal congenital contracture syndrome 11 (Definitive)
GLI2	1	2	PanelApp,gene2phenotype	yes	no	GLI2-related holoprosencephaly () | Intellectual disability (confidence 3)
GLI3	1	3	ClinGen,PanelApp,gene2phenotype	yes	no	GLI3-related Greig cephalopolysyndactyly syndrome () | GLI3-related Pallister-Hall syndrome () | Greig cephalopolysyndactyly syndrome (Definitive) | Intellectual disability (confidence 2)
GLIS2	1	3	ClinGen,PanelApp,gene2phenotype	yes	no	Cystic renal disease (confidence 1) | Cystic renal disease (confidence 3) | GLIS2-related nephronophthisis () | nephronophthisis 7 (Moderate)
GLIS3	1	2	PanelApp,gene2phenotype	yes	no	GLIS3-related diabetes mellitus neonatal with congenital hypothyroidism () | Intellectual disability (confidence 3)
GLS	1	2	ClinGen,PanelApp	yes	no	Intellectual disability (confidence 2) | glutaminase deficiency (Definitive) | infantile cataract, skin abnormalities, glutamate excess, and impaired intellectual development (Limited)
GLUD1	1	3	ClinGen,PanelApp,gene2phenotype	yes	no	GLUD1-related hyperinsulinism-hyperammonemia syndrome () | Intellectual disability (confidence 1) | hyperinsulinism-hyperammonemia syndrome (Definitive)
GLUL	1	3	ClinGen,PanelApp,gene2phenotype	yes	no	GLUL-related congenital systemic glutamine deficiency () | Intellectual disability (confidence 3) | congenital brain dysgenesis due to glutamine synthetase deficiency (Moderate) | genetic developmental and epileptic encephalopathy (Moderate)
GLYCTK	1	2	ClinGen,PanelApp	yes	no	D-glyceric aciduria (Moderate) | Intellectual disability (confidence 3)
GM2A	1	3	ClinGen,PanelApp,gene2phenotype	yes	no	GM2A-related GM2-gangliosidosis, type AB () | Intellectual disability (confidence 3) | Tay-Sachs disease AB variant (Definitive)
GMNN	1	3	ClinGen,PanelApp,gene2phenotype	yes	no	GMNN-related primordial dwarfism associated with Meier-Gorlin syndrome () | Intellectual disability (confidence 2) | Meier-Gorlin syndrome 6 (Moderate) | Severe microcephaly (confidence 3)
GMPPA	1	3	ClinGen,PanelApp,gene2phenotype	yes	no	GMPPA-related alacrima, achalasia and intellectual disability () | Intellectual disability (confidence 3) | alacrima, achalasia, and intellectual disability syndrome (Definitive)
GMPPB	1	3	ClinGen,PanelApp,gene2phenotype	yes	no	GMPPB-related muscular dystrophy-dystroglycanopathy () | Intellectual disability (confidence 3) | myopathy caused by variation in GMPPB (Definitive)
GNAI1	1	3	ClinGen,PanelApp,gene2phenotype	yes	no	GNAI1-related neurodevelopmental disorder with hypotonia, impaired speech, and behavioural abnormalities () | Intellectual disability (confidence 3) | complex neurodevelopmental disorder (Definitive)
GNAI3	1	3	ClinGen,PanelApp,gene2phenotype	yes	no	GNAI3-related auriculocondylar syndrome () | Intellectual disability (confidence 1) | auriculocondylar syndrome (Moderate)
GNAO1	1	3	ClinGen,PanelApp,gene2phenotype	yes	no	GNAO1-related epileptic encephalopathy () | Intellectual disability (confidence 3) | genetic developmental and epileptic encephalopathy (Definitive) | movement disorder (Definitive)
GNAS	1	2	PanelApp,gene2phenotype	yes	no	GNAS-related McCune-Albright syndrome () | GNAS-related pseudohypoparathyroidism () | Intellectual disability (confidence 3)
GNB1	1	3	ClinGen,PanelApp,gene2phenotype	yes	no	GNB1-related severe neurodevelopmental disability, hypotonia, and seizures () | Intellectual disability (confidence 3) | intellectual disability, autosomal dominant 42 (Definitive)
GNB2	1	3	ClinGen,PanelApp,gene2phenotype	yes	no	GNB2-related developmental disorder () | Intellectual disability (confidence 3) | complex neurodevelopmental disorder (Moderate)
GNB5	1	2	PanelApp,gene2phenotype	yes	no	GNB5-related sinus bradycardia and cognitive disability () | Intellectual disability (confidence 3)
GNE	1	3	ClinGen,PanelApp,gene2phenotype	yes	no	GNE-related sialuria () | Intellectual disability (confidence 2) | macrothrombocytopenia, isolated (Definitive)
GNPAT	1	3	ClinGen,PanelApp,gene2phenotype	yes	no	GNPAT-related rhizomelic chondrodysplasia punctata () | Intellectual disability (confidence 3) | glyceronephosphate O-acyltransferase deficiency (Definitive)
GNPTAB	1	3	ClinGen,PanelApp,gene2phenotype	yes	no	GNPTAB-mucolipidosis (Definitive) | GNPTAB-related mucolipidosis type III complementation group A () | Intellectual disability (confidence 3)
GNPTG	1	3	ClinGen,PanelApp,gene2phenotype	yes	no	GNPTG-mucolipidosis (Definitive) | GNPTG-related mucolipidosis type III complementation group C () | Intellectual disability (confidence 3)
GNS	1	3	ClinGen,PanelApp,gene2phenotype	yes	no	GNS-related mucopolysaccharidosis () | Intellectual disability (confidence 3) | mucopolysaccharidosis type 3D (Definitive)
GORAB	1	3	ClinGen,PanelApp,gene2phenotype	yes	no	GORAB-related geroderma osteodysplasticum () | Intellectual disability (confidence 1) | geroderma osteodysplastica (Definitive)
GOSR2	1	2	ClinGen,PanelApp	yes	no	Intellectual disability (confidence 1) | progressive myoclonus epilepsy (Definitive)
GOT2	1	3	ClinGen,PanelApp,gene2phenotype	yes	no	GOT2-related malate-aspartate shuttle-related encephalopathy () | Intellectual disability (confidence 2) | mitochondrial disease (Moderate)
GPAA1	1	3	ClinGen,PanelApp,gene2phenotype	yes	no	GPAA1-related developmental delay, epilepsy, cerebellar atrophy, and osteopenia () | Intellectual disability (confidence 3) | glycosylphosphatidylinositol biosynthesis defect 15 (Definitive)
GPATCH11	1	2	PanelApp,mitotic_panel	yes	yes	Intellectual disability (confidence 3) | tier 4
GPC3	1	3	ClinGen,PanelApp,gene2phenotype	yes	no	Beckwith-Wiedemann syndrome (BWS) and other congenital overgrowth disorders (confidence 3) | Childhood solid tumours (confidence 3) | Childhood solid tumours cancer susceptibility (confidence 2) | GPC3-related Simpson-Golabi-Behmel syndrome () | Intellectual disability (confidence 3) | Simpson-Golabi-Behmel syndrome (Definitive)
GPC4	1	2	PanelApp,gene2phenotype	yes	no	GPC4-related Keipert syndrome () | Intellectual disability (confidence 3)
GPHN	1	3	ClinGen,PanelApp,gene2phenotype	yes	no	GPHN-related molybdenum cofactor deficiency with epileptic encephalopathy and cranial MRI anomalies () | Intellectual disability (confidence 1) | sulfite oxidase deficiency due to molybdenum cofactor deficiency type C (Moderate)
GPKOW	1	2	ClinGen,PanelApp	yes	no	Severe microcephaly (confidence 2) | holoprosencephaly-hypokinesia-congenital contractures syndrome (Moderate)
GPR161	1	2	ClinGen,PanelApp	yes	no	Childhood solid tumours (confidence 3) | Childhood solid tumours cancer susceptibility (confidence 3) | GPR161-related medulloblastoma predisposition (Strong)
GPR179	1	2	ClinGen,PanelApp	yes	no	GPR179-related retinopathy (Definitive) | Intellectual disability (confidence 1)
GPSM2	1	3	ClinGen,PanelApp,gene2phenotype	yes	no	Chudley-McCullough syndrome (Definitive) | GPSM2-related sensorineural hearing loss with corpus callosum hypoplasia, gray matter heterotopia and arachnoid cysts () | Intellectual disability (confidence 2)
GPT2	1	2	ClinGen,PanelApp	yes	no	Intellectual disability (confidence 3) | Severe microcephaly (confidence 3) | glutamate pyruvate transaminase 2 deficiency (Definitive)
GRHL2	1	2	ClinGen,gene2phenotype	yes	no	GRHL2-related ectodermal dysplasia and short stature syndrome () | nonsyndromic genetic hearing loss (Definitive)
GRHL3	1	3	ClinGen,PanelApp,gene2phenotype	yes	no	GRHL3-related Van der Woude syndrome () | GRHL3-related orofacial clefting (Definitive) | Intellectual disability (confidence 1)
GRIA1	1	3	ClinGen,PanelApp,gene2phenotype	yes	no	GRIA1-related neurodevelopmental disorder () | Intellectual disability (confidence 3) | complex neurodevelopmental disorder (Limited) | complex neurodevelopmental disorder (Moderate)
GRIA2	1	3	ClinGen,PanelApp,gene2phenotype	yes	no	GRIA2-related developmental disorder () | Intellectual disability (confidence 3) | neurodevelopmental disorder with language impairment and behavioral abnormalities (Definitive)
GRIA3	1	3	ClinGen,PanelApp,gene2phenotype	yes	no	GRIA3-related intellectual developmental disorder () | Intellectual disability (confidence 3) | X-linked complex neurodevelopmental disorder (Definitive)
GRIA4	1	3	ClinGen,PanelApp,gene2phenotype	yes	no	GRIA4-related neurodevelopmental disorder with or without seizures and gait abnormalities () | Intellectual disability (confidence 3) | neurodevelopmental disorder with or without seizures and gait abnormalities (Moderate)
GRID2	1	2	PanelApp,gene2phenotype	yes	no	GRID2-related cerebellar ataxia (biallelic) () | GRID2-related cerebellar ataxia (monoallelic) () | Intellectual disability (confidence 3)
GRIK2	1	3	ClinGen,PanelApp,gene2phenotype	yes	no	GRIK2-related intellectual developmental disorder () | GRIK2-related intellectual disability and hypomyelination () | Intellectual disability (confidence 3) | complex neurodevelopmental disorder (Definitive) | complex neurodevelopmental disorder (Moderate)
GRIN1	1	3	ClinGen,PanelApp,gene2phenotype	yes	no	GRIN1-related epileptic encephalopathy () | GRIN1-related neurodevelopmental disorder with or without hyperkinetic movements and seizures () | Intellectual disability (confidence 3) | complex neurodevelopmental disorder (Definitive)
GRIN2A	1	3	ClinGen,PanelApp,gene2phenotype	yes	no	GRIN2A-related epilepsy, focal, with speech disorder, and with or without intellectual developmental disorder () | GRIN2A-related neurodevelopmental disorder () | Intellectual disability (confidence 3) | complex neurodevelopmental disorder (Definitive)
GRIN2B	1	3	ClinGen,PanelApp,gene2phenotype	yes	no	GRIN2B-related epileptic encelopathy () | GRIN2B-related intellectual developmental disorder () | Intellectual disability (confidence 3) | complex neurodevelopmental disorder (Definitive)
GRIN2D	1	3	ClinGen,PanelApp,gene2phenotype	yes	no	GRIN2D-related severe epileptic encephalopathy treatable with NMDA receptor channel blockers () | Intellectual disability (confidence 3) | complex neurodevelopmental disorder (Definitive)
GRIP1	1	2	ClinGen,PanelApp	yes	no	Fraser syndrome 3 (Definitive) | Intellectual disability (confidence 1)
GRM1	1	2	PanelApp,gene2phenotype	yes	no	GRM1-related congenital cerebellar ataxia () | Intellectual disability (confidence 3)
GRM6	1	3	ClinGen,PanelApp,gene2phenotype	yes	no	GRM6-related congenital stationary night blindness () | GRM6-related retinopathy (Definitive) | Intellectual disability (confidence 1)
GRM7	1	2	PanelApp,gene2phenotype	yes	no	GRM7-related neurodevelopmental disorder () | Intellectual disability (confidence 3) | Severe microcephaly (confidence 3)
GRN	1	2	ClinGen,PanelApp	yes	no	Intellectual disability (confidence 1) | frontotemporal dementia and/or amyotrophic lateral sclerosis (Definitive) | neuronal ceroid lipofuscinosis (Definitive)
GSS	1	2	ClinGen,PanelApp	yes	no	Intellectual disability (confidence 2) | inherited glutathione synthetase deficiency (Definitive)
GSX2	1	2	ClinGen,PanelApp	yes	no	Intellectual disability (confidence 2) | diencephalic-mesencephalic junction dysplasia syndrome 2 (Moderate)
GTF2E2	1	2	PanelApp,gene2phenotype	yes	no	GTF2E2-related DNA repair-proficient trichothiodystrophy () | Intellectual disability (confidence 3) | Severe microcephaly (confidence 3)
GTF2H5	1	2	PanelApp,gene2phenotype	yes	no	GTF2H5-related trichothiodystrophy photosensitive () | Intellectual disability (confidence 3)
GTF3C3	1	2	PanelApp,gene2phenotype	yes	no	GTF3C3-related neurodevelopmental disorder with hypoplasia of corpus callosum and/or cerebellar atrophy () | Intellectual disability (confidence 3) | Severe microcephaly (confidence 3)
GTF3C5	1	2	PanelApp,gene2phenotype	yes	no	GTF3C5-related neurodevelopmental disorder with growth restriction, skeletal anomalies, cerebellar hypoplasia and hearing loss () | Intellectual disability (confidence 3)
GTPBP2	1	3	ClinGen,PanelApp,gene2phenotype	yes	no	GTPBP2-related Jaberi-Elahi syndrome () | Intellectual disability (confidence 3) | Jaberi-Elahi syndrome (Definitive)
GTPBP3	1	3	ClinGen,PanelApp,gene2phenotype	yes	no	GTPBP3-related mitochondrial translation defect associated with hypertrophic cardiomyopathy, lactic acidosis, and encephalopathy () | Intellectual disability (confidence 3) | Leigh syndrome (Moderate) | mitochondrial disease (Definitive)
GUSB	1	3	ClinGen,PanelApp,gene2phenotype	yes	no	GUSB-related mucopolysaccharidosis () | Intellectual disability (confidence 3) | mucopolysaccharidosis type 7 (Definitive)
GYS2	1	2	ClinGen,PanelApp	yes	no	Intellectual disability (confidence 1) | glycogen storage disorder due to hepatic glycogen synthase deficiency (Definitive)
H1-4	1	2	ClinGen,gene2phenotype	yes	no	H1-4-related Rahman syndrome () | syndromic intellectual disability (Definitive)
H3-3A	1	2	ClinGen,gene2phenotype	yes	no	Bryant-Li-Bhoj neurodevelopmental syndrome 1 (Definitive) | H3-3A-related Bryant-Li-Bhoj neurodevelopmental syndrome ()
HAAO	1	2	ClinGen,gene2phenotype	yes	no	HAAO-related NAD deficiency disorder () | vertebral, cardiac, renal, and limb defects syndrome 1 (Definitive)
HACD1	1	2	ClinGen,gene2phenotype	yes	no	HACD1-related congenital myopathy () | congenital myopathy (Definitive)
HACE1	1	2	PanelApp,gene2phenotype	yes	no	HACE1-related disorder () | Intellectual disability (confidence 3)
HADH	1	3	ClinGen,PanelApp,gene2phenotype	yes	no	HADH-related 3-hydroxyacyl-CoA dehydrogenase deficiency () | Intellectual disability (confidence 1) | obsolete hyperinsulinism due to short chain 3-hydroxylacyl-CoA dehydrogenase deficiency (Definitive)
HADHA	1	3	ClinGen,PanelApp,gene2phenotype	yes	no	HADHA-related long chain 3-hydroxyacyl-CoA dehydrogenase deficiency () | Intellectual disability (confidence 3) | long chain 3-hydroxyacyl-CoA dehydrogenase deficiency (Definitive)
HADHB	1	2	ClinGen,PanelApp	yes	no	Intellectual disability (confidence 2) | mitochondrial trifunctional protein deficiency (Definitive)
HCCS	1	2	PanelApp,gene2phenotype	yes	no	HCCS-related linear skin defects with microphthalmia () | Intellectual disability (confidence 3)
HCFC1	1	3	ClinGen,PanelApp,gene2phenotype	yes	no	HCFC1-related cobalamin disorder () | HCFC1-related intellectual developmental disorder () | Intellectual disability (confidence 3) | X-linked intellectual disability (Definitive)
HCN1	1	3	ClinGen,PanelApp,gene2phenotype	yes	no	HCN1-related epileptic encephalopathy, early infantile () | Intellectual disability (confidence 3) | generalized epilepsy with febrile seizures plus (Definitive)
HCN2	1	2	ClinGen,PanelApp	yes	no	Intellectual disability (confidence 2) | complex neurodevelopmental disorder (Definitive) | epilepsy (Limited)
HDAC3	1	2	PanelApp,gene2phenotype	yes	no	HDAC3-related neurodevelopmental disorder () | Intellectual disability (confidence 3)
HDAC4	1	2	PanelApp,gene2phenotype	yes	no	HDAC4-related intellectual developmental disorder () | Intellectual disability (confidence 3)
HDAC8	1	4	ClinGen,PanelApp,gene2phenotype,mitotic_panel	yes	yes	Cornelia de Lange syndrome (Definitive) | HDAC8-related Cornelia de Lange syndrome () | Intellectual disability (confidence 3) | Severe microcephaly (confidence 3) | tier 3
HECTD4	1	2	PanelApp,gene2phenotype	yes	no	HECTD4-related neurodevelopmental disorder with seizures, hypotonia, spasticity, and agenesis of the corpus callosum () | Intellectual disability (confidence 3)
HECW2	1	4	ClinGen,PanelApp,gene2phenotype,mitotic_panel	yes	yes	HECW2-related neurodevelopmental disorder (biallelic) () | HECW2-related neurodevelopmental disorder (monoallelic) () | Intellectual disability (confidence 3) | complex neurodevelopmental disorder (Definitive) | complex neurodevelopmental disorder (Moderate) | tier 4
HEPACAM	1	2	ClinGen,PanelApp	yes	no	Intellectual disability (confidence 3) | megalencephalic leukoencephalopathy with subcortical cysts 2A (Definitive) | megalencephalic leukoencephalopathy with subcortical cysts 2B, remitting, with or without intellectual disability (Definitive)
HERC1	1	2	PanelApp,gene2phenotype	yes	no	Beckwith-Wiedemann syndrome (BWS) and other congenital overgrowth disorders (confidence 1) | HERC1-related macrocephaly, dysmorphic facies, and psychomotor retardation () | Intellectual disability (confidence 3)
HERC2	1	2	PanelApp,gene2phenotype	yes	no	HERC2-related neurodevelopmental disorder () | Intellectual disability (confidence 3)
HESX1	1	2	PanelApp,gene2phenotype	yes	no	HESX1-related combined pituitary hormone deficiency () | HESX1-related septooptic dysplasia () | Intellectual disability (confidence 3)
HEXA	1	3	ClinGen,PanelApp,gene2phenotype	yes	no	HEXA-related GM2-gangliosidosis () | Intellectual disability (confidence 3) | Tay-Sachs disease (Definitive)
HEXB	1	3	ClinGen,PanelApp,gene2phenotype	yes	no	HEXB-related GM2-gangliosidosis () | Intellectual disability (confidence 3) | Sandhoff disease (Definitive)
HGSNAT	1	3	ClinGen,PanelApp,gene2phenotype	yes	no	HGSNAT-related mucopolysaccharidosis type IIIC () | Intellectual disability (confidence 3) | inherited retinal dystrophy (Definitive) | mucopolysaccharidosis type 3C (Definitive)
HIBCH	1	3	ClinGen,PanelApp,gene2phenotype	yes	no	3-hydroxyisobutyryl-CoA hydrolase deficiency (Definitive) | HIBCH-related 3-hydroxyisobutryl-CoA hydrolase deficiency () | Intellectual disability (confidence 3) | Leigh syndrome (Definitive)
HIKESHI	1	2	ClinGen,PanelApp	yes	no	Severe microcephaly (confidence 1) | hypomyelinating leukodystrophy 13 (Definitive)
HINT1	1	3	ClinGen,PanelApp,gene2phenotype	yes	no	Charcot-Marie-Tooth disease (Definitive) | HINT1-related neuromyotonia and axonal neuropathy () | Intellectual disability (confidence 2)
HIVEP2	1	2	PanelApp,gene2phenotype	yes	no	HIVEP2-related syndromic developmental delay with intellectual disability with or without microcephaly () | Intellectual disability (confidence 3)
HK1	1	2	PanelApp,gene2phenotype	yes	no	HK1-related neurodevelopmental disorder with visual defects and brain anomalies () | Intellectual disability (confidence 3)
HLCS	1	3	ClinGen,PanelApp,gene2phenotype	yes	no	HLCS-related holocarboxylase synthetase deficiency () | Intellectual disability (confidence 3) | holocarboxylase synthetase deficiency (Definitive)
HMGA2	1	2	ClinGen,gene2phenotype	yes	no	HMGA2-related Silver-Russell-like syndrome () | Silver-Russell syndrome 5 (Definitive)
HMGB1	1	3	ClinGen,PanelApp,gene2phenotype	yes	no	HMGB1-related brachyphalangy, polydactyly and tibial aplasia syndrome () | HMGB1-related brachyphalangy, polydactyly and tibial aplasia syndrome (Moderate) | HMGB1-related intellectual disability () | Intellectual disability (confidence 3) | Severe microcephaly (confidence 3)
HMGCL	1	3	ClinGen,PanelApp,gene2phenotype	yes	no	3-hydroxy-3-methylglutaric aciduria (Definitive) | HMGCL-related 3-hydroxy-3-methylglutaryl-CoA lyase deficiency () | Intellectual disability (confidence 3)
HMGCR	1	2	ClinGen,gene2phenotype	yes	no	HMGCR-related limb-girdle muscular dystrophy () | autosomal recessive limb-girdle muscular dystrophy (Moderate)
HMGCS2	1	3	ClinGen,PanelApp,gene2phenotype	yes	no	3-hydroxy-3-methylglutaryl-CoA synthase deficiency (Definitive) | HMGCS2-related 3-hydroxy-3-methylglutaryl-CoA synthase 2 deficiency () | Intellectual disability (confidence 1)
HMX1	1	2	ClinGen,gene2phenotype	yes	no	HMX1-related oculoauricular syndrome () | oculoauricular syndrome (Definitive)
HNF1B	1	3	ClinGen,PanelApp,gene2phenotype	yes	no	Cystic renal disease (confidence 3) | HNF1B-related renal cysts and diabetes syndrome () | Intellectual disability (confidence 2) | renal cysts and diabetes syndrome (Definitive)
HNF4A	1	3	ClinGen,PanelApp,gene2phenotype	yes	no	HNF4A-related atypical Fanconi syndrome with maturity-onset diabetes of the young (MODY) () | HNF4A-related maturity-onset diabetes of the young (MODY) () | Intellectual disability (confidence 1) | Nephrocalcinosis or nephrolithiasis (confidence 3) | monogenic diabetes (Definitive)
HNRNPA2B1	1	2	ClinGen,gene2phenotype	yes	no	HNRNPA2B1-related early-onset oculopharyngeal muscular dystrophy () | inclusion body myopathy with early-onset Paget disease with or without frontotemporal dementia 2 (Moderate)
HNRNPD	1	3	ClinGen,PanelApp,gene2phenotype	yes	no	HNRNPD-related developmental disorder () | Intellectual disability (confidence 2) | complex neurodevelopmental disorder (Definitive)
HNRNPH1	1	3	ClinGen,PanelApp,gene2phenotype	yes	no	HNRNPH1-related neurodevelopmental disorder () | Intellectual disability (confidence 3) | syndromic intellectual disability (Definitive)
HNRNPH2	1	3	ClinGen,PanelApp,gene2phenotype	yes	no	HNRNPH2-related neurodevelopmental disorder () | Intellectual disability (confidence 3) | X-linked complex neurodevelopmental disorder (Definitive)
HNRNPK	1	3	ClinGen,PanelApp,gene2phenotype	yes	no	HNRNPK-related Au-Kline syndrome () | Intellectual disability (confidence 3) | neurodevelopmental disorder-craniofacial dysmorphism-cardiac defect-hip dysplasia syndrome (Definitive)
HNRNPR	1	3	ClinGen,PanelApp,gene2phenotype	yes	no	HNRNPR-related intellectual disability () | Intellectual disability (confidence 3) | syndromic intellectual disability (Definitive)
HNRNPU	1	4	ClinGen,PanelApp,gene2phenotype,mitotic_panel	yes	yes	HNRNPU-related epileptic encephalopathy () | Intellectual disability (confidence 3) | complex neurodevelopmental disorder (Definitive) | tier 3
HOGA1	1	2	ClinGen,PanelApp	yes	no	Nephrocalcinosis or nephrolithiasis (confidence 3) | primary hyperoxaluria type 3 (Definitive)
HOXA1	1	3	ClinGen,PanelApp,gene2phenotype	yes	no	HOXA1-related Bosley-Salih-Alorainy syndrome () | Intellectual disability (confidence 3) | syndromic intellectual disability (Definitive)
HOXA13	1	3	ClinGen,PanelApp,gene2phenotype	yes	no	HOXA13-related hand-foot-genital syndrome () | Intellectual disability (confidence 1) | hand-foot-genital syndrome (Definitive)
HPD	1	3	ClinGen,PanelApp,gene2phenotype	yes	no	HPD-related hawkinsinuria () | HPD-related tyrosinemia () | Intellectual disability (confidence 3) | hawkinsinuria (Limited) | tyrosinemia type III (Definitive)
HPDL	1	3	ClinGen,PanelApp,gene2phenotype	yes	no	HPDL-related neurodegenerative disease () | Intellectual disability (confidence 3) | Leigh syndrome (Moderate) | Severe microcephaly (confidence 3)
HPRT1	1	3	ClinGen,PanelApp,gene2phenotype	yes	no	HPRT1-related Lesch-Nyhan syndrome () | Intellectual disability (confidence 3) | Lesch-Nyhan syndrome (Definitive) | Nephrocalcinosis or nephrolithiasis (confidence 3)
HPS1	1	3	ClinGen,PanelApp,gene2phenotype	yes	no	HPS1-related Hermansky-Pudlak syndrome () | Hermansky-Pudlak syndrome 1 (Definitive) | Intellectual disability (confidence 1)
HRAS	1	3	ClinGen,PanelApp,gene2phenotype	yes	no	Childhood solid tumours (confidence 3) | Childhood solid tumours cancer susceptibility (confidence 3) | Costello syndrome (Definitive) | Familial rhabdomyosarcoma (confidence 3) | HRAS-related Costello syndrome () | HRAS-related congenital myopathy with excess of muscle spindles ()
HSD17B10	1	3	ClinGen,PanelApp,gene2phenotype	yes	no	HSD10 mitochondrial disease (Definitive) | HSD17B10-related mitochondrial disease () | Intellectual disability (confidence 3)
HSD17B4	1	3	ClinGen,PanelApp,gene2phenotype	yes	no	HSD17B4-related D-bifunctional protein deficiency () | Intellectual disability (confidence 3) | Perrault syndrome (Definitive) | d-bifunctional protein deficiency (Definitive)
HSD3B7	1	3	ClinGen,PanelApp,gene2phenotype	yes	no	HSD3B7-related bile acid synthesis defect, congenital () | Intellectual disability (confidence 1) | congenital bile acid synthesis defect 1 (Definitive)
HSPD1	1	2	PanelApp,gene2phenotype	yes	no	HSPD1-related leukodystrophy hypomyelinating () | Intellectual disability (confidence 3)
HSPG2	1	3	ClinGen,PanelApp,gene2phenotype	yes	no	HSPG2-related dyssegmental dysplasia, Silverman-Handmaker type () | Intellectual disability (confidence 2) | Schwartz-Jampel syndrome type 1 (Definitive) | Silverman-Handmaker type dyssegmental dysplasia (Definitive)
HTRA2	1	3	ClinGen,PanelApp,gene2phenotype	yes	no	3-methylglutaconic aciduria type 8 (Definitive) | HTRA2-related early-onset mitochondrial syndrome associated with 3-methylglutaconic aciduria () | Intellectual disability (confidence 3)
HTT	1	2	ClinGen,PanelApp	yes	no	Huntington disease (Definitive) | Intellectual disability (confidence 2)
HUWE1	1	3	ClinGen,PanelApp,gene2phenotype	yes	no	HUWE1-related syndromic intellectual developmental disorder, Turner type () | Intellectual disability (confidence 3) | non-syndromic X-linked intellectual disability (Definitive)
HYAL1	1	3	ClinGen,PanelApp,gene2phenotype	yes	no	HYAL1-related mucopolysaccharidosis () | Intellectual disability (confidence 1) | mucopolysaccharidosis type 9 (Moderate)
HYCC1	1	2	ClinGen,gene2phenotype	yes	no	HYCC1-related leukodystrophy, hypomyelinating () | hypomyelinating leukodystrophy 5 (Definitive)
HYDIN	1	3	ClinGen,PanelApp,gene2phenotype	yes	no	HYDIN-related primary ciliary dyskinesia () | Intellectual disability (confidence 1) | primary ciliary dyskinesia 5 (Definitive)
HYLS1	1	3	ClinGen,PanelApp,gene2phenotype	yes	no	Cystic renal disease (confidence 3) | HYLS1-related hydrolethalus syndrome () | Intellectual disability (confidence 1) | hydrolethalus syndrome (Moderate)
IARS2	1	3	ClinGen,PanelApp,gene2phenotype	yes	no	IARS2-related cataracts, growth hormone deficiency, sensory neuropathy, sensorineural hearing loss, and skeletal dysplasia () | Intellectual disability (confidence 1) | Leigh syndrome (Limited) | mitochondrial disease (Definitive)
IBA57	1	2	ClinGen,PanelApp	yes	no	Intellectual disability (confidence 3) | mitochondrial disease (Definitive)
IDH2	1	2	ClinGen,PanelApp	yes	no	Intellectual disability (confidence 3) | mitochondrial disease (Definitive)
IDS	1	3	ClinGen,PanelApp,gene2phenotype	yes	no	IDS-related mucopolysaccharidosis () | Intellectual disability (confidence 3) | mucopolysaccharidosis type 2 (Definitive)
IDUA	1	3	ClinGen,PanelApp,gene2phenotype	yes	no	IDUA-related mucopolysaccharidosis () | Intellectual disability (confidence 3) | mucopolysaccharidosis type 1 (Definitive)
IER3IP1	1	2	PanelApp,gene2phenotype	yes	no	IER3IP1-related microcephaly with simplified gyral pattern, epilepsy, and neonatal diabetes () | Intellectual disability (confidence 3) | Severe microcephaly (confidence 3)
IFIH1	1	3	ClinGen,PanelApp,gene2phenotype	yes	no	IFIH1-related Aicardi-Goutieres syndrome () | IFIH1-related Singleton-Merten syndrome () | IFIH1-related type 1 interferonopathy (Definitive) | Intellectual disability (confidence 3)
IFT122	1	3	ClinGen,PanelApp,gene2phenotype	yes	no	Cystic renal disease (confidence 3) | IFT122-related cranioectodermal dysplasia () | Intellectual disability (confidence 1) | cranioectodermal dysplasia 1 (Definitive)
IFT140	1	3	ClinGen,PanelApp,gene2phenotype	yes	no	Cystic renal disease (confidence 3) | IFT140-related recessive ciliopathy (Definitive) | IFT140-related short-rib thoracic dysplasia with or without polydactyly () | Intellectual disability (confidence 1) | autosomal dominant polycystic kidney disease (Definitive)
IFT172	1	3	ClinGen,PanelApp,gene2phenotype	yes	no	Cystic renal disease (confidence 3) | IFT172-related short-rib thoracic dysplasia with or without polydactyly () | Intellectual disability (confidence 3) | ciliopathy (Definitive)
IFT27	1	2	ClinGen,PanelApp	yes	no	Cystic renal disease (confidence 3) | Intellectual disability (confidence 2) | ciliopathy (Definitive)
IFT43	1	3	ClinGen,PanelApp,gene2phenotype	yes	no	Cystic renal disease (confidence 3) | IFT43-related cranioectodermal dysplasia () | Intellectual disability (confidence 2) | ciliopathy (Moderate)
IFT54	1	2	ClinGen,PanelApp	yes	no	Cystic renal disease (confidence 3) | ciliopathy (Definitive)
IFT74	1	3	ClinGen,PanelApp,gene2phenotype	yes	no	Cystic renal disease (confidence 1) | IFT74-related ciliopathy () | ciliopathy-IFT74 (Definitive)
IFT80	1	3	ClinGen,PanelApp,gene2phenotype	yes	no	IFT80-related asphyxiating thoracic dystrophy () | Intellectual disability (confidence 1) | asphyxiating thoracic dystrophy 2 (Definitive)
IGF1	1	2	PanelApp,gene2phenotype	yes	no	IGF1-related insulin-like growth factor I deficiency () | Intellectual disability (confidence 3) | Severe microcephaly (confidence 3)
IGF1R	1	2	PanelApp,gene2phenotype	yes	no	IGF1R-related insulin-like growth factor I, resistance to () | Intellectual disability (confidence 3) | Severe microcephaly (confidence 3)
IGF2	1	3	ClinGen,PanelApp,gene2phenotype	yes	no	Beckwith-Wiedemann syndrome (BWS) and other congenital overgrowth disorders (confidence 1) | Childhood solid tumours (confidence 1) | IGF2-related Beckwith-Wiedemann syndrome () | IGF2-related Silver-Russell syndrome () | Intellectual disability (confidence 1) | Silver-Russell syndrome 3 (Definitive)
IGHMBP2	1	3	ClinGen,PanelApp,gene2phenotype	yes	no	IGHMBP2-related spinal muscular atrophy with respiratory distress () | Intellectual disability (confidence 1) | hereditary peripheral neuropathy (Definitive)
IKBKG	1	3	ClinGen,PanelApp,gene2phenotype	yes	no	IKBKG-related ectodermal dysplasia and immunodeficiency () | IKBKG-related immunodeficiency with or without ectodermal dysplasia (Definitive) | IKBKG-related incontinentia pigmenti () | Intellectual disability (confidence 3) | incontinentia pigmenti (Definitive)
IKZF2	1	2	ClinGen,gene2phenotype	yes	no	HELIOS deficiency (Moderate) | IKZF2-related ICHAD syndrome ()
IL11RA	1	3	ClinGen,PanelApp,gene2phenotype	yes	no	IL11RA-related craniosynostosis () | Intellectual disability (confidence 1) | craniosynostosis and dental anomalies (Definitive)
IL1RAPL1	1	3	ClinGen,PanelApp,gene2phenotype	yes	no	IL1RAPL1-related intellectual developmental disorder () | Intellectual disability (confidence 3) | non-syndromic X-linked intellectual disability (Definitive)
INF2	1	2	ClinGen,PanelApp	yes	no	Charcot-Marie-Tooth disease dominant intermediate E (Definitive) | Intellectual disability (confidence 1)
INPP4A	1	2	PanelApp,gene2phenotype	yes	no	INPP4A-related neurodevelopmental disorder with spasticity, epilepsy and cerebellar hypoplasia () | Intellectual disability (confidence 3) | Severe microcephaly (confidence 3)
INPP5E	1	3	ClinGen,PanelApp,gene2phenotype	yes	no	Cystic renal disease (confidence 1) | Cystic renal disease (confidence 3) | INPP5E-related Joubert syndrome () | INPP5E-related intellectual development disorder, truncal obesity, retinal dystrophy, and micropenis () | Intellectual disability (confidence 3) | Joubert syndrome 1 (Definitive)
INPP5K	1	2	PanelApp,gene2phenotype	yes	no	INPP5K-related muscular dystrophy, congenital, with cataracts, and intellectual disability () | Intellectual disability (confidence 3)
INPPL1	1	3	ClinGen,PanelApp,gene2phenotype	yes	no	INPPL1-related opsismodysplasia () | Intellectual disability (confidence 1) | opsismodysplasia (Definitive)
INSR	1	2	ClinGen,PanelApp	yes	no	Donohue syndrome (Definitive) | Intellectual disability (confidence 1) | insulin-resistance syndrome type A (Definitive)
INTS1	1	2	PanelApp,gene2phenotype	yes	no	INTS1-related neurodevelopmental disorder with cataracts, hypotonia and gait abnormality () | Intellectual disability (confidence 3)
INTS11	1	2	PanelApp,gene2phenotype	yes	no	INTS11-related neurodevelopmental disorder with motor and language delay, ocular defects, and brain abnormalities () | Intellectual disability (confidence 3) | Severe microcephaly (confidence 3)
INVS	1	2	ClinGen,PanelApp	yes	no	Cystic renal disease (confidence 3) | nephronophthisis 2 (Definitive)
IQCB1	1	2	ClinGen,PanelApp	yes	no	Cystic renal disease (confidence 1) | Cystic renal disease (confidence 3) | ciliopathy (Definitive)
IQSEC2	1	3	ClinGen,PanelApp,gene2phenotype	yes	no	IQSEC2-related intellectual developmental disorder () | Intellectual disability (confidence 3) | X-linked complex neurodevelopmental disorder (Definitive)
IREB2	1	2	PanelApp,gene2phenotype	yes	no	IREB2-related neurodevelopmental disorder () | Intellectual disability (confidence 3)
IRF2BPL	1	3	ClinGen,PanelApp,gene2phenotype	yes	no	IRF2BPL-related neurodevelopmental disorder () | Intellectual disability (confidence 3) | neurodegenerative disease (Definitive)
IRF6	1	3	ClinGen,PanelApp,gene2phenotype	yes	no	IRF6-related Van der Woude syndrome () | IRF6-related condition (Definitive) | IRF6-related popliteal pterygium syndrome () | Intellectual disability (confidence 1)
IRX5	1	3	ClinGen,PanelApp,gene2phenotype	yes	no	IRX5-related hypertelorism, severe, with midface prominence, myopia, intellectual developmental disorder, and bone fragility () | Intellectual disability (confidence 3) | craniofacial dysplasia - osteopenia syndrome (Moderate)
ISCA2	1	2	ClinGen,PanelApp	yes	no	Intellectual disability (confidence 2) | mitochondrial disease (Definitive)
ITCH	1	3	ClinGen,PanelApp,gene2phenotype	yes	no	ITCH-related autoimmune disease, syndromic multisystem () | Intellectual disability (confidence 1) | syndromic multisystem autoimmune disease due to ITCH deficiency (Definitive)
ITGA3	1	3	ClinGen,PanelApp,gene2phenotype	yes	no	ITGA3-related interstitial lung disease, nephrotic syndrome, and epidermolysis bullosa, congenital () | Intellectual disability (confidence 1) | epidermolysis bullosa, junctional 7, with interstitial lung disease and nephrotic syndrome (Definitive)
ITPA	1	2	ClinGen,PanelApp	yes	no	Intellectual disability (confidence 3) | genetic developmental and epileptic encephalopathy (Definitive)
ITPR1	1	3	ClinGen,PanelApp,gene2phenotype	yes	no	ITPR1-related Gillespie Syndrome () | ITPR1-related spinocerebellar ataxia, congenital nonprogressive () | Intellectual disability (confidence 3) | aniridia-cerebellar ataxia-intellectual disability syndrome (Definitive) | spinocerebellar ataxia type 29 (Definitive)
ITPR3	1	2	ClinGen,gene2phenotype	yes	no	Charcot-Marie-Tooth disease, demyelinating, type 1J (Definitive) | ITPR3-related immunodeficiency with ectodermal dysplasia with or without peripheral neuropathy ()
IVD	1	3	ClinGen,PanelApp,gene2phenotype	yes	no	IVD-related isovaleric acidemia () | Intellectual disability (confidence 3) | isovaleric acidemia (Definitive)
JAG2	1	2	ClinGen,gene2phenotype	yes	no	JAG2-related muscular dystrophy () | autosomal recessive limb-girdle muscular dystrophy (Moderate)
JAK3	1	3	ClinGen,PanelApp,gene2phenotype	yes	no	Intellectual disability (confidence 1) | JAK3-related severe combined immunodeficiency, T-cell negative, B-cell positive, NK-cell negative () | T-B+ severe combined immunodeficiency due to JAK3 deficiency (Definitive)
JAM3	1	2	PanelApp,gene2phenotype	yes	no	Intellectual disability (confidence 3) | JAM3-related hemorrhagic destruction of the brain, subependymal calcification, and cataracts ()
JARID2	1	3	ClinGen,PanelApp,gene2phenotype	yes	no	Intellectual disability (confidence 3) | JARID2-related neurodevelopmental disorder () | developmental delay with variable intellectual disability and dysmorphic facies (Definitive)
KANSL1	1	3	ClinGen,PanelApp,gene2phenotype	yes	no	Intellectual disability (confidence 3) | KANSL1-related chromosome 17q21.31 microdeletion syndrome () | Koolen-de Vries syndrome (Definitive)
KAT5	1	3	PanelApp,gene2phenotype,mitotic_panel	yes	yes	Intellectual disability (confidence 3) | KAT5-related neurodevelopmental syndrome () | tier 3
KAT6A	1	3	ClinGen,PanelApp,gene2phenotype	yes	no	Intellectual disability (confidence 3) | KAT6A-related intellectual developmental disorder () | syndromic intellectual disability (Definitive)
KAT6B	1	3	ClinGen,PanelApp,gene2phenotype	yes	no	Intellectual disability (confidence 3) | KAT6B-related Say-Barber-Biesecker-Young-Simpson syndrome () | KAT6B-related genitopatellar syndrome () | KAT6B-related multiple congenital anomalies syndrome (Definitive) | RASopathy (Disputed)
KBTBD13	1	3	ClinGen,PanelApp,gene2phenotype	yes	no	Intellectual disability (confidence 1) | KBTBD13-related nemaline myopathy () | nemaline myopathy 6 (Definitive)
KCNA1	1	3	ClinGen,PanelApp,gene2phenotype	yes	no	Intellectual disability (confidence 2) | KCNA1-related epileptic encephalopathy () | KCNA1-related episodic ataxia with or without seizures () | episodic ataxia type 1 (Definitive)
KCNA2	1	3	ClinGen,PanelApp,gene2phenotype	yes	no	Intellectual disability (confidence 3) | KCNA2-related epileptic encephalopathy () | genetic developmental and epileptic encephalopathy (Definitive)
KCNB1	1	3	ClinGen,PanelApp,gene2phenotype	yes	no	Intellectual disability (confidence 3) | KCNB1-related epileptic encephalopathy, early infantile () | complex neurodevelopmental disorder (Definitive)
KCNB2	1	2	PanelApp,gene2phenotype	yes	no	Intellectual disability (confidence 3) | KCNB2-related neurodevelopmental disorder ()
KCNC1	1	3	ClinGen,PanelApp,gene2phenotype	yes	no	Intellectual disability (confidence 3) | KCNC1-related epilepsy, progressive myoclonic () | complex neurodevelopmental disorder (Definitive) | progressive myoclonus epilepsy (Definitive)
KCNC3	1	3	ClinGen,PanelApp,gene2phenotype	yes	no	Intellectual disability (confidence 2) | KCNC3-related spinocerebellar ataxia () | spinocerebellar ataxia type 13 (Definitive)
KCND2	1	3	ClinGen,PanelApp,gene2phenotype	yes	no	Intellectual disability (confidence 3) | KCND2-related neurodevelopmental disorder with or without seizures () | KCND2-related neurodevelopmental disorder with or without seizures (Moderate)
KCNH1	1	3	ClinGen,PanelApp,gene2phenotype	yes	no	Intellectual disability (confidence 3) | KCNH1 associated disorder (Definitive) | KCNH1-related Temple-Baraitser syndrome ()
KCNH5	1	3	ClinGen,PanelApp,gene2phenotype	yes	no	Intellectual disability (confidence 3) | KCNH5-related epilepsy and epileptic encephalopathy () | neonatal/infantile epilepsy syndrome (Definitive)
KCNJ1	1	2	ClinGen,PanelApp	yes	no	Bartter disease type 2 (Definitive) | Nephrocalcinosis or nephrolithiasis (confidence 3)
KCNJ10	1	3	ClinGen,PanelApp,gene2phenotype	yes	no	EAST syndrome (Definitive) | Intellectual disability (confidence 3) | KCNJ10-related seizures-sensorineural deafness-ataxia-intellectual developmental disorder-electrolyte imbalance () | enlarged vestibular aqueduct syndrome (Disputed)
KCNJ11	1	3	ClinGen,PanelApp,gene2phenotype	yes	no	Intellectual disability (confidence 3) | KCNJ11-related diabetes mellitus, transient neonatal () | KCNJ11-related familial hyperinsulinism () | hyperinsulinemic hypoglycemia, familial, 2 (Definitive) | hyperinsulinemic hypoglycemia, familial, 2 (Limited) | monogenic diabetes (Definitive)
KCNJ2	1	2	ClinGen,PanelApp	yes	no	Intellectual disability (confidence 1) | catecholaminergic polymorphic ventricular tachycardia (Disputed) | congenital heart disease (No Known Disease Relationship) | long QT syndrome (Limited) | short QT syndrome (Moderate)
KCNJ6	1	2	PanelApp,gene2phenotype	yes	no	Intellectual disability (confidence 3) | KCNJ6-related Keppen-Lubinsky syndrome ()
KCNK3	1	3	ClinGen,PanelApp,gene2phenotype	yes	no	Intellectual disability (confidence 3) | KCNK3-related developmental delay with sleep apnea () | pulmonary arterial hypertension (Definitive)
KCNK4	1	3	ClinGen,PanelApp,gene2phenotype	yes	no	Intellectual disability (confidence 2) | KCNK4-related facial dysmorphism, hypertrichosis, epilepsy, intellectual and developmental delay, and gingival overgrowth syndrome (FHEIG) () | facial dysmorphism, hypertrichosis, epilepsy, intellectual/developmental delay, and gingival overgrowth syndrome (Moderate)
KCNK9	1	2	PanelApp,gene2phenotype	yes	no	Intellectual disability (confidence 3) | KCNK9-related Birk-Barel syndrome ()
KCNMA1	1	3	ClinGen,PanelApp,gene2phenotype	yes	no	Intellectual disability (confidence 3) | KCNMA1-related developmental delay, seizures and cerebellar atrophy () | KCNMA1-related generalized epilepsy and paroxysmal dyskinesia () | generalized epilepsy-paroxysmal dyskinesia syndrome (Definitive) | generalized epilepsy-paroxysmal dyskinesia syndrome (Moderate)
KCNN2	1	2	PanelApp,gene2phenotype	yes	no	Intellectual disability (confidence 3) | KCNN2-related neurodevelopmental disorder with or without movement disorder ()
KCNN3	1	2	PanelApp,gene2phenotype	yes	no	Intellectual disability (confidence 3) | KCNN3-related Zimmermann-Laband syndrome ()
KCNQ1	1	3	ClinGen,PanelApp,gene2phenotype	yes	no	Intellectual disability (confidence 1) | Jervell and Lange-Nielsen syndrome (Definitive) | KCNQ1-related Jervell and Lange-Nielsen syndrome () | hypertrophic cardiomyopathy (Disputed) | long QT syndrome (Definitive) | short QT syndrome (Strong)
KCNQ2	1	3	ClinGen,PanelApp,gene2phenotype	yes	no	Intellectual disability (confidence 3) | KCNQ2-related benign neonatal epilepsy () | KCNQ2-related epileptic encephalopathy () | complex neurodevelopmental disorder (Definitive) | neonatal encephalopathy with non-epileptic myoclonus (Definitive) | neonatal-onset developmental and epileptic encephalopathy (Definitive)
KCNQ3	1	3	ClinGen,PanelApp,gene2phenotype	yes	no	Intellectual disability (confidence 3) | KCNQ3-related syndrome () | complex neurodevelopmental disorder (Definitive) | genetic developmental and epileptic encephalopathy (Limited) | self-limited familial neonatal epilepsy (Moderate)
KCNQ5	1	2	PanelApp,gene2phenotype	yes	no	Intellectual disability (confidence 3) | KCNQ5-related intellectual disability with or without epileptic encephalopathy () | KCNQ5-related intellectual disability with or without epileptic encephalopathy, activating ()
KCNT1	1	3	ClinGen,PanelApp,gene2phenotype	yes	no	Intellectual disability (confidence 3) | KCNT1-related epilepsy () | KCNT1-related malignant migrating partial seizures of infancy () | childhood-onset epilepsy syndrome (Definitive)
KCNT2	1	3	ClinGen,PanelApp,gene2phenotype	yes	no	Intellectual disability (confidence 3) | KCNT2-related developmental and infantile epileptic encephalopathy () | complex neurodevelopmental disorder (Definitive)
KCTD1	1	3	ClinGen,PanelApp,gene2phenotype	yes	no	Intellectual disability (confidence 1) | KCTD1-related scalp-ear-nipple syndrome () | scalp-ear-nipple syndrome (Definitive)
KCTD7	1	3	ClinGen,PanelApp,gene2phenotype	yes	no	Intellectual disability (confidence 3) | KCTD7-related progressive myoclonic epilepsy () | progressive myoclonus epilepsy (Definitive)
KDM1A	1	3	ClinGen,PanelApp,gene2phenotype	yes	no	Intellectual disability (confidence 3) | KDM1A-related developmental delay and distinctive facial features () | palatal anomalies-widely spaced teeth-facial dysmorphism-developmental delay syndrome (Definitive)
KDM2B	1	2	PanelApp,gene2phenotype	yes	no	Intellectual disability (confidence 3) | KDM2B-related neurodevelopmental disorder ()
KDM3B	1	3	ClinGen,PanelApp,gene2phenotype	yes	no	Childhood solid tumours (confidence 3) | Intellectual disability (confidence 3) | KDM3B-related Diets-Jongmans syndrome () | syndromic intellectual disability (Definitive)
KDM4B	1	3	ClinGen,PanelApp,gene2phenotype	yes	no	Intellectual disability (confidence 3) | KDM4B-related developmental disorder () | intellectual developmental disorder, autosomal dominant 65 (Strong)
KDM5A	1	3	ClinGen,PanelApp,gene2phenotype	yes	no	Intellectual disability (confidence 3) | KDM5A-related intellectual developmental disorder () | congenital heart disease (Limited)
KDM5B	1	3	ClinGen,PanelApp,gene2phenotype	yes	no	Intellectual disability (confidence 3) | KDM5B-related neurodevelopmental disorder (biallelic) () | KDM5B-related neurodevelopmental disorder (monoallelic) () | intellectual disability (Moderate)
KDM5C	1	3	ClinGen,PanelApp,gene2phenotype	yes	no	Intellectual disability (confidence 3) | KDM5C-related syndromic intellectual developmental disorder () | X-linked complex neurodevelopmental disorder (Definitive)
KDM6A	1	3	ClinGen,PanelApp,gene2phenotype	yes	no	Intellectual disability (confidence 3) | KDM6A-related Kabuki syndrome () | Kabuki syndrome 2 (Definitive)
KDM6B	1	3	ClinGen,PanelApp,gene2phenotype	yes	no	Intellectual disability (confidence 3) | KDM6B-related developmental disorder () | KDM6B-related intellectual developmental disorder () | syndromic intellectual disability (Definitive) | syndromic intellectual disability (Limited)
KIAA0586	1	2	PanelApp,gene2phenotype	yes	no	Cystic renal disease (confidence 3) | Intellectual disability (confidence 3) | KIAA0586-related Joubert syndrome ()
KIDINS220	1	3	ClinGen,PanelApp,gene2phenotype	yes	no	Intellectual disability (confidence 3) | KIDINS220-related developmental disorder () | KIDINS220-related spastic paraplegia, intellectual disability, nystagmus, and obesity () | spastic paraplegia, intellectual disability, nystagmus, and obesity (Definitive) | ventriculomegaly and arthrogryposis (Definitive)
KIF11	1	4	ClinGen,PanelApp,gene2phenotype,mitotic_panel	yes	yes	Intellectual disability (confidence 3) | KIF11-related microcephaly with or without chorioretinopathy, lymphedema, and developmental delay () | Severe microcephaly (confidence 3) | microcephaly with or without chorioretinopathy, lymphedema, or intellectual disability (Definitive) | tier 3
KIF14	1	3	PanelApp,gene2phenotype,mitotic_panel	yes	yes	Cystic renal disease (confidence 2) | Intellectual disability (confidence 3) | KIF14-related severe microcephaly and short stature () | Severe microcephaly (confidence 3) | tier 3
KIF1A	1	3	ClinGen,PanelApp,gene2phenotype	yes	no	Intellectual disability (confidence 3) | KIF1A-related NESCAV syndrome () | KIF1A-related neuropathy, hereditary sensory () | syndromic intellectual disability (Definitive)
KIF21A	1	2	ClinGen,PanelApp	yes	no	Intellectual disability (confidence 1) | congenital fibrosis of extraocular muscles (Definitive)
KIF26A	1	2	ClinGen,PanelApp	yes	no	Intellectual disability (confidence 2) | complex cortical dysplasia with other brain malformations (Strong)
KIF2A	1	3	PanelApp,gene2phenotype,mitotic_panel	yes	yes	Intellectual disability (confidence 3) | KIF2A-related malformations of cortical development and microcephaly () | tier 3
KIF4A	1	4	ClinGen,PanelApp,gene2phenotype,mitotic_panel	yes	yes	Intellectual disability (confidence 3) | KIF4A-related intellectual disability () | complex neurodevelopmental disorder with or without congenital anomalies (Limited) | tier 3
KIF5A	1	3	ClinGen,PanelApp,gene2phenotype	yes	no	Intellectual disability (confidence 3) | KIF5A-related severe neonatal myoclonus () | amyotrophic lateral sclerosis, susceptibility to, 25 (Definitive) | inherited neurodegenerative disorder (Definitive)
KIF5C	1	3	ClinGen,PanelApp,gene2phenotype	yes	no	Intellectual disability (confidence 3) | KIF5C-related cortical dysplasia, complex, with other brain malformations () | complex cortical dysplasia with other brain malformations 2 (Moderate)
KIF7	1	2	PanelApp,gene2phenotype	yes	no	Cystic renal disease (confidence 1) | Cystic renal disease (confidence 3) | Intellectual disability (confidence 3) | KIF7-related acrocallosal syndrome ()
KIFBP	1	2	ClinGen,gene2phenotype	yes	no	Goldberg-Shprintzen syndrome (Definitive) | KIFBP-related Goldberg-Shprintzen megacolon syndrome ()
KIT	1	3	ClinGen,PanelApp,gene2phenotype	yes	no	Intellectual disability (confidence 1) | KIT-related piebaldism () | gastrointestinal stromal tumor (Definitive)
KLF7	1	2	PanelApp,gene2phenotype	yes	no	Intellectual disability (confidence 3) | KLF7-related developmental disorder ()
KLHL20	1	3	ClinGen,PanelApp,gene2phenotype	yes	no	Intellectual disability (confidence 3) | KLHL20-related developmental disorder with seizures () | complex neurodevelopmental disorder (Moderate)
KLHL40	1	3	ClinGen,PanelApp,gene2phenotype	yes	no	Intellectual disability (confidence 1) | KLHL40-related nemaline myopathy () | nemaline myopathy 8 (Definitive)
KLHL7	1	2	PanelApp,gene2phenotype	yes	no	Intellectual disability (confidence 3) | KLHL7-related PERCHING syndrome (developmental delay, dysmorphism, feeding and respiratory difficulties, hypotonia, and joint contractures) ()
KMT2A	1	3	ClinGen,PanelApp,gene2phenotype	yes	no	Intellectual disability (confidence 3) | KMT2A-related Wiedemann-Steiner syndrome () | Wiedemann-Steiner syndrome (Definitive)
KMT2B	1	3	ClinGen,PanelApp,gene2phenotype	yes	no	Intellectual disability (confidence 3) | KMT2B-related complex early-onset dystonia () | Severe microcephaly (confidence 3) | complex neurodevelopmental disorder with motor features (Definitive)
KMT2C	1	3	ClinGen,PanelApp,gene2phenotype	yes	no	Intellectual disability (confidence 3) | KMT2C-related intellectual disability () | syndromic intellectual disability (Definitive)
KMT2D	1	3	ClinGen,PanelApp,gene2phenotype	yes	no	Intellectual disability (confidence 3) | KMT2D-related Kabuki syndrome () | KMT2D-related multiple malformations syndrome (BCAHH) () | Kabuki syndrome 1 (Definitive)
KMT2E	1	3	ClinGen,PanelApp,gene2phenotype	yes	no	Intellectual disability (confidence 3) | KMT2E-related neurodevelopmental disorder/O'Donnell-Luria-Rodan syndrome () | complex neurodevelopmental disorder (Definitive)
KMT5B	1	3	ClinGen,PanelApp,gene2phenotype	yes	no	Intellectual disability (confidence 3) | KMT5B-related intellectual developmental disorder () | complex neurodevelopmental disorder (Definitive)
KNL1	1	3	PanelApp,gene2phenotype,mitotic_panel	yes	yes	Intellectual disability (confidence 3) | KNL1-related primary microcephaly () | Severe microcephaly (confidence 3) | tier 2
KPTN	1	3	ClinGen,PanelApp,gene2phenotype	yes	no	Intellectual disability (confidence 3) | KPTN-related macrocephaly, neurodevelopmental delay, and seizures () | complex neurodevelopmental disorder (Definitive)
KRAS	1	3	ClinGen,PanelApp,gene2phenotype	yes	no	Childhood solid tumours (confidence 3) | Childhood solid tumours cancer susceptibility (confidence 3) | Costello syndrome (Disputed) | Familial rhabdomyosarcoma (confidence 1) | Intellectual disability (confidence 3) | KRAS-related Noonan syndrome ()
L1CAM	1	3	ClinGen,PanelApp,gene2phenotype	yes	no	Intellectual disability (confidence 3) | L1 syndrome (Definitive) | L1CAM-related hydrocephalus due to stenosis of the aqueduct of sylvius ()
L2HGDH	1	3	ClinGen,PanelApp,gene2phenotype	yes	no	Intellectual disability (confidence 3) | L2HGDH-related L-2-hydroxyglutaric aciduria () | mitochondrial disease (Definitive)
LAGE3	1	2	PanelApp,gene2phenotype	yes	no	LAGE3-related Galloway-Mowat syndrome () | Severe microcephaly (confidence 3)
LAMA1	1	2	PanelApp,gene2phenotype	yes	no	Intellectual disability (confidence 3) | LAMA1-related cerebellar dysplasia with cysts with or without retinal dystrophy ()
LAMA2	1	3	ClinGen,PanelApp,gene2phenotype	yes	no	Intellectual disability (confidence 3) | LAMA2-related congenital muscular dystrophy () | LAMA2-related muscular dystrophy (Definitive)
LAMB1	1	3	ClinGen,PanelApp,gene2phenotype	yes	no	Intellectual disability (confidence 3) | LAMB1-related cobblestone brain malformation without muscular or ocular abnormalities () | cobblestone lissencephaly without muscular or ocular involvement (Moderate)
LAMP2	1	3	ClinGen,PanelApp,gene2phenotype	yes	no	Danon disease (Definitive) | Intellectual disability (confidence 3) | LAMP2-related Danon disease ()
LARGE1	1	3	ClinGen,PanelApp,gene2phenotype	yes	no	Intellectual disability (confidence 3) | LARGE1-related muscular dystrophy-dystroglycanopathy congenital with intellectual developmental disorder () | muscular dystrophy-dystroglycanopathy (Definitive)
LARP7	1	2	PanelApp,gene2phenotype	yes	no	Intellectual disability (confidence 3) | LARP7-related Alazami syndrome () | Severe microcephaly (confidence 3)
LARS2	1	3	ClinGen,PanelApp,gene2phenotype	yes	no	Intellectual disability (confidence 2) | LARS2-related Perrault syndrome () | Perrault syndrome (Definitive)
LBR	1	3	ClinGen,PanelApp,gene2phenotype	yes	no	Greenberg dysplasia (Moderate) | Intellectual disability (confidence 1) | LBR-related hydrops-ectopic calcification-moth-eaten skeletal dysplasia () | regressive spondylometaphyseal dysplasia (Moderate)
LDB3	1	3	ClinGen,PanelApp,gene2phenotype	yes	no	Intellectual disability (confidence 1) | LDB3-related myopathy myofibrillar () | arrhythmogenic right ventricular cardiomyopathy (Disputed) | cardiomyopathy, dilated, 2l (Strong) | dilated cardiomyopathy 1C (Limited) | hypertrophic cardiomyopathy (Disputed)
LDLR	1	2	ClinGen,PanelApp	yes	no	Additional findings health related - children (confidence 3) | hypercholesterolemia, familial, 1 (Definitive)
LETM1	1	2	PanelApp,gene2phenotype	yes	no	Intellectual disability (confidence 3) | LETM1-related neurodevelopmental disorder ()
LGI1	1	2	ClinGen,PanelApp	yes	no	Intellectual disability (confidence 1) | autosomal dominant epilepsy with auditory features (Definitive)
LHX2	1	3	ClinGen,PanelApp,gene2phenotype	yes	no	Intellectual disability (confidence 3) | LHX2-related neurodevelopmental disorder with or without microcephaly () | Severe microcephaly (confidence 2) | complex neurodevelopmental disorder (Strong)
LIAS	1	3	ClinGen,PanelApp,gene2phenotype	yes	no	Intellectual disability (confidence 3) | LIAS-related neonatal-onset epilepsy, defective mitochondrial energy metabolism and glycine elevation () | Leigh syndrome (Limited) | mitochondrial disease (Moderate)
LIFR	1	2	ClinGen,gene2phenotype	yes	no	LIFR-related Stuve-Wiedeman syndrome () | obsolete Stüve-Wiedemann syndrome (Definitive)
LIG4	1	3	ClinGen,PanelApp,gene2phenotype	yes	no	DNA ligase IV deficiency (Definitive) | Intellectual disability (confidence 3) | LIG4-related syndrome () | Severe microcephaly (confidence 3)
LINS1	1	3	ClinGen,PanelApp,gene2phenotype	yes	no	Intellectual disability (confidence 3) | LINS1-related intellectual developmental disorder () | complex neurodevelopmental disorder (Definitive)
LIPT1	1	3	ClinGen,PanelApp,gene2phenotype	yes	no	Intellectual disability (confidence 3) | LIPT1-related Leigh syndrome with secondary deficiency for pyruvate and alpha-ketoglutarate dehydrogenase () | Leigh syndrome (Moderate)
LITAF	1	2	ClinGen,PanelApp	yes	no	Charcot-Marie-Tooth disease (Definitive) | Intellectual disability (confidence 1)
LMBRD1	1	3	ClinGen,PanelApp,gene2phenotype	yes	no	Intellectual disability (confidence 2) | LMBRD1-related methylmalonic aciduria and homocystinuria () | methylmalonic aciduria and homocystinuria type cblF (Definitive)
LMBRD2	1	2	PanelApp,gene2phenotype	yes	no	Intellectual disability (confidence 3) | LMBRD2-related intellectual disability ()
LMNA	1	3	ClinGen,PanelApp,gene2phenotype	yes	no	Intellectual disability (confidence 2) | LMNA-related Charcot-Marie-Tooth disease () | LMNA-related Emery-Dreifuss muscular dystrophy () | LMNA-related Hutchinson-Gilford progeria syndrome () | LMNA-related familial partial lipodystrophy () | arrhythmogenic right ventricular cardiomyopathy (Limited)
LMNB1	1	3	ClinGen,PanelApp,gene2phenotype	yes	no	Intellectual disability (confidence 3) | LMNB1-related developmental disorder () | Severe microcephaly (confidence 3) | microcephaly 26, primary, autosomal dominant (Definitive)
LMNB2	1	2	PanelApp,gene2phenotype	yes	no	Intellectual disability (confidence 2) | LMNB2-related primary microcephaly () | Severe microcephaly (confidence 3)
LMOD2	1	2	ClinGen,gene2phenotype	yes	no	LMOD2-related infantile dilated cardiomyopathy () | cardiomyopathy, dilated, 2G (Definitive)
LMOD3	1	2	ClinGen,gene2phenotype	yes	no	LMOD3-related nemaline myopathy () | nemaline myopathy 10 (Definitive)
LMX1B	1	3	ClinGen,PanelApp,gene2phenotype	yes	no	Intellectual disability (confidence 1) | LMX1B-related nail-patella syndrome () | nail-patella syndrome (Definitive)
LONP1	1	3	ClinGen,PanelApp,gene2phenotype	yes	no	Intellectual disability (confidence 3) | LONP1-related CODAS syndrome () | LONP1-related congenital diaphragmatic hernia () | Leigh syndrome (Limited)
LOXHD1	1	2	ClinGen,PanelApp	yes	no	Intellectual disability (confidence 1) | nonsyndromic genetic hearing loss (Definitive)
LRAT	1	3	ClinGen,PanelApp,gene2phenotype	yes	no	Intellectual disability (confidence 1) | LRAT-related Leber congenital amaurosis () | inherited retinal dystrophy (Definitive)
LRBA	1	2	ClinGen,gene2phenotype	yes	no	LRBA-related childhood-onset hypogammaglobulinemia () | combined immunodeficiency due to LRBA deficiency (Definitive)
LRP2	1	3	ClinGen,PanelApp,gene2phenotype	yes	no	Intellectual disability (confidence 3) | LRP2-related Donnai-Barrow syndrome () | LRP2-related intellectual disability () | congenital heart disease (No Known Disease Relationship)
LRP4	1	3	ClinGen,PanelApp,gene2phenotype	yes	no	Cenani-Lenz syndactyly syndrome (Definitive) | Intellectual disability (confidence 1) | LRP4-related Cenani-Lenz syndactyly syndrome () | congenital myasthenic syndrome 17 (Limited)
LRP5	1	3	ClinGen,PanelApp,gene2phenotype	yes	no	Intellectual disability (confidence 2) | LRP5-related exudative vitreoretinopathy () | LRP5-related exudative vitreoretinopathy (Definitive) | LRP5-related osteopetrosis () | LRP5-related osteoporosis-pseudoglioma syndrome on a spectrum with FEVR with osteopenia () | polycystic liver disease 4 with or without kidney cysts (Limited)
LRPPRC	1	3	ClinGen,PanelApp,gene2phenotype	yes	no	Intellectual disability (confidence 3) | LRPPRC-related Leigh syndrome, French-Canadian type () | Leigh syndrome (Definitive) | mitochondrial disease (Definitive)
LRRC56	1	2	ClinGen,gene2phenotype	yes	no	LRRC56-related mucociliary clearance and laterality defects () | ciliary dyskinesia, primary, 39 (Moderate)
LRRK2	1	2	ClinGen,PanelApp	yes	no	Intellectual disability (confidence 1) | Parkinson disease (Definitive)
LTBP2	1	3	ClinGen,PanelApp,gene2phenotype	yes	no	Intellectual disability (confidence 1) | LTBP2-related microspherophakia and/or megalocornea, with ectopia lentis and with or without secondary glaucoma () | glaucoma 3, primary congenital, D (Definitive)
LYRM7	1	2	ClinGen,PanelApp	yes	no	Intellectual disability (confidence 3) | mitochondrial disease (Definitive)
LYST	1	3	ClinGen,PanelApp,gene2phenotype	yes	no	Chediak-Higashi syndrome (Definitive) | Intellectual disability (confidence 1) | LYST-related  Chediak-Higashi syndrome ()
LZTFL1	1	2	ClinGen,PanelApp	yes	no	Cystic renal disease (confidence 3) | Intellectual disability (confidence 2) | LZTFL1-related ciliopathy (Definitive)
LZTR1	1	3	ClinGen,PanelApp,gene2phenotype	yes	no	Childhood solid tumours (confidence 2) | Intellectual disability (confidence 3) | LZTR1-related Noonan syndrome (biallelic) () | LZTR1-related Noonan syndrome (monoallelic) () | LZTR1-related schwannomatosis (Definitive) | Noonan syndrome (Definitive)
MAB21L1	1	3	ClinGen,PanelApp,gene2phenotype	yes	no	Intellectual disability (confidence 3) | MAB21L1-related cerebello-oculo-facio-genital syndrome () | cerebellar, ocular, craniofacial, and genital syndrome (Strong)
MAB21L2	1	3	ClinGen,PanelApp,gene2phenotype	yes	no	Intellectual disability (confidence 3) | MAB21L2-related syndromic microphthalmia () | colobomatous microphthalmia-rhizomelic dysplasia syndrome (Definitive)
MACF1	1	3	ClinGen,PanelApp,gene2phenotype	yes	no	Intellectual disability (confidence 3) | MACF1-related defects in neuronal migration and axon guidance () | lissencephaly spectrum disorder with complex brainstem malformation (Moderate)
MADD	1	2	PanelApp,gene2phenotype	yes	no	Intellectual disability (confidence 3) | MADD-related developmental disorder ()
MAF	1	2	PanelApp,gene2phenotype	yes	no	Intellectual disability (confidence 3) | MAF-related cataract () | MAF-related cataracts, congenital, with sensorineural deafness, down syndrome-like facial appearance, short stature, and mental retardation ()
MAG	1	2	ClinGen,PanelApp	yes	no	Intellectual disability (confidence 3) | complex hereditary spastic paraplegia (Definitive)
MAGEL2	1	3	ClinGen,PanelApp,gene2phenotype	yes	no	Intellectual disability (confidence 3) | MAGEL2-related Schaaf-Yang syndrome () | Schaaf-Yang syndrome (Definitive)
MAGT1	1	3	ClinGen,PanelApp,gene2phenotype	yes	no	Intellectual disability (confidence 1) | MAGT1-related intellectual developmental disorder () | X-linked immunodeficiency with magnesium defect, Epstein-Barr virus infection and neoplasia (Definitive) | X-linked intellectual disability (Disputed)
MAN1B1	1	3	ClinGen,PanelApp,gene2phenotype	yes	no	Intellectual disability (confidence 3) | MAN1B1-congenital disorder of glycosylation (Definitive) | MAN1B1-related intellectual developmental disorder ()
MAN2B1	1	3	ClinGen,PanelApp,gene2phenotype	yes	no	Intellectual disability (confidence 3) | MAN2B1-related lysosomal alpha-mannosidosis () | alpha-mannosidosis (Definitive)
MAN2C1	1	3	ClinGen,PanelApp,gene2phenotype	yes	no	Intellectual disability (confidence 3) | MAN2C1-related neurodevelopmental disorder with cerebral malformations () | congenital disorder of deglycosylation 2 (Moderate)
MANBA	1	3	ClinGen,PanelApp,gene2phenotype	yes	no	Intellectual disability (confidence 3) | MANBA-related lysosomal beta-mannosidosis () | beta-mannosidosis (Definitive)
MAOA	1	3	ClinGen,PanelApp,gene2phenotype	yes	no	Brunner syndrome (Definitive) | Intellectual disability (confidence 3) | MAOA-related Brunner syndrome ()
MAP1B	1	2	ClinGen,PanelApp	yes	no	Intellectual disability (confidence 3) | periventricular nodular heterotopia (Strong)
MAP2K1	1	3	ClinGen,PanelApp,gene2phenotype	yes	no	Childhood solid tumours (confidence 2) | Childhood solid tumours cancer susceptibility (confidence 3) | Costello syndrome (Disputed) | Intellectual disability (confidence 3) | MAP2K1-related cardiofaciocutaneous syndrome () | Noonan syndrome (Limited)
MAP2K2	1	3	ClinGen,PanelApp,gene2phenotype	yes	no	Childhood solid tumours (confidence 2) | Childhood solid tumours cancer susceptibility (confidence 3) | Intellectual disability (confidence 3) | MAP2K2-related cardiofaciocutaneous syndrome () | Noonan syndrome (Limited) | cardiofaciocutaneous syndrome (Definitive)
MAP3K20	1	2	ClinGen,gene2phenotype	yes	no	MAP3K20-related centronuclear myopathy () | MAP3K20-related ectodermal dysplasia with craniosynostosis, sensorineural hearing loss, and limb anomalies () | MAP3K20-related split-foot malformation with mesoaxial polydactyly () | myopathy, centronuclear, 6, with fiber-type disproportion (Strong)
MAP4K4	1	2	PanelApp,gene2phenotype	yes	no	Intellectual disability (confidence 3) | MAP4K4-related neurodevelopmental disorder with or without congenital anomalies ()
MAPK1	1	2	PanelApp,gene2phenotype	yes	no	Intellectual disability (confidence 3) | MAPK1-related Noonan syndrome ()
MAPK8IP3	1	3	ClinGen,PanelApp,gene2phenotype	yes	no	Intellectual disability (confidence 3) | MAPK8IP3-related intellectual disability with variable brain anomalies () | neurodevelopmental disorder with or without variable brain abnormalities; NEDBA (Definitive)
MAPKAPK5	1	2	PanelApp,gene2phenotype	yes	no	Intellectual disability (confidence 3) | MAPKAPK5-related syndrome with synpolydactyly ()
MAPKBP1	1	2	ClinGen,PanelApp	yes	no	Cystic renal disease (confidence 3) | nephronophthisis 20 (Definitive)
MAPRE2	1	2	PanelApp,gene2phenotype	yes	no	Intellectual disability (confidence 3) | MAPRE2-related circumferential skin creases, Kunze type ()
MARS2	1	2	ClinGen,PanelApp	yes	no	Intellectual disability (confidence 1) | mitochondrial disease (Definitive)
MASP1	1	3	ClinGen,PanelApp,gene2phenotype	yes	no	3MC syndrome 1 (Definitive) | Intellectual disability (confidence 3) | MASP1-related 3MC syndrome ()
MAST1	1	2	PanelApp,gene2phenotype	yes	no	Intellectual disability (confidence 3) | MAST1-related developmental disorder ()
MAST3	1	2	PanelApp,gene2phenotype	yes	no	Intellectual disability (confidence 3) | MAST3-related developmental and epileptic encephalopathy ()
MAT1A	1	3	ClinGen,PanelApp,gene2phenotype	yes	no	Intellectual disability (confidence 3) | MAT1A-related methionine adenosyltransferase deficiency () | methionine adenosyltransferase deficiency (Definitive)
MAX	1	2	ClinGen,PanelApp	yes	no	Childhood solid tumours (confidence 3) | hereditary pheochromocytoma-paraganglioma (Definitive)
MBD5	1	3	ClinGen,PanelApp,gene2phenotype	yes	no	Intellectual disability (confidence 3) | MBD5-related intellectual developmental disorder () | complex neurodevelopmental disorder (Definitive)
MBOAT7	1	3	ClinGen,PanelApp,gene2phenotype	yes	no	Intellectual disability (confidence 3) | MBOAT7-related intellectual disability accompanied by epilepsy and autistic features () | complex neurodevelopmental disorder (Definitive)
MBTPS2	1	2	ClinGen,PanelApp	yes	no	IFAP syndrome 1, with or without BRESHECK syndrome (Definitive) | Intellectual disability (confidence 3)
MCCC1	1	3	ClinGen,PanelApp,gene2phenotype	yes	no	3-methylcrotonyl-CoA carboxylase deficiency (Definitive) | Intellectual disability (confidence 3) | MCCC1-related 3-methylcrotonyl-CoA carboxylase deficiency ()
MCCC2	1	3	ClinGen,PanelApp,gene2phenotype	yes	no	3-methylcrotonyl-CoA carboxylase deficiency (Definitive) | Intellectual disability (confidence 3) | MCCC2-related 3-methylcrotonyl-CoA carboxylase deficiency ()
MCEE	1	3	ClinGen,PanelApp,gene2phenotype	yes	no	Intellectual disability (confidence 1) | MCEE-related methylmalonyl-CoA epimerase deficiency () | methylmalonic acidemia due to methylmalonyl-CoA epimerase deficiency (Definitive)
MCM3AP	1	2	ClinGen,PanelApp	yes	no	Intellectual disability (confidence 3) | peripheral neuropathy, autosomal recessive, with or without impaired intellectual development (Definitive)
MCM9	1	2	ClinGen,PanelApp	yes	no	Intellectual disability (confidence 1) | MCM9-related gametogenic failure (Definitive)
MCOLN1	1	3	ClinGen,PanelApp,gene2phenotype	yes	no	Intellectual disability (confidence 3) | MCOLN1-related mucolipidosis IV () | mucolipidosis type IV (Definitive)
MCPH1	1	3	ClinGen,PanelApp,gene2phenotype	yes	no	Intellectual disability (confidence 3) | MCPH1-related microcephaly primary () | Severe microcephaly (confidence 3) | familial ovarian cancer (No Known Disease Relationship) | hereditary breast carcinoma (Limited) | microcephaly with intellectual disability (Definitive)
MDH2	1	2	PanelApp,gene2phenotype	yes	no	Intellectual disability (confidence 3) | MDH2-related early-onset severe encephalopathy ()
MECOM	1	2	ClinGen,gene2phenotype	yes	no	MECOM-associated syndrome (Definitive) | MECOM-related radioulnar synostosis with amegakaryocytic thrombocytopenia ()
MECP2	1	3	ClinGen,PanelApp,gene2phenotype	yes	no	Intellectual disability (confidence 3) | MECP2-related Rett syndrome () | MECP2-related duplication syndrome () | MECP2-related encephalopathy neonatal severe () | Rett syndrome (Definitive) | Severe microcephaly (confidence 3)
MECR	1	3	ClinGen,PanelApp,gene2phenotype	yes	no	Intellectual disability (confidence 1) | Leigh syndrome (Moderate) | MECR-related childhood-onset dystonia and optic atrophy ()
MED11	1	2	PanelApp,gene2phenotype	yes	no	Intellectual disability (confidence 3) | MED11-related neurodevelopmental disorder () | Severe microcephaly (confidence 2)
MED12	1	3	ClinGen,PanelApp,gene2phenotype	yes	no	Intellectual disability (confidence 3) | MED12-related Lujan-Fryns syndrome () | MED12-related Opitz-Kaveggia syndrome () | MED12-related developmental disorder () | MED12-related intellectual disability syndrome (Definitive)
MED12L	1	2	ClinGen,PanelApp	yes	no	Intellectual disability (confidence 3) | Nizon-Isidor syndrome (Definitive)
MED13	1	3	ClinGen,PanelApp,gene2phenotype	yes	no	Intellectual disability (confidence 3) | MED13-related neurodevelopmental disorder () | complex neurodevelopmental disorder (Definitive)
MED13L	1	3	ClinGen,PanelApp,gene2phenotype	yes	no	Intellectual disability (confidence 3) | MED13L-related intellectual disability () | congenital heart disease (Limited) | syndromic intellectual disability (Definitive)
MED17	1	2	PanelApp,gene2phenotype	yes	no	Intellectual disability (confidence 3) | MED17-related microcephaly, postnatal progressive, with seizures and brain atrophy () | Severe microcephaly (confidence 2)
MED23	1	3	ClinGen,PanelApp,gene2phenotype	yes	no	Intellectual disability (confidence 3) | MED23-related intellectual developmental disorder () | syndromic intellectual disability (Moderate)
MED25	1	3	ClinGen,PanelApp,gene2phenotype	yes	no	Charcot-Marie-Tooth disease type 2B2 (Disputed) | Intellectual disability (confidence 3) | MED25-related Basel-Vanagaite-Smirin-Yosef syndrome ()
MED27	1	3	ClinGen,PanelApp,gene2phenotype	yes	no	Intellectual disability (confidence 3) | MED27-related neurodevelopmental disorder () | neurodevelopmental disorder with spasticity, cataracts, and cerebellar hypoplasia (Definitive)
MEF2C	1	3	ClinGen,PanelApp,gene2phenotype	yes	no	Intellectual disability (confidence 3) | MEF2C-related intellectual developmental disorder, stereotypic movements, epilepsy and/or cerebral malformations () | complex neurodevelopmental disorder (Definitive)
MEGF10	1	3	ClinGen,PanelApp,gene2phenotype	yes	no	Intellectual disability (confidence 1) | MEGF10-related myopathy (Definitive) | MEGF10-related myopathy, early-onset, areflexia, respiratory distress, and dysphagia ()
MEGF8	1	3	ClinGen,PanelApp,gene2phenotype	yes	no	Intellectual disability (confidence 1) | MEGF8-related Carpenter syndrome () | MEGF8-related Carpenter syndrome (Moderate)
MEIS2	1	3	ClinGen,PanelApp,gene2phenotype	yes	no	Intellectual disability (confidence 3) | MEIS2-related disorder with cleft palate, cardiac defects, and developmental delay () | syndromic intellectual disability (Definitive)
MEN1	1	2	ClinGen,PanelApp	yes	no	Additional findings health related - children (confidence 3) | Childhood solid tumours (confidence 3) | Childhood solid tumours cancer susceptibility (confidence 3) | multiple endocrine neoplasia type 1 (Definitive)
MET	1	2	ClinGen,PanelApp	yes	no	Intellectual disability (confidence 1) | complex neurodevelopmental disorder (Disputed) | nonsyndromic genetic hearing loss (Limited) | papillary renal cell carcinoma (Definitive)
METTL23	1	3	ClinGen,PanelApp,gene2phenotype	yes	no	Intellectual disability (confidence 3) | METTL23-related intellectual disability () | intellectual disability (Definitive)
METTL5	1	2	PanelApp,gene2phenotype	yes	no	Intellectual disability (confidence 3) | METTL5-related intellectual disability and microcephaly () | Severe microcephaly (confidence 3)
MFF	1	3	ClinGen,PanelApp,gene2phenotype	yes	no	Intellectual disability (confidence 3) | Leigh syndrome (Moderate) | MFF-related encephalopathy due to defective mitochondrial and peroxisomal fission () | encephalopathy due to mitochondrial and peroxisomal fission defect (Moderate)
MFN2	1	2	ClinGen,gene2phenotype	yes	no	Charcot-Marie-Tooth disease type 2A2 (Definitive) | MFN2-related developmental disorder () | multiple symmetric lipomatosis with partial lipodystrophy (Definitive)
MFSD2A	1	2	PanelApp,gene2phenotype	yes	no	Intellectual disability (confidence 3) | MFSD2A-related primary microcephaly () | Severe microcephaly (confidence 3)
MFSD8	1	3	ClinGen,PanelApp,gene2phenotype	yes	no	Intellectual disability (confidence 3) | MFSD8-related neuronal ceroid-lipofuscinosis () | neuronal ceroid lipofuscinosis (Definitive)
MGAT2	1	3	ClinGen,PanelApp,gene2phenotype	yes	no	Intellectual disability (confidence 3) | MGAT2-congenital disorder of glycosylation (Moderate) | MGAT2-related congenital disorder of glycosylation ()
MGP	1	3	ClinGen,PanelApp,gene2phenotype	yes	no	Intellectual disability (confidence 1) | Keutel syndrome (Definitive) | MGP-related Keutel syndrome ()
MICU1	1	3	ClinGen,PanelApp,gene2phenotype	yes	no	Intellectual disability (confidence 3) | MICU1-related myopathy with extrapyramidal signs () | mitochondrial disease (Definitive)
MID1	1	3	ClinGen,PanelApp,gene2phenotype	yes	no	Intellectual disability (confidence 3) | MID1-related Opitz GBBB syndrome () | X-linked Opitz G/BBB syndrome (Definitive)
MINPP1	1	3	ClinGen,PanelApp,gene2phenotype	yes	no	Intellectual disability (confidence 3) | MINPP1-related pontocerebellar hypoplasia () | Severe microcephaly (confidence 3) | pontocerebellar hypoplasia (Definitive)
MITF	1	3	ClinGen,PanelApp,gene2phenotype	yes	no	Intellectual disability (confidence 1) | MITF-related Tietz syndrome () | MITF-related Waardenburg syndrome () | MITF-related coloboma, osteopetrosis, microphthalmia, macrocephaly, albinism, and deafness (COMMAD syndrome) () | Waardenburg syndrome type 2 (Definitive)
MKKS	1	3	ClinGen,PanelApp,gene2phenotype	yes	no	Cystic renal disease (confidence 3) | Intellectual disability (confidence 3) | MKKS-related McKusick-Kaufman syndrome () | MKKS-related ciliopathy (Definitive)
MKS1	1	3	ClinGen,PanelApp,gene2phenotype	yes	no	Cystic renal disease (confidence 1) | Cystic renal disease (confidence 3) | Intellectual disability (confidence 3) | MKS1-related Bardet-Biedl syndrome () | ciliopathy (Definitive)
MLC1	1	3	ClinGen,PanelApp,gene2phenotype	yes	no	Intellectual disability (confidence 3) | MLC1-related leukoencephalopathy megalencephalic with subcortical cysts () | megalencephalic leukoencephalopathy with subcortical cysts 1 (Definitive)
MLH1	1	2	ClinGen,PanelApp	yes	no	Childhood solid tumours (confidence 3) | Childhood solid tumours cancer susceptibility (confidence 3) | Familial rhabdomyosarcoma (confidence 3) | Intellectual disability (confidence 1) | Lynch syndrome (Definitive) | hereditary breast carcinoma (Refuted)
MLYCD	1	3	ClinGen,PanelApp,gene2phenotype	yes	no	Intellectual disability (confidence 3) | MLYCD-related malonyl-CoA decarboxylase deficiency () | malonic aciduria (Definitive)
MMAA	1	3	ClinGen,PanelApp,gene2phenotype	yes	no	Intellectual disability (confidence 3) | MMAA-related methylmalonic aciduria () | methylmalonic aciduria, cblA type (Definitive)
MMAB	1	3	ClinGen,PanelApp,gene2phenotype	yes	no	Intellectual disability (confidence 3) | MMAB-related methylmalonic aciduria () | methylmalonic aciduria, cblB type (Definitive)
MMACHC	1	3	ClinGen,PanelApp,gene2phenotype	yes	no	Intellectual disability (confidence 3) | MMACHC-related methylmalonic aciduria and homocystinuria, cblC type () | methylmalonic aciduria and homocystinuria type cblC (Definitive)
MMADHC	1	3	ClinGen,PanelApp,gene2phenotype	yes	no	Intellectual disability (confidence 3) | MMADHC-related methylmalonic aciduria and homocystinuria, cblD type () | inborn disorder of cobalamin metabolism and transport (Definitive)
MMUT	1	2	ClinGen,gene2phenotype	yes	no	MMUT-related methylmalonic aciduria () | methylmalonic aciduria due to methylmalonyl-CoA mutase deficiency (Definitive)
MN1	1	3	ClinGen,PanelApp,gene2phenotype	yes	no	CEBALID syndrome (Definitive) | Intellectual disability (confidence 3) | MN1-related  C-terminal truncation syndrome () | MN1-related neurodevelopmental disorder with or without cleft palate ()
MOCOS	1	2	ClinGen,PanelApp	yes	no	Nephrocalcinosis or nephrolithiasis (confidence 3) | xanthinuria type II (Definitive)
MOCS1	1	3	ClinGen,PanelApp,gene2phenotype	yes	no	Intellectual disability (confidence 3) | MOCS1-related molybdenum cofactor deficiency () | sulfite oxidase deficiency due to molybdenum cofactor deficiency type A (Definitive)
MOCS2	1	3	ClinGen,PanelApp,gene2phenotype	yes	no	Intellectual disability (confidence 3) | MOCS2-related molybdenum cofactor deficiency () | sulfite oxidase deficiency due to molybdenum cofactor deficiency type B1 (Definitive)
MOGS	1	3	ClinGen,PanelApp,gene2phenotype	yes	no	Intellectual disability (confidence 3) | MOGS-congenital disorder of glycosylation (Definitive) | MOGS-related congenital disorder of glycosylation ()
MORC2	1	3	ClinGen,PanelApp,gene2phenotype	yes	no	Charcot-Marie-Tooth disease axonal type 2Z (Definitive) | Intellectual disability (confidence 3) | Leigh syndrome (Limited) | MORC2-related axonal neuropathy and neurodevelopmental disorder (DIGFAN syndrome) () | Severe microcephaly (confidence 3)
MPDU1	1	3	ClinGen,PanelApp,gene2phenotype	yes	no	Intellectual disability (confidence 3) | MPDU1-congenital disorder of glycosylation (Definitive) | MPDU1-related congenital disorder of glycosylation ()
MPI	1	3	ClinGen,PanelApp,gene2phenotype	yes	no	Intellectual disability (confidence 1) | MPI-congenital disorder of glycosylation (Definitive) | MPI-related congenital disorder of glycosylation ()
MPLKIP	1	2	PanelApp,gene2phenotype	yes	no	Intellectual disability (confidence 3) | MPLKIP-related trichothiodystrophy non-photosensitive () | Severe microcephaly (confidence 2)
MPV17	1	3	ClinGen,PanelApp,gene2phenotype	yes	no	Intellectual disability (confidence 2) | MPV17-related mitochondrial DNA depletion syndrome () | mitochondrial disease (Definitive)
MPZ	1	3	ClinGen,PanelApp,gene2phenotype	yes	no	Charcot-Marie-Tooth disease (Definitive) | Intellectual disability (confidence 1) | MPZ-related neuropathy, congenital hypomyelinating ()
MRAS	1	2	ClinGen,gene2phenotype	yes	no	MRAS-related Noonan syndrome () | Noonan syndrome (Moderate)
MRPL39	1	2	ClinGen,gene2phenotype	yes	no	MRPL39-related paediatric-onset mitochondrial disorder () | mitochondrial disease (Moderate)
MRPS2	1	2	ClinGen,gene2phenotype	yes	no	MRPS2-related sensorineural hearing loss, hypoglycemia and multiple oxphos complex deficiencies () | mitochondrial disease (Moderate)
MRPS22	1	3	ClinGen,PanelApp,gene2phenotype	yes	no	Intellectual disability (confidence 3) | MRPS22-related combined oxidative phosphorylation deficiency () | mitochondrial disease (Definitive)
MRPS34	1	3	ClinGen,PanelApp,gene2phenotype	yes	no	Intellectual disability (confidence 3) | Leigh syndrome (Moderate) | MRPS34-related Leigh syndrome with instability of the small mitoribosomal subunit ()
MSH2	1	2	ClinGen,PanelApp	yes	no	Childhood solid tumours (confidence 3) | Childhood solid tumours cancer susceptibility (confidence 3) | Familial rhabdomyosarcoma (confidence 3) | Lynch syndrome (Definitive) | hereditary breast carcinoma (Refuted) | mismatch repair cancer syndrome 1 (Definitive)
MSH6	1	2	ClinGen,PanelApp	yes	no	Childhood solid tumours (confidence 3) | Childhood solid tumours cancer susceptibility (confidence 3) | Familial rhabdomyosarcoma (confidence 3) | Lynch syndrome (Definitive) | hereditary breast carcinoma (Disputed) | mismatch repair cancer syndrome 1 (Definitive)
MSL2	1	2	PanelApp,gene2phenotype	yes	no	Intellectual disability (confidence 3) | MSL2-related developmental disorder ()
MSL3	1	3	ClinGen,PanelApp,gene2phenotype	yes	no	Basilicata-Akhtar syndrome (Definitive) | Intellectual disability (confidence 3) | MSL3-related intellectual developmental disorder ()
MSX1	1	3	ClinGen,PanelApp,gene2phenotype	yes	no	Intellectual disability (confidence 1) | MSX1-related cleft lip with or without cleft palate () | tooth agenesis, selective, 1 (Definitive) | tooth and nail syndrome (Disputed)
MSX2	1	3	ClinGen,PanelApp,gene2phenotype	yes	no	Intellectual disability (confidence 1) | MSX2-related craniosynostosis () | MSX2-related enlarged parietal foramina/cranium bifidum () | craniosynostosis 2 (Definitive) | parietal foramina (Definitive)
MT-ATP6	1	2	ClinGen,PanelApp	yes	no	Intellectual disability (confidence 1) | Leigh syndrome (Definitive) | mitochondrial disease (Definitive)
MT-ND1	1	2	ClinGen,PanelApp	yes	no	Intellectual disability (confidence 1) | Leigh syndrome (Definitive) | mitochondrial disease (Definitive)
MT-ND4	1	2	ClinGen,PanelApp	yes	no	Intellectual disability (confidence 1) | Leigh syndrome (Definitive) | mitochondrial disease (Definitive)
MT-TK	1	2	ClinGen,PanelApp	yes	no	Intellectual disability (confidence 1) | Leigh syndrome (Definitive) | mitochondrial disease (Definitive)
MT-TL1	1	2	ClinGen,gene2phenotype	yes	no	Leigh syndrome (Limited) | MT-TL1-related mitochondrial disorder () | mitochondrial disease (Definitive)
MT-TP	1	3	ClinGen,PanelApp,gene2phenotype	yes	no	Intellectual disability (confidence 1) | MT-TP-related MERRF syndrome () | mitochondrial disease (Definitive)
MTAP	1	2	ClinGen,PanelApp	yes	no	Childhood solid tumours (confidence 1) | diaphyseal medullary stenosis-bone malignancy syndrome (Moderate)
MTFMT	1	3	ClinGen,PanelApp,gene2phenotype	yes	no	Intellectual disability (confidence 3) | Leigh syndrome (Definitive) | MTFMT-related mitochondrial disease with regression and lactic acidosis ()
MTHFR	1	3	ClinGen,PanelApp,gene2phenotype	yes	no	Intellectual disability (confidence 3) | MTHFR-related methylenetetrahydrofolate deductase deficiency () | homocystinuria due to methylene tetrahydrofolate reductase deficiency (Definitive)
MTM1	1	3	ClinGen,PanelApp,gene2phenotype	yes	no	Intellectual disability (confidence 1) | MTM1-related myotubular myopathy () | X-linked myotubular myopathy (Definitive)
MTMR2	1	2	ClinGen,PanelApp	yes	no	Intellectual disability (confidence 1) | demyelinating hereditary motor and sensory neuropathy (Definitive)
MTO1	1	3	ClinGen,PanelApp,gene2phenotype	yes	no	Intellectual disability (confidence 3) | MTO1-related infantile hypertrophic cardiomyopathy and lactic acidosis () | mitochondrial disease (Definitive)
MTOR	1	3	ClinGen,PanelApp,gene2phenotype	yes	no	Beckwith-Wiedemann syndrome (BWS) and other congenital overgrowth disorders (confidence 3) | Intellectual disability (confidence 3) | MTOR-related Smith-Kingsmore syndrome () | overgrowth syndrome and/or cerebral malformations due to abnormalities in MTOR pathway genes (Definitive)
MTPAP	1	2	ClinGen,PanelApp	yes	no	Intellectual disability (confidence 1) | mitochondrial disease (Definitive)
MTR	1	3	ClinGen,PanelApp,gene2phenotype	yes	no	Intellectual disability (confidence 3) | MTR-related methylcobalamin deficiency () | methylcobalamin deficiency type cblG (Definitive)
MTRFR	1	2	ClinGen,gene2phenotype	yes	no	Leigh syndrome (Definitive) | MTRFR-related combined oxidative phosphorylation deficiency () | mitochondrial disease (Definitive)
MTRR	1	3	ClinGen,PanelApp,gene2phenotype	yes	no	Intellectual disability (confidence 3) | MTRR-related homocystinuria-megaloblastic anemia, cblE type () | methylcobalamin deficiency type cblE (Definitive)
MUC1	1	2	ClinGen,PanelApp	yes	no	Cystic renal disease (confidence 1) | tubulointerstitial kidney disease, autosomal dominant, 2 (Definitive)
MVK	1	2	ClinGen,PanelApp	yes	no	Intellectual disability (confidence 3) | mevalonate kinase deficiency (Definitive)
MYCN	1	3	ClinGen,PanelApp,gene2phenotype	yes	no	Feingold syndrome type 1 (Definitive) | Intellectual disability (confidence 3) | MYCN-related Feingold syndrome () | Severe microcephaly (confidence 3) | megalencephaly-polydactyly syndrome (Moderate)
MYH10	1	3	ClinGen,PanelApp,gene2phenotype	yes	no	Intellectual disability (confidence 3) | MYH10-related multiple congenital anomalies () | complex neurodevelopmental disorder with or without congenital anomalies (Definitive)
MYH11	1	2	ClinGen,gene2phenotype	yes	no	MYH11-related megacystis-microcolon-intestinal hypoperistalsis syndrome (MMIHS) () | congenital heart disease (Limited) | familial thoracic aortic aneurysm and aortic dissection (Definitive)
MYH6	1	3	ClinGen,PanelApp,gene2phenotype	yes	no	Intellectual disability (confidence 1) | MYH-6 related congenital heart defects (Definitive) | MYH6-related atrial septal defect with or without hypoplastic left heart syndrome () | dilated cardiomyopathy 1EE (Limited) | hypertrophic cardiomyopathy (Disputed)
MYH9	1	3	ClinGen,PanelApp,gene2phenotype	yes	no	Intellectual disability (confidence 1) | MYH9-related macrothrombocytopenia and granulocyte inclusions with or without nephritis or sensorineural hearing loss () | macrothrombocytopenia and granulocyte inclusions with or without nephritis or sensorineural hearing loss (Definitive)
MYLK	1	2	ClinGen,gene2phenotype	yes	no	MYLK-related megacystis microcolon intestinal hypoperistalsis syndrome () | familial thoracic aortic aneurysm and aortic dissection (Strong)
MYO18B	1	2	ClinGen,gene2phenotype	yes	no	Klippel-Feil anomaly-myopathy-facial dysmorphism syndrome (Definitive) | MYO18B-related Klippel-Feil syndrome with nemaline myopathy and facial dysmorphism ()
MYO5A	1	3	ClinGen,PanelApp,gene2phenotype	yes	no	Griscelli syndrome type 1 (Definitive) | Intellectual disability (confidence 3) | MYO5A-related Griscelli syndrome ()
MYO7A	1	3	ClinGen,PanelApp,gene2phenotype	yes	no	Intellectual disability (confidence 1) | MYO7A-related deafness () | Usher syndrome type 1 (Definitive) | nonsyndromic genetic hearing loss (Definitive)
MYPN	1	2	ClinGen,gene2phenotype	yes	no	MYPN-related childhood-onset, slowly progressive nemaline myopathy () | MYPN-related myopathy (Definitive) | dilated cardiomyopathy 1KK (Limited) | hypertrophic cardiomyopathy (Disputed)
MYRF	1	2	ClinGen,gene2phenotype	yes	no	MYRF-related pulmonary artery and lung hypoplasia, agonadism, omphalocele, diaphragmatic defects, hypoplastic left heart, and scimitar syndrome () | cardiac-urogenital syndrome (Definitive)
MYSM1	1	2	ClinGen,gene2phenotype	yes	no	MYSM1-related congenital bone marrow failure () | bone marrow failure syndrome 4 (Definitive)
MYT1L	1	3	ClinGen,PanelApp,gene2phenotype	yes	no	Intellectual disability (confidence 3) | MYT1L-related intellectual developmental syndrome () | syndromic complex neurodevelopmental disorder (Definitive)
NAA10	1	4	ClinGen,PanelApp,gene2phenotype,mitotic_panel	yes	yes	Intellectual disability (confidence 3) | NAA10-related syndrome (Definitive) | NAA10-related syndromic developmental disorder () | NAA10-related syndromic microphthalmia () | tier 4
NAA15	1	3	ClinGen,PanelApp,gene2phenotype	yes	no	Intellectual disability (confidence 3) | NAA15-related congenital heart disease and neurodevelopmental disorder () | syndromic intellectual disability (Definitive)
NAA20	1	3	ClinGen,PanelApp,gene2phenotype	yes	no	Intellectual disability (confidence 3) | NAA20-related developmental delay and microcephaly () | Severe microcephaly (confidence 2) | syndromic intellectual disability (Moderate)
NACC1	1	3	ClinGen,PanelApp,gene2phenotype	yes	no	Intellectual disability (confidence 3) | NACC1-related infantile epilepsy, cataracts, and profound developmental delay () | NACC1-related neurodevelopmental disorder with epilepsy, cataracts and episodic irritability (Definitive)
NADK2	1	3	ClinGen,PanelApp,gene2phenotype	yes	no	Intellectual disability (confidence 1) | NADK2-related dienoyl-CoA reductase deficiency with hyperlysinemia () | progressive encephalopathy with leukodystrophy due to DECR deficiency (Moderate)
NAGA	1	3	ClinGen,PanelApp,gene2phenotype	yes	no	Intellectual disability (confidence 3) | NAGA-related Kanzaki disease () | alpha-N-acetylgalactosaminidase deficiency (Definitive)
NAGLU	1	3	ClinGen,PanelApp,gene2phenotype	yes	no	Intellectual disability (confidence 3) | NAGLU-related mucopolysaccharidosis () | mucopolysaccharidosis type 3B (Definitive)
NAGS	1	3	ClinGen,PanelApp,gene2phenotype	yes	no	Intellectual disability (confidence 2) | NAGS-related N-acetylglutamate synthase deficiency () | hyperammonemia due to N-acetylglutamate synthase deficiency (Definitive)
NALCN	1	2	PanelApp,gene2phenotype	yes	no	Intellectual disability (confidence 3) | NALCN-related congenital contractures of the limbs and face, hypotonia, and developmental delay () | NALCN-related hypotonia, infantile, with psychomotor retardation and characteristic facies () | NALCN-related temporal lobe epilepsy ()
NANS	1	3	ClinGen,PanelApp,gene2phenotype	yes	no	Intellectual disability (confidence 3) | NANS-related infantile-onset severe developmental delay and skeletal dysplasia () | spondyloepimetaphyseal dysplasia, Genevieve type (Definitive)
NAPB	1	2	PanelApp,gene2phenotype	yes	no	Intellectual disability (confidence 3) | NAPB-related neurodevelopmental disorder () | Severe microcephaly (confidence 3)
NARS1	1	2	ClinGen,gene2phenotype	yes	no	NARS1-related neurodevelopmental disorder () | neurodevelopmental disorder with microcephaly, impaired language, and gait abnormalities (Moderate) | neurodevelopmental disorder with microcephaly, impaired language, epilepsy, and gait abnormalities (Moderate)
NARS2	1	2	ClinGen,gene2phenotype	yes	no	Leigh syndrome (Limited) | NARS2-related oxidative phosphorylation deficiency () | mitochondrial disease (Definitive) | nonsyndromic genetic hearing loss (Limited)
NAXD	1	2	ClinGen,gene2phenotype	yes	no	NAXD-related neurodegenerative disorder exacerbated by febrile illnesses () | mitochondrial disease (Definitive)
NAXE	1	2	ClinGen,gene2phenotype	yes	no	Leigh syndrome (Limited) | NAXE-related lethal neurometabolic disorder of early childhood () | mitochondrial disease (Definitive)
NBEA	1	3	ClinGen,PanelApp,gene2phenotype	yes	no	Intellectual disability (confidence 3) | NBEA-related neurodevelopment disorder with seizures () | complex neurodevelopmental disorder (Definitive)
NBN	1	3	ClinGen,PanelApp,gene2phenotype	yes	no	Childhood solid tumours (confidence 3) | Childhood solid tumours cancer susceptibility (confidence 3) | Familial rhabdomyosarcoma (confidence 3) | Intellectual disability (confidence 2) | NBN-related Nijmegen breakage syndrome () | Nijmegen breakage syndrome (Definitive)
NCAPD2	1	3	PanelApp,gene2phenotype,mitotic_panel	yes	yes	Intellectual disability (confidence 2) | NCAPD2-related microcephaly with short stature () | Severe microcephaly (confidence 3) | tier 2
NCAPD3	1	2	PanelApp,gene2phenotype	yes	no	NCAPD3-related microcephaly with short stature () | Severe microcephaly (confidence 3)
NCAPH	1	3	PanelApp,gene2phenotype,mitotic_panel	yes	yes	Intellectual disability (confidence 1) | NCAPH-related microcephaly () | Severe microcephaly (confidence 1) | tier 2
NCDN	1	2	PanelApp,gene2phenotype	yes	no	Intellectual disability (confidence 3) | NCDN-related neurodevelopmental disorder with seizures (biallelic) () | NCDN-related neurodevelopmental disorder with seizures (monoallelic) ()
NCKAP1	1	3	ClinGen,PanelApp,gene2phenotype	yes	no	Intellectual disability (confidence 3) | NCKAP1-related neurodevelopmental disorder () | complex neurodevelopmental disorder (Definitive)
NDE1	1	4	ClinGen,PanelApp,gene2phenotype,mitotic_panel	yes	yes	Intellectual disability (confidence 3) | NDE1-related lissencephaly () | Severe microcephaly (confidence 3) | microcephaly with lissencephaly and/or hydranencephaly (Definitive) | tier 3
NDP	1	3	ClinGen,PanelApp,gene2phenotype	yes	no	Intellectual disability (confidence 3) | NDP-related Norrie disease () | Norrie disease (Definitive)
NDST1	1	2	PanelApp,gene2phenotype	yes	no	Intellectual disability (confidence 3) | NDST1-related intellectual disability with or without seizures ()
NDUFA1	1	3	ClinGen,PanelApp,gene2phenotype	yes	no	Intellectual disability (confidence 3) | Leigh syndrome (Moderate) | NDUFA1-related mitochondrial respiratory chain complex I deficiency () | mitochondrial disease (Moderate)
NDUFA10	1	3	ClinGen,PanelApp,gene2phenotype	yes	no	Intellectual disability (confidence 1) | Leigh syndrome (Limited) | NDUFA10-related Leigh syndrome () | mitochondrial disease (Moderate)
NDUFA12	1	3	ClinGen,PanelApp,gene2phenotype	yes	no	Intellectual disability (confidence 1) | Leigh syndrome (Limited) | NDUFA12-related mitochondrial complex I deficiency () | mitochondrial disease (Definitive)
NDUFA2	1	2	ClinGen,PanelApp	yes	no	Intellectual disability (confidence 3) | Leigh syndrome (Moderate) | mitochondrial disease (Definitive)
NDUFA6	1	2	ClinGen,gene2phenotype	yes	no	NDUFA6-related early onset isolated mitochondrial complex I deficiency () | mitochondrial disease (Moderate)
NDUFA8	1	2	ClinGen,gene2phenotype	yes	no	NDUFA8-related developmental disorder () | mitochondrial disease (Moderate)
NDUFA9	1	3	ClinGen,PanelApp,gene2phenotype	yes	no	Intellectual disability (confidence 1) | Leigh syndrome (Moderate) | NDUFA9-related Leigh syndrome () | mitochondrial disease (Moderate)
NDUFAF1	1	2	ClinGen,PanelApp	yes	no	Intellectual disability (confidence 2) | mitochondrial disease (Moderate)
NDUFAF2	1	3	ClinGen,PanelApp,gene2phenotype	yes	no	Intellectual disability (confidence 2) | Leigh syndrome (Definitive) | NDUFAF2-related Leigh syndrome () | mitochondrial disease (Definitive)
NDUFAF3	1	2	ClinGen,PanelApp	yes	no	Intellectual disability (confidence 1) | mitochondrial disease (Definitive)
NDUFAF5	1	2	ClinGen,PanelApp	yes	no	Intellectual disability (confidence 2) | Leigh syndrome (Definitive) | mitochondrial disease (Definitive)
NDUFAF8	1	2	ClinGen,gene2phenotype	yes	no	Leigh syndrome (Moderate) | NDUFAF8-related Leigh syndrome () | mitochondrial disease (Moderate)
NDUFB11	1	2	ClinGen,gene2phenotype	yes	no	NDUFB11-related mitochondrial complex I deficiency () | mitochondrial disease (Definitive)
NDUFB3	1	2	ClinGen,gene2phenotype	yes	no	NDUFB3-related mitochondrial complex I deficiency () | mitochondrial disease (Definitive)
NDUFB8	1	2	ClinGen,gene2phenotype	yes	no	Leigh syndrome (Moderate) | NDUFB8-related mitochondrial complex I deficiency () | mitochondrial disease (Moderate)
NDUFS1	1	3	ClinGen,PanelApp,gene2phenotype	yes	no	Intellectual disability (confidence 3) | Leigh syndrome (Definitive) | NDUFS1-related mitochondrial complex I deficiency () | mitochondrial disease (Definitive)
NDUFS2	1	2	ClinGen,PanelApp	yes	no	Intellectual disability (confidence 1) | Leigh syndrome (Definitive) | mitochondrial disease (Definitive)
NDUFS3	1	2	ClinGen,PanelApp	yes	no	Intellectual disability (confidence 1) | Leigh syndrome (Moderate) | mitochondrial disease (Moderate)
NDUFS4	1	3	ClinGen,PanelApp,gene2phenotype	yes	no	Intellectual disability (confidence 3) | Leigh syndrome (Definitive) | NDUFS4-related Leigh syndrome () | mitochondrial disease (Definitive)
NDUFS7	1	3	ClinGen,PanelApp,gene2phenotype	yes	no	Intellectual disability (confidence 3) | Leigh syndrome (Moderate) | NDUFS7-related mitochondrial respiratory chain complex I deficiency () | mitochondrial disease (Definitive)
NDUFS8	1	3	ClinGen,PanelApp,gene2phenotype	yes	no	Intellectual disability (confidence 3) | Leigh syndrome (Moderate) | NDUFS8-related mitochondrial respiratory chain complex I deficiency () | mitochondrial disease (Definitive)
NDUFV1	1	3	ClinGen,PanelApp,gene2phenotype	yes	no	Intellectual disability (confidence 3) | Leigh syndrome (Definitive) | NDUFV1-related mitochondrial complex I deficiency () | mitochondrial disease (Definitive)
NDUFV2	1	2	ClinGen,gene2phenotype	yes	no	Leigh syndrome (Limited) | NDUFV2-related mitochondrial complex I deficiency, nuclear () | mitochondrial disease (Definitive)
NEB	1	3	ClinGen,PanelApp,gene2phenotype	yes	no	Intellectual disability (confidence 1) | NEB-related typical nemaline myopathy () | autosomal dominant nebulin-related myopathy (Moderate) | nemaline myopathy 2 (Definitive)
NECAP1	1	2	ClinGen,PanelApp	yes	no	Intellectual disability (confidence 2) | genetic developmental and epileptic encephalopathy (Moderate)
NECTIN1	1	3	ClinGen,PanelApp,gene2phenotype	yes	no	Intellectual disability (confidence 1) | NECTIN1-related cleft lip/palate-ectodermal dysplasia syndrome () | cleft lip/palate-ectodermal dysplasia syndrome (Definitive)
NEDD4L	1	3	ClinGen,PanelApp,gene2phenotype	yes	no	Intellectual disability (confidence 3) | NEDD4L-related periventricular nodular heterotopia with intellectual disability, cleft palate, and 2-3 toe syndactyly () | periventricular nodular heterotopia 7 (Definitive)
NEFL	1	2	ClinGen,PanelApp	yes	no	Charcot-Marie-Tooth disease (Definitive) | Charcot-Marie-Tooth disease type 2 (Definitive) | Intellectual disability (confidence 1)
NEK1	1	3	ClinGen,PanelApp,gene2phenotype	yes	no	Cystic renal disease (confidence 2) | Intellectual disability (confidence 1) | NEK1-related short rib-polydactyly syndrome () | amyotrophic lateral sclerosis, susceptibility to, 24 (Definitive)
NEK8	1	3	ClinGen,PanelApp,gene2phenotype	yes	no	Cystic renal disease (confidence 3) | NEK8-related nephronophthisis () | NEK8-related renal-hepatic-pancreatic dysplasia () | autosomal dominant polycystic kidney disease (Strong) | renal-hepatic-pancreatic dysplasia 2 (Definitive)
NEMF	1	2	ClinGen,PanelApp	yes	no	Intellectual disability (confidence 3) | intellectual developmental disorder with speech delay and axonal peripheral neuropathy (Strong)
NEU1	1	3	ClinGen,PanelApp,gene2phenotype	yes	no	Intellectual disability (confidence 3) | NEU1-related sialidosis () | sialidosis (Definitive)
NEXMIF	1	3	ClinGen,PanelApp,gene2phenotype	yes	no	Intellectual disability (confidence 3) | NEXMIF-related intellectual disability and epilepsy (hemizygous) () | NEXMIF-related intellectual disability and epilepsy (heterozygous) () | X-linked complex neurodevelopmental disorder (Definitive)
NF1	1	3	ClinGen,PanelApp,gene2phenotype	yes	no	Childhood solid tumours (confidence 3) | Childhood solid tumours cancer susceptibility (confidence 3) | Familial rhabdomyosarcoma (confidence 3) | Intellectual disability (confidence 3) | NF1-related neurofibromatosis () | familial ovarian cancer (No Known Disease Relationship)
NF2	1	2	ClinGen,PanelApp	yes	no	Childhood solid tumours (confidence 3) | Childhood solid tumours cancer susceptibility (confidence 3) | NF2-related schwannomatosis (Definitive)
NFIA	1	3	ClinGen,PanelApp,gene2phenotype	yes	no	Intellectual disability (confidence 3) | NFIA-related macrocephaly with intellectual disability () | brain malformations with or without urinary tract defects (Definitive)
NFIB	1	3	ClinGen,PanelApp,gene2phenotype	yes	no	Beckwith-Wiedemann syndrome (BWS) and other congenital overgrowth disorders (confidence 3) | Intellectual disability (confidence 2) | NFIB-related macrocephaly, acquired, with impaired intellectual development () | syndromic complex neurodevelopmental disorder (Definitive)
NFIX	1	3	ClinGen,PanelApp,gene2phenotype	yes	no	Beckwith-Wiedemann syndrome (BWS) and other congenital overgrowth disorders (confidence 3) | Childhood solid tumours (confidence 1) | Intellectual disability (confidence 3) | Malan overgrowth syndrome (Definitive) | Marshall-Smith syndrome (Definitive) | NFIX-related Marshall-Smith syndrome ()
NFU1	1	3	ClinGen,PanelApp,gene2phenotype	yes	no	Intellectual disability (confidence 3) | NFU1-related multiple mitochondrial dysfunctions syndrome () | mitochondrial disease (Definitive)
NGF	1	2	ClinGen,PanelApp	yes	no	Intellectual disability (confidence 1) | hereditary sensory and autonomic neuropathy (Strong)
NGLY1	1	3	ClinGen,PanelApp,gene2phenotype	yes	no	Intellectual disability (confidence 3) | NGLY1-related congenital disorder of deglycosylation () | congenital disorder of deglycosylation 1 (Definitive)
NHEJ1	1	2	ClinGen,PanelApp	yes	no	Cernunnos-XLF deficiency (Definitive) | Intellectual disability (confidence 1) | Severe microcephaly (confidence 3)
NHLRC1	1	2	ClinGen,PanelApp	yes	no	Intellectual disability (confidence 1) | Lafora disease (Definitive)
NHLRC2	1	2	PanelApp,gene2phenotype	yes	no	Intellectual disability (confidence 3) | NHLRC2-related fibrosis, neurodegeneration, and cerebral angiomatosis ()
NHP2	1	3	ClinGen,PanelApp,gene2phenotype	yes	no	Childhood solid tumours (confidence 1) | Childhood solid tumours cancer susceptibility (confidence 3) | Intellectual disability (confidence 2) | NHP2-related dyskeratosis congenita () | dyskeratosis congenita, autosomal recessive 2 (Limited)
NHS	1	3	ClinGen,PanelApp,gene2phenotype	yes	no	Intellectual disability (confidence 3) | NHS-related Nance-Horan syndrome () | Nance-Horan syndrome (Definitive)
NIPBL	1	4	ClinGen,PanelApp,gene2phenotype,mitotic_panel	yes	yes	Cornelia de Lange syndrome (Definitive) | Intellectual disability (confidence 3) | NIPBL-related Cornelia de Lange syndrome () | Severe microcephaly (confidence 3) | tier 3
NKAP	1	2	PanelApp,gene2phenotype	yes	no	Intellectual disability (confidence 3) | NKAP-related marfanoid habitus and cognitive impairment ()
NKX2-1	1	3	ClinGen,PanelApp,gene2phenotype	yes	no	Intellectual disability (confidence 3) | NKX2-1 related choreoathetosis and congenital hypothyroidism with or without pulmonary dysfunction (Definitive) | NKX2-1-related choreoathetosis, hypothyroidism, and neonatal respiratory distress ()
NKX2-5	1	3	ClinGen,PanelApp,gene2phenotype	yes	no	Intellectual disability (confidence 1) | NKX2-5-related atrial septal defect with atrioventricular conduction defects () | NKX2-5-related congenital hypothyroidism non-goitrous () | NKX2-5-related tetralogy of Fallot () | NKX2.5-related congenital, conduction and myopathic heart disease (Definitive)
NLGN3	1	3	ClinGen,PanelApp,gene2phenotype	yes	no	Intellectual disability (confidence 3) | NLGN3-related autism spectrum disorders () | X-linked complex neurodevelopmental disorder (Moderate)
NLGN4X	1	3	ClinGen,PanelApp,gene2phenotype	yes	no	Intellectual disability (confidence 1) | NLGN4X-related autism and intellectual disability () | X-linked complex neurodevelopmental disorder (Definitive)
NMNAT1	1	3	ClinGen,PanelApp,gene2phenotype	yes	no	Intellectual disability (confidence 1) | NMNAT1-related Leber congenital amaurosis () | NMNAT1-related retinopathy (Definitive)
NODAL	1	3	ClinGen,PanelApp,gene2phenotype	yes	no	Intellectual disability (confidence 1) | NODAL-related heterotaxy syndrome () | congenital heart disease with heterotaxy syndrome (Definitive)
NOG	1	3	ClinGen,PanelApp,gene2phenotype	yes	no	Intellectual disability (confidence 1) | NOG-related symphalangism spectrum disorder (Definitive) | NOG-related-symphalangism spectrum disorder ()
NONO	1	3	ClinGen,PanelApp,gene2phenotype	yes	no	Intellectual disability (confidence 3) | NONO-related syndromic intellectual disability () | X-linked syndromic intellectual disability (Definitive)
NOTCH1	1	2	ClinGen,gene2phenotype	yes	no	NOTCH1-related AOS spectrum disorder (Definitive) | NOTCH1-related Adams Oliver syndrome with or without LV outflow tract obstruction ()
NOTCH2	1	3	ClinGen,PanelApp,gene2phenotype	yes	no	Alagille syndrome (Definitive) | Intellectual disability (confidence 1) | NOTCH2-related Hajdu-Cheney syndrome () | acroosteolysis dominant type (Definitive)
NOTCH3	1	3	ClinGen,PanelApp,gene2phenotype	yes	no	Childhood solid tumours (confidence 1) | Intellectual disability (confidence 3) | NOTCH3-related infantile myofibromatosis () | cerebral arteriopathy, autosomal dominant, with subcortical infarcts and leukoencephalopathy, type 1 (Definitive) | cerebral arteriopathy, autosomal recessive, with subcortical infarcts and leukoencephalopathy 1 (Definitive) | inherited thrombocytopenia (Limited)
NOVA2	1	3	ClinGen,PanelApp,gene2phenotype	yes	no	Intellectual disability (confidence 3) | NOVA2-related neurodevelopmental disorder () | complex neurodevelopmental disorder (Definitive)
NPC1	1	3	ClinGen,PanelApp,gene2phenotype	yes	no	Intellectual disability (confidence 3) | NPC1-related Niemann-Pick disease () | Niemann-Pick disease, type C1 (Definitive)
NPC2	1	3	ClinGen,PanelApp,gene2phenotype	yes	no	Intellectual disability (confidence 3) | NPC2-related Niemann-Pick disease () | Niemann-Pick disease, type C2 (Definitive)
NPHP1	1	3	ClinGen,PanelApp,gene2phenotype	yes	no	Cystic renal disease (confidence 3) | Intellectual disability (confidence 3) | NPHP1-related nephronophthisis () | nephronophthisis 1 (Definitive)
NPHP3	1	3	ClinGen,PanelApp,gene2phenotype	yes	no	Cystic renal disease (confidence 3) | Intellectual disability (confidence 2) | NPHP3-related nephronophthisis () | nephronophthisis (Definitive)
NPHP4	1	3	ClinGen,PanelApp,gene2phenotype	yes	no	Cystic renal disease (confidence 3) | Intellectual disability (confidence 1) | NPHP4-related nephronophthisis () | nephronophthisis 4 (Definitive)
NPHS1	1	3	ClinGen,PanelApp,gene2phenotype	yes	no	Intellectual disability (confidence 1) | NPHS1-related nephrotic syndrome () | congenital nephrotic syndrome, Finnish type (Definitive)
NPRL2	1	2	ClinGen,gene2phenotype	yes	no	NPRL2-related familial focal epilepsy with or without focal cortical dysplasia () | focal epilepsy (Definitive)
NPRL3	1	2	ClinGen,gene2phenotype	yes	no	NPRL3-related familial focal epilepsy with or without focal cortical dysplasia () | focal epilepsy (Definitive)
NR2F1	1	3	ClinGen,PanelApp,gene2phenotype	yes	no	Bosch-Boonstra-Schaaf optic atrophy syndrome (Definitive) | Intellectual disability (confidence 3) | NR2F1-related Bosch-Boonstra-Schaaf optic atrophy syndrome ()
NR2F2	1	3	ClinGen,PanelApp,gene2phenotype	yes	no	Intellectual disability (confidence 3) | NR2F2 related multiple congenital anomalies/dysmorphic syndrome (Definitive) | NR2F2-related congenital heart defects and 46XX sex reversal ()
NR4A2	1	3	ClinGen,PanelApp,gene2phenotype	yes	no	Intellectual disability (confidence 3) | NR4A2-related developmental disorder () | complex neurodevelopmental disorder (Definitive)
NR5A1	1	2	ClinGen,PanelApp	yes	no	Intellectual disability (confidence 1) | NR5A1-related sex development disorder (Definitive)
NRAS	1	3	ClinGen,PanelApp,gene2phenotype	yes	no	Childhood solid tumours (confidence 1) | Childhood solid tumours cancer susceptibility (confidence 3) | Costello syndrome (Limited) | Intellectual disability (confidence 3) | NRAS-related Noonan syndrome () | Noonan syndrome (Definitive)
NRCAM	1	2	PanelApp,gene2phenotype	yes	no	Intellectual disability (confidence 3) | NRCAM-related neurodevelopmental disorder with dysmorphic features, hypotonia, and spasticity ()
NRROS	1	3	ClinGen,PanelApp,gene2phenotype	yes	no	Intellectual disability (confidence 3) | NRROS-related infantile-onset neurodegeneration with intracranial calcification () | seizures, early-onset, with neurodegeneration and brain calcifications (Definitive)
NRXN1	1	3	ClinGen,PanelApp,gene2phenotype	yes	no	Intellectual disability (confidence 3) | NRXN1-related Pitt Hopkins-like syndrome () | NRXN1-related autism () | complex neurodevelopmental disorder (Definitive)
NSD1	1	3	ClinGen,PanelApp,gene2phenotype	yes	no	Beckwith-Wiedemann syndrome (BWS) and other congenital overgrowth disorders (confidence 3) | Childhood solid tumours (confidence 3) | Childhood solid tumours cancer susceptibility (confidence 2) | Intellectual disability (confidence 3) | NSD1-related Sotos syndrome () | Sotos syndrome (Definitive)
NSD2	1	3	ClinGen,PanelApp,gene2phenotype	yes	no	Intellectual disability (confidence 3) | NSD2-related developmental disorder () | Severe microcephaly (confidence 3) | syndromic intellectual disability (Definitive)
NSDHL	1	3	ClinGen,PanelApp,gene2phenotype	yes	no	CK syndrome (Moderate) | Intellectual disability (confidence 3) | NSDHL-related CK syndrome () | NSDHL-related congenital hemidysplasia with ichthyosiform erythroderma and limb defects ()
NSMCE2	1	3	ClinGen,PanelApp,mitotic_panel	yes	yes	Seckel syndrome 10 (Moderate) | Severe microcephaly (confidence 1) | tier 3
NSRP1	1	3	ClinGen,PanelApp,gene2phenotype	yes	no	Intellectual disability (confidence 3) | NSRP1-related developmental delay, epilepsy, and microcephaly () | Severe microcephaly (confidence 3) | neurodevelopmental disorder with spasticity, seizures, and brain abnormalities (Moderate)
NSUN2	1	3	ClinGen,PanelApp,gene2phenotype	yes	no	Intellectual disability (confidence 3) | NSUN2-related intellectual disability () | RASopathy (Disputed) | syndromic intellectual disability (Definitive)
NT5C2	1	2	ClinGen,PanelApp	yes	no	Intellectual disability (confidence 3) | complex hereditary spastic paraplegia (Definitive)
NTNG2	1	2	PanelApp,gene2phenotype	yes	no	Intellectual disability (confidence 3) | NTNG2-related developmental delay, hypotonia, and autistic features ()
NTRK1	1	3	ClinGen,PanelApp,gene2phenotype	yes	no	Intellectual disability (confidence 3) | NTRK1-related congenital insensitivity to pain with anhidrosis () | hereditary sensory and autonomic neuropathy type 4 (Definitive)
NTRK2	1	2	PanelApp,gene2phenotype	yes	no	Intellectual disability (confidence 3) | NTRK2-related epilepsy and intellectual disability ()
NUBPL	1	3	ClinGen,PanelApp,gene2phenotype	yes	no	Intellectual disability (confidence 3) | Leigh syndrome (Moderate) | NUBPL-related mitochondrial complex I deficiency () | mitochondrial disease (Definitive)
NUDT2	1	2	PanelApp,gene2phenotype	yes	no	Intellectual disability (confidence 3) | NUDT2-related developmental disorder ()
NUF2	1	2	PanelApp,mitotic_panel	yes	yes	Severe microcephaly (confidence 1) | tier 2
NUP107	1	3	PanelApp,gene2phenotype,mitotic_panel	yes	yes	Intellectual disability (confidence 2) | NUP107-related steroid resistant nephrotic syndrome with microcephaly, developmental delay and simplified gyration (Galloway-Mowat syndrome) () | Severe microcephaly (confidence 3) | tier 2
NUP133	1	3	ClinGen,gene2phenotype,mitotic_panel	yes	yes	NUP133-related Galloway-Mowat syndrome () | nephrotic syndrome, type 18 (Moderate) | tier 3
NUP160	1	2	ClinGen,mitotic_panel	yes	yes	nephrotic syndrome, type 19 (Moderate) | tier 3
NUP188	1	3	ClinGen,PanelApp,gene2phenotype	yes	no	Intellectual disability (confidence 2) | NUP188-related neurodegeneration, cataracts and facial dysmorphisms () | Severe microcephaly (confidence 3) | sandestig-stefanova syndrome (Definitive)
NUP214	1	2	PanelApp,gene2phenotype	yes	no	Intellectual disability (confidence 3) | NUP214-related acute febrile encephalopathy () | Severe microcephaly (confidence 3)
NUS1	1	3	ClinGen,PanelApp,gene2phenotype	yes	no	Intellectual disability (confidence 3) | NUS1-related epilepsy and intellectual disability () | progressive myoclonus epilepsy (Definitive)
NYX	1	3	ClinGen,PanelApp,gene2phenotype	yes	no	Intellectual disability (confidence 2) | NYX-related congenital stationary night blindness () | NYX-related retinopathy (Definitive)
OCLN	1	2	PanelApp,gene2phenotype	yes	no	Intellectual disability (confidence 3) | OCLN-related band-like calcification with simplified gyration and polymicrogyria ()
OCRL	1	3	ClinGen,PanelApp,gene2phenotype	yes	no	Intellectual disability (confidence 3) | Nephrocalcinosis or nephrolithiasis (confidence 3) | OCRL-related Dent Disease () | OCRL-related Lowe oculocerebrorenal syndrome () | oculocerebrorenal syndrome (Definitive)
ODAD1	1	2	ClinGen,gene2phenotype	yes	no	ODAD1-related primary ciliary dyskinesia () | primary ciliary dyskinesia 20 (Definitive)
ODAD2	1	2	ClinGen,gene2phenotype	yes	no	ODAD2-related primary ciliary dyskinesia () | primary ciliary dyskinesia 23 (Definitive)
ODAD3	1	2	ClinGen,gene2phenotype	yes	no	ODAD3-related primary cillary dyskineasia () | primary ciliary dyskinesia 30 (Definitive)
ODAD4	1	2	ClinGen,gene2phenotype	yes	no	ODAD4-related primary ciliary dyskinesia with left-right body asymmetry randomization () | primary ciliary dyskinesia 35 (Definitive)
ODC1	1	2	PanelApp,gene2phenotype	yes	no	Intellectual disability (confidence 3) | ODC1-related neurodevelopmental disorder ()
OFD1	1	4	ClinGen,PanelApp,gene2phenotype,mitotic_panel	yes	yes	Beckwith-Wiedemann syndrome (BWS) and other congenital overgrowth disorders (confidence 3) | Cystic renal disease (confidence 2) | Cystic renal disease (confidence 3) | Intellectual disability (confidence 3) | OFD1-related Joubert syndrome () | OFD1-related ciliopathy (Definitive)
OGDH	1	3	ClinGen,PanelApp,gene2phenotype	yes	no	Intellectual disability (confidence 2) | OGDH-related neurodevelopmental disorder () | mitochondrial disease (Definitive)
OGDHL	1	2	PanelApp,gene2phenotype	yes	no	Intellectual disability (confidence 3) | OGDHL-related neurodevelopmental disorder with seizures, hearing loss and gait ataxia ()
OGT	1	3	ClinGen,PanelApp,gene2phenotype	yes	no	Intellectual disability (confidence 3) | OGT-related developmental disorder (hemizygous) () | OGT-related developmental disorder (heterozygous) () | intellectual disability, X-linked 106 (Moderate)
OPA1	1	2	ClinGen,PanelApp	yes	no	Intellectual disability (confidence 3) | Leigh syndrome (Moderate) | OPA1-related optic atrophy with or without extraocular features (Definitive)
OPA3	1	2	ClinGen,PanelApp	yes	no	Intellectual disability (confidence 3) | optic atrophy 3 (Moderate)
OPHN1	1	3	ClinGen,PanelApp,gene2phenotype	yes	no	Intellectual disability (confidence 3) | OPHN1-related intellectual developmental disorder () | X-linked intellectual disability-cerebellar hypoplasia syndrome (Definitive)
ORC1	1	2	PanelApp,gene2phenotype	yes	no	Intellectual disability (confidence 1) | ORC1-related Meier-Gorlin syndrome () | Severe microcephaly (confidence 3)
ORC4	1	3	ClinGen,PanelApp,gene2phenotype	yes	no	Intellectual disability (confidence 1) | Meier-Gorlin syndrome 2 (Moderate) | ORC4-related Meier-Gorlin syndrome () | Severe microcephaly (confidence 3)
ORC6	1	3	ClinGen,PanelApp,gene2phenotype	yes	no	Intellectual disability (confidence 1) | Meier-Gorlin syndrome 3 (Definitive) | ORC6-related Meier-Gorlin syndrome () | Severe microcephaly (confidence 3)
OSGEP	1	2	PanelApp,gene2phenotype	yes	no	Intellectual disability (confidence 3) | OSGEP-related nephrotic syndrome with primary microcephaly () | Severe microcephaly (confidence 3)
OTC	1	3	ClinGen,PanelApp,gene2phenotype	yes	no	Intellectual disability (confidence 3) | OTC-related ornithine transcarbamylase deficiency () | ornithine carbamoyltransferase deficiency (Definitive)
OTOGL	1	3	ClinGen,PanelApp,gene2phenotype	yes	no	Intellectual disability (confidence 1) | OTOGL-related moderate sensorineural hearing loss () | nonsyndromic genetic hearing loss (Definitive)
OTUD5	1	3	ClinGen,PanelApp,gene2phenotype	yes	no	Intellectual disability (confidence 3) | OTUD5-related neurodevelopmental disorder () | multiple congenital anomalies-neurodevelopmental syndrome, X-linked (Moderate)
OTUD6B	1	3	ClinGen,PanelApp,gene2phenotype	yes	no	Intellectual disability (confidence 3) | OTUD6B-related intellectual disability syndrome associated with seizures and dysmorphic features () | syndromic intellectual disability (Definitive)
OTUD7A	1	3	ClinGen,PanelApp,gene2phenotype	yes	no	Intellectual disability (confidence 3) | OTUD7A-related 15q13.3 deletions phenocopy () | complex neurodevelopmental disorder (Limited)
OTULIN	1	3	ClinGen,PanelApp,gene2phenotype	yes	no	Intellectual disability (confidence 1) | OTULIN-related autoinflammatory syndrome () | autoinflammation, panniculitis, and dermatosis syndrome, autosomal recessive (Definitive)
OTX2	1	2	PanelApp,gene2phenotype	yes	no	Intellectual disability (confidence 3) | OTX2-related syndromic microphthalmia ()
OXCT1	1	3	ClinGen,PanelApp,gene2phenotype	yes	no	Intellectual disability (confidence 1) | OXCT1-related succinyl CoA:3-oxoacid CoA transferase deficiency () | mitochondrial disease (Definitive)
OXR1	1	2	PanelApp,gene2phenotype	yes	no	Intellectual disability (confidence 3) | OXR1-related neurological disease with cerebellar atrophy and lysosomal dysfunction ()
P4HTM	1	2	PanelApp,gene2phenotype	yes	no	Intellectual disability (confidence 3) | P4HTM-related hypotonia, hypoventilation, impaired intellectual development, dysautonomia, epilepsy, and eye abnormalities ()
PABPC1	1	2	PanelApp,gene2phenotype	yes	no	Intellectual disability (confidence 3) | PABPC1-related developmental delay ()
PACS1	1	3	ClinGen,PanelApp,gene2phenotype	yes	no	Intellectual disability (confidence 3) | PACS1-related intellectual disability () | Schuurs-Hoeijmakers syndrome (Definitive)
PACS2	1	3	ClinGen,PanelApp,gene2phenotype	yes	no	Intellectual disability (confidence 3) | PACS2-related neurodevelopmental disorder () | genetic developmental and epileptic encephalopathy (Definitive)
PAFAH1B1	1	3	PanelApp,gene2phenotype,mitotic_panel	yes	yes	Intellectual disability (confidence 3) | PAFAH1B1-related lissencephaly () | tier 3
PAH	1	3	ClinGen,PanelApp,gene2phenotype	yes	no	Intellectual disability (confidence 3) | PAH-related phenylketonuria (PKU) () | phenylketonuria (Definitive)
PAK1	1	2	PanelApp,gene2phenotype	yes	no	Intellectual disability (confidence 3) | PAK1-related neurodevelopmental disorder ()
PAK3	1	3	ClinGen,PanelApp,gene2phenotype	yes	no	Intellectual disability (confidence 3) | PAK3-related agenesis of the corpus callosum () | PAK3-related intellectual developmental disorder () | X-linked complex neurodevelopmental disorder (Definitive)
PALB2	1	3	ClinGen,PanelApp,gene2phenotype	yes	no	Childhood solid tumours (confidence 3) | Childhood solid tumours cancer susceptibility (confidence 3) | Fanconi anaemia or Bloom syndrome (confidence 3) | Fanconi anemia complementation group N (Definitive) | Intellectual disability (confidence 1) | PALB2-related Fanconi anemia ()
PAN2	1	3	ClinGen,PanelApp,gene2phenotype	yes	no	Intellectual disability (confidence 3) | PAN2-related neurodevelopmental disorder with multiple congenital anomalies () | syndromic complex neurodevelopmental disorder (Moderate)
PARK7	1	2	ClinGen,PanelApp	yes	no	Intellectual disability (confidence 1) | Parkinson disease (Definitive)
PARN	1	3	ClinGen,PanelApp,gene2phenotype	yes	no	Childhood solid tumours (confidence 2) | Intellectual disability (confidence 3) | PARN-related dyskeratosis congenita () | pulmonary fibrosis and/or bone marrow failure, Telomere-related, 4 (Definitive)
PARS2	1	2	ClinGen,gene2phenotype	yes	no	PARS2-related developmental and epileptic encephalopathy with or without cardiomyopathy () | mitochondrial disease (Moderate)
PAX1	1	3	ClinGen,PanelApp,gene2phenotype	yes	no	Intellectual disability (confidence 2) | PAX1-related oculo-auriculo-vertebral syndrome () | PAX1-related otofaciocervical syndrome () | otofaciocervical syndrome 2 (Definitive)
PAX2	1	3	ClinGen,PanelApp,gene2phenotype	yes	no	Cystic renal disease (confidence 3) | Intellectual disability (confidence 1) | PAX2-related papillorenal syndrome () | focal segmental glomerulosclerosis 7 (Definitive)
PAX3	1	3	ClinGen,PanelApp,gene2phenotype	yes	no	Familial rhabdomyosarcoma (confidence 1) | Intellectual disability (confidence 1) | PAX3-related Waardenburg syndrome (biallelic) () | PAX3-related Waardenburg syndrome (monoallelic) () | Waardenburg syndrome (Definitive)
PAX5	1	2	ClinGen,PanelApp	yes	no	Childhood solid tumours cancer susceptibility (confidence 3) | PAX5-related B lymphopenia and autism spectrum disorder (Moderate) | leukemia, acute lymphoblastic, susceptibility to, 3 (Definitive)
PAX6	1	3	ClinGen,PanelApp,gene2phenotype	yes	no	Childhood solid tumours (confidence 1) | Intellectual disability (confidence 1) | PAX6-related Peters anomaly () | PAX6-related aniridia () | PAX6-related ocular dysgenesis (Definitive)
PAX7	1	2	ClinGen,PanelApp	yes	no	Familial rhabdomyosarcoma (confidence 1) | Intellectual disability (confidence 1) | congenital myopathy with myasthenic-like onset (Moderate)
PAX8	1	2	PanelApp,gene2phenotype	yes	no	Intellectual disability (confidence 3) | PAX8-related congenital hypothyroidism non-goitrous ()
PAX9	1	3	ClinGen,PanelApp,gene2phenotype	yes	no	Intellectual disability (confidence 1) | PAX9-related tooth agenesis, selective () | tooth agenesis, selective, 3 (Definitive)
PBX1	1	3	ClinGen,PanelApp,gene2phenotype	yes	no	Intellectual disability (confidence 3) | PBX1-related developmental disorder () | congenital anomalies of kidney and urinary tract syndrome with or without hearing loss, abnormal ears, or developmental delay (Definitive)
PC	1	2	PanelApp,gene2phenotype	yes	no	Intellectual disability (confidence 3) | PC-related pyruvate carboxylase deficiency ()
PCARE	1	2	ClinGen,gene2phenotype	yes	no	PCARE-related retinitis pigmentosa () | PCARE-related retinopathy (Definitive)
PCBD1	1	3	ClinGen,PanelApp,gene2phenotype	yes	no	Intellectual disability (confidence 1) | PCBD1-related hyperphenylalaninemia, BH4-deficient, D () | pterin-4 alpha-carbinolamine dehydratase 1 deficiency (Definitive)
PCCA	1	3	ClinGen,PanelApp,gene2phenotype	yes	no	Intellectual disability (confidence 3) | PCCA-related propionic acidemia () | propionic acidemia (Definitive)
PCCB	1	3	ClinGen,PanelApp,gene2phenotype	yes	no	Intellectual disability (confidence 3) | PCCB-related propionic acidemia () | propionic acidemia (Definitive)
PCDH12	1	2	PanelApp,gene2phenotype	yes	no	Intellectual disability (confidence 3) | PCDH12-related diencephalic-mesencephalic junction dysplasia syndrome () | Severe microcephaly (confidence 3)
PCDH19	1	3	ClinGen,PanelApp,gene2phenotype	yes	no	Intellectual disability (confidence 3) | PCDH19-related epileptic encephalopathy early infantile () | X-linked complex neurodevelopmental disorder (Definitive)
PCDHGC4	1	2	PanelApp,gene2phenotype	yes	no	Intellectual disability (confidence 3) | PCDHGC4-related neurodevelopmental disorder with microcephaly and seizures () | Severe microcephaly (confidence 2)
PCGF2	1	3	ClinGen,PanelApp,gene2phenotype	yes	no	Intellectual disability (confidence 3) | PCGF2-related craniofacial neurological cardiovascular and skeletal features (Turnpenny-Fry syndrome) () | turnpenny-fry syndrome (Definitive)
PCNT	1	4	ClinGen,PanelApp,gene2phenotype,mitotic_panel	yes	yes	Intellectual disability (confidence 3) | PCNT-related microcephalic osteodysplastic primordial dwarfism () | Severe microcephaly (confidence 3) | microcephalic osteodysplastic primordial dwarfism type II (Definitive) | tier 3
PCSK9	1	2	ClinGen,PanelApp	yes	no	Additional findings health related - children (confidence 3) | hypercholesterolemia, autosomal dominant, 3 (Definitive)
PCYT1A	1	3	ClinGen,PanelApp,gene2phenotype	yes	no	Intellectual disability (confidence 1) | PCYT1A-related spondylometaphyseal dysplasia with cone-rod dystrophy () | spondylometaphyseal dysplasia-cone-rod dystrophy syndrome (Definitive)
PCYT2	1	2	PanelApp,gene2phenotype	yes	no	Intellectual disability (confidence 3) | PCYT2-related complex hereditary spastic paraplegia ()
PDE4D	1	2	PanelApp,gene2phenotype	yes	no	Intellectual disability (confidence 3) | PDE4D-related acrodysostosis ()
PDE6D	1	2	ClinGen,PanelApp	yes	no	Cystic renal disease (confidence 1) | Intellectual disability (confidence 2) | ciliopathy (Moderate)
PDE6G	1	3	ClinGen,PanelApp,gene2phenotype	yes	no	Intellectual disability (confidence 1) | PDE6G-related retinitis pigmentosa () | PDE6G-related retinopathy (Definitive)
PDGFRA	1	2	ClinGen,PanelApp	yes	no	Childhood solid tumours (confidence 3) | Childhood solid tumours cancer susceptibility (confidence 2) | congenital heart disease (Limited) | gastrointestinal stromal tumor (Definitive)
PDGFRB	1	2	PanelApp,gene2phenotype	yes	no	Beckwith-Wiedemann syndrome (BWS) and other congenital overgrowth disorders (confidence 3) | Childhood solid tumours (confidence 3) | Intellectual disability (confidence 3) | PDGFRB-related Kosaki overgrowth syndrome () | PDGFRB-related familial infantile myofibromatosis () | PDGFRB-related premature aging syndrome, Penttinen type ()
PDHA1	1	3	ClinGen,PanelApp,gene2phenotype	yes	no	Intellectual disability (confidence 3) | Leigh syndrome (Definitive) | PDHA1-related intellectual disability () | PDHA1-related pyruvate dehydrogenase E1-alpha deficiency () | Severe microcephaly (confidence 3) | mitochondrial disease (Definitive)
PDHB	1	2	ClinGen,PanelApp	yes	no	Intellectual disability (confidence 3) | Leigh syndrome (Moderate)
PDHX	1	3	ClinGen,PanelApp,gene2phenotype	yes	no	Intellectual disability (confidence 3) | Leigh syndrome (Definitive) | PDHX-related lacticacidemia due to PDX1 deficiency () | mitochondrial disease (Definitive)
PDS5A	1	2	PanelApp,mitotic_panel	yes	yes	Intellectual disability (confidence 2) | tier 2
PDSS1	1	3	ClinGen,PanelApp,gene2phenotype	yes	no	Intellectual disability (confidence 3) | PDSS1-related coenzyme Q10 deficiency, primary () | mitochondrial disease (Moderate)
PDSS2	1	3	ClinGen,PanelApp,gene2phenotype	yes	no	Intellectual disability (confidence 3) | Leigh syndrome (Moderate) | PDSS2-related coenzyme Q10 deficiency, primary ()
PEPD	1	3	ClinGen,PanelApp,gene2phenotype	yes	no	Intellectual disability (confidence 3) | PEPD-related prolidase deficiency () | prolidase deficiency (Definitive)
PET100	1	3	ClinGen,PanelApp,gene2phenotype	yes	no	Intellectual disability (confidence 3) | Leigh syndrome (Moderate) | PET100-related mitochondrial complex IV deficiency () | mitochondrial disease (Definitive)
PEX1	1	3	ClinGen,PanelApp,gene2phenotype	yes	no	Intellectual disability (confidence 3) | PEX1-related peroxisome biogenesis disorder () | peroxisome biogenesis disorder due to PEX1 defect (Definitive)
PEX10	1	3	ClinGen,PanelApp,gene2phenotype	yes	no	Intellectual disability (confidence 3) | PEX10-related peroxisome biogenesis disorder 6A (Zellweger) () | peroxisome biogenesis disorder (Definitive)
PEX11B	1	3	ClinGen,PanelApp,gene2phenotype	yes	no	Intellectual disability (confidence 3) | PEX11B-related peroxisome biogenesis disorder 14B () | peroxisome biogenesis disorder (Definitive)
PEX12	1	3	ClinGen,PanelApp,gene2phenotype	yes	no	Intellectual disability (confidence 3) | PEX12-related peroxisome biogenesis disorder 3A (Zellweger) () | peroxisome biogenesis disorder (Definitive)
PEX13	1	3	ClinGen,PanelApp,gene2phenotype	yes	no	Intellectual disability (confidence 3) | PEX13-related peroxisome biogenesis disorder 11A (Zellweger) () | peroxisome biogenesis disorder (Definitive)
PEX14	1	3	ClinGen,PanelApp,gene2phenotype	yes	no	Intellectual disability (confidence 3) | PEX14-related peroxisome biogenesis disorder 13A (Zellweger) (monoallelic) () | PEX14-related peroxisome biogenesis disorder complementation group K () | peroxisome biogenesis disorder (Definitive)
PEX16	1	3	ClinGen,PanelApp,gene2phenotype	yes	no	Intellectual disability (confidence 3) | PEX16-related peroxisome biogenesis disorder 8A (Zellweger) () | peroxisome biogenesis disorder (Definitive)
PEX19	1	3	ClinGen,PanelApp,gene2phenotype	yes	no	Intellectual disability (confidence 3) | PEX19-related peroxisome biogenesis disorder () | peroxisome biogenesis disorder (Definitive)
PEX2	1	3	ClinGen,PanelApp,gene2phenotype	yes	no	Intellectual disability (confidence 3) | PEX2-related peroxisome biogenesis disorder 5A (Zellweger) () | peroxisome biogenesis disorder (Definitive)
PEX26	1	3	ClinGen,PanelApp,gene2phenotype	yes	no	Intellectual disability (confidence 3) | PEX26-related Zellweger syndrome () | peroxisome biogenesis disorder (Definitive)
PEX3	1	3	ClinGen,PanelApp,gene2phenotype	yes	no	Intellectual disability (confidence 3) | PEX3-related peroxisome biogenesis disorder () | peroxisome biogenesis disorder (Definitive)
PEX5	1	3	ClinGen,PanelApp,gene2phenotype	yes	no	Intellectual disability (confidence 3) | PEX5-related Zellweger syndrome () | peroxisome biogenesis disorder (Definitive)
PEX6	1	3	ClinGen,PanelApp,gene2phenotype	yes	no	Intellectual disability (confidence 3) | PEX6-related peroxisome biogenesis disorder 4A (Zellweger) () | peroxisome biogenesis disorder (Definitive)
PEX7	1	3	ClinGen,PanelApp,gene2phenotype	yes	no	Intellectual disability (confidence 3) | PEX7-related peroxisome biogenesis disorder complementation group 11 () | peroxisome biogenesis disorder (Definitive)
PGAP1	1	2	PanelApp,gene2phenotype	yes	no	Intellectual disability (confidence 3) | PGAP1-related intellectual disability, encephalopathy, impaired GPI-anchor maturation ()
PGAP2	1	2	PanelApp,gene2phenotype	yes	no	Intellectual disability (confidence 3) | PGAP2-related intellectual disability ()
PGAP3	1	3	ClinGen,PanelApp,gene2phenotype	yes	no	Intellectual disability (confidence 3) | PGAP3-related hyperphosphatasia with intellectual developmental disorder syndrome () | hyperphosphatasia with intellectual disability syndrome 4 (Definitive)
PGK1	1	2	PanelApp,gene2phenotype	yes	no	Intellectual disability (confidence 3) | PGK1-related phosphoglycerate kinase 1 deficiency ()
PGM1	1	3	ClinGen,PanelApp,gene2phenotype	yes	no	Intellectual disability (confidence 1) | PGM1-congenital disorder of glycosylation (Definitive) | PGM1-related congenital disorder of glycosylation ()
PGM2L1	1	2	PanelApp,gene2phenotype	yes	no	Intellectual disability (confidence 3) | PGM2L1-related neurodevelopmental disorder ()
PGM3	1	3	ClinGen,PanelApp,gene2phenotype	yes	no	Intellectual disability (confidence 3) | PGM3-related immunodeficiency () | immunodeficiency 23 (Definitive)
PHACTR1	1	2	PanelApp,gene2phenotype	yes	no	Intellectual disability (confidence 3) | PHACTR1-related neurodevelopment disorder ()
PHEX	1	3	ClinGen,PanelApp,gene2phenotype	yes	no	Nephrocalcinosis or nephrolithiasis (confidence 3) | PHEX-related hypophosphatemic rickets () | X-linked dominant hypophosphatemic rickets (Definitive)
PHF12	1	3	ClinGen,PanelApp,gene2phenotype	yes	no	Intellectual disability (confidence 2) | PHF12-related developmental disorder () | complex neurodevelopmental disorder (Definitive)
PHF21A	1	3	ClinGen,PanelApp,gene2phenotype	yes	no	Intellectual disability (confidence 3) | PHF21A-related Potocki-Shaffer syndrome () | complex neurodevelopmental disorder (Definitive)
PHF6	1	3	ClinGen,PanelApp,gene2phenotype	yes	no	Borjeson-Forssman-Lehmann syndrome (Definitive) | Intellectual disability (confidence 3) | PHF6-related Boerjeson-Forssman-Lehmann syndrome ()
PHF8	1	3	ClinGen,PanelApp,gene2phenotype	yes	no	Intellectual disability (confidence 3) | PHF8-related syndromic intellectual developmental disorder, Siderius type () | syndromic X-linked intellectual disability Siderius type (Definitive)
PHGDH	1	3	ClinGen,PanelApp,gene2phenotype	yes	no	Intellectual disability (confidence 3) | PHGDH-related phosphoglycerate dehydrogenase deficiency () | neurometabolic disorder due to serine deficiency (Definitive)
PHIP	1	3	ClinGen,PanelApp,gene2phenotype	yes	no	Intellectual disability (confidence 3) | PHIP-related behavioral problems-intellectual disability-obesity-dysmorphic features syndrome (Definitive) | PHIP-related developmental delay, intellectual disability, obesity, and dysmorphic features ()
PHKA1	1	2	ClinGen,PanelApp	yes	no	Intellectual disability (confidence 1) | glycogen storage disease IXd (Definitive)
PHKG2	1	2	ClinGen,PanelApp	yes	no	Intellectual disability (confidence 1) | glycogen storage disease IXc (Definitive)
PHOX2B	1	3	ClinGen,PanelApp,gene2phenotype	yes	no	Childhood solid tumours (confidence 3) | Childhood solid tumours cancer susceptibility (confidence 3) | Haddad syndrome (Definitive) | Intellectual disability (confidence 1) | PHOX2B-related central hypoventilation syndrome, congenital, with or without Hirschsprung disease () | central hypoventilation syndrome, congenital, 1, with or without Hirschsprung disease (Definitive)
PI4KA	1	2	PanelApp,gene2phenotype	yes	no	Intellectual disability (confidence 3) | PI4KA-related polymicrogyria, perisylvian, with cerebellar hypoplasia and arthrogryposis ()
PIBF1	1	2	PanelApp,gene2phenotype	yes	no	Cystic renal disease (confidence 1) | Intellectual disability (confidence 3) | PIBF1-related Joubert syndrome ()
PIDD1	1	3	ClinGen,PanelApp,gene2phenotype	yes	no	Intellectual disability (confidence 3) | PIDD1-related neurodevelopmental disorder () | intellectual developmental disorder, autosomal recessive 75, with neuropsychiatric features and variant lissencephaly (Definitive)
PIEZO1	1	2	ClinGen,gene2phenotype	yes	no	PIEZO1-related congenital lymphatic dysplasia with hydrops and/or lymphoedema () | dehydrated hereditary stomatocytosis with or without pseudohyperkalemia and/or perinatal edema (Strong) | obsolete PIEZO1-related generalized lymphatic dysplasia with non-immune hydrops fetalis (Definitive)
PIGA	1	3	ClinGen,PanelApp,gene2phenotype	yes	no	Intellectual disability (confidence 3) | PIGA-related multiple congenital anomalies-hypotonia-seizures syndrome () | complex neurodevelopmental disorder (Definitive)
PIGB	1	3	ClinGen,PanelApp,gene2phenotype	yes	no	Intellectual disability (confidence 3) | PIGB-related inherited GPI biosynthesis defect with an axonal neuropathy and metabolic abnormality () | developmental and epileptic encephalopathy, 80 (Moderate)
PIGC	1	2	ClinGen,PanelApp	yes	no	Intellectual disability (confidence 3) | congenital disorder of glycosylation (Limited)
PIGG	1	2	PanelApp,gene2phenotype	yes	no	Intellectual disability (confidence 3) | PIGG-related intellectual disability with seizures and hypotonia ()
PIGH	1	3	ClinGen,PanelApp,gene2phenotype	yes	no	Intellectual disability (confidence 3) | PIGH-related glycosylphosphatidylinositol biosynthesis defect () | glycosylphosphatidylinositol biosynthesis defect 17 (Limited)
PIGK	1	2	PanelApp,gene2phenotype	yes	no	Intellectual disability (confidence 3) | PIGK-related neurodevelopmental syndrome ()
PIGL	1	3	ClinGen,PanelApp,gene2phenotype	yes	no	Intellectual disability (confidence 3) | PIGL-related coloboma, congenital heart disease, ichthyosiform dermatosis, impaired intellectual development, and ear anomalies syndrome (CHIME) () | syndromic intellectual disability (Definitive)
PIGN	1	3	ClinGen,PanelApp,gene2phenotype	yes	no	Intellectual disability (confidence 3) | PIGN-related multiple congenital anomalies-hypotonia-seizures syndrome () | multiple congenital anomalies-hypotonia-seizures syndrome 1 (Definitive)
PIGO	1	3	ClinGen,PanelApp,gene2phenotype	yes	no	Intellectual disability (confidence 3) | PIGO-related hyperphosphatasia with intellectual developmental disorder syndrome () | complex neurodevelopmental disorder (Definitive)
PIGP	1	3	ClinGen,PanelApp,gene2phenotype	yes	no	Intellectual disability (confidence 3) | PIGP-related multiple congenital anomalies-hypotonia-seizures syndrome () | developmental and epileptic encephalopathy, 55 (Moderate)
PIGQ	1	3	ClinGen,PanelApp,gene2phenotype	yes	no	Intellectual disability (confidence 3) | PIGQ-related severe early-onset epilepsy () | developmental and epileptic encephalopathy, 77 (Definitive)
PIGS	1	3	ClinGen,PanelApp,gene2phenotype	yes	no	Intellectual disability (confidence 3) | PIGS-related neurological syndrome fetal akinesia/epileptic encephalopathy () | glycosylphosphatidylinositol biosynthesis defect 18 (Definitive)
PIGT	1	3	ClinGen,PanelApp,gene2phenotype	yes	no	Intellectual disability (confidence 3) | PIGT-related multiple congenital anomalies-hypotonia-seizures syndrome () | multiple congenital anomalies-hypotonia-seizures syndrome 3 (Definitive)
PIGU	1	3	ClinGen,PanelApp,gene2phenotype	yes	no	Intellectual disability (confidence 3) | PIGU-related intellectual disability, central nervous system anomalies and scoliosis () | glycosylphosphatidylinositol biosynthesis defect 21 (Limited)
PIGV	1	3	ClinGen,PanelApp,gene2phenotype	yes	no	Intellectual disability (confidence 3) | PIGV-related hyperphosphatasia with intellectual developmental disorder () | hyperphosphatasia with intellectual disability syndrome 1 (Moderate)
PIGW	1	3	ClinGen,PanelApp,gene2phenotype	yes	no	Intellectual disability (confidence 3) | PIGW-related hyperphosphatasia with intellectual developmental disorder () | congenital disorder of glycosylation (Limited)
PIK3CA	1	3	ClinGen,PanelApp,gene2phenotype	yes	no	Beckwith-Wiedemann syndrome (BWS) and other congenital overgrowth disorders (confidence 3) | Childhood solid tumours (confidence 1) | Intellectual disability (confidence 3) | PIK3CA-related overgrowth spectrum disorder with or without megalencephaly, capillary malformation, polymicrogyria and lipomatous overgrowth () | familial ovarian cancer (No Known Disease Relationship) | hereditary breast car
PIK3R1	1	3	ClinGen,PanelApp,gene2phenotype	yes	no	Intellectual disability (confidence 1) | PIK3R1-related SHORT syndrome () | PIK3R1-related agammaglobulinemia () | PIK3R1-related immunodeficiency and SHORT syndrome (Definitive) | agammaglobulinemia 7, autosomal recessive (Limited)
PIK3R2	1	3	ClinGen,PanelApp,gene2phenotype	yes	no	Intellectual disability (confidence 3) | PIK3R2-related megalencephaly-polymicrogyria-polydactyly-hydrocephalus syndrome () | overgrowth syndrome and/or cerebral malformations due to abnormalities in MTOR pathway genes (Definitive)
PINK1	1	2	ClinGen,PanelApp	yes	no	Intellectual disability (confidence 1) | Parkinson disease (Definitive)
PIP5K1C	1	3	ClinGen,PanelApp,gene2phenotype	yes	no	Intellectual disability (confidence 3) | PIP5K1C-related lethal congenital contracture syndrome () | PIP5K1C-related neurodevelopmental disorder () | PIP5K1C-related neurodevelopmental disorder (Strong)
PISD	1	3	ClinGen,PanelApp,gene2phenotype	yes	no	Intellectual disability (confidence 2) | Liberfarb syndrome (Moderate) | PISD-related spondyloepimetaphyseal dysplasia with large epiphyses and disturbed mitochondrial function ()
PITX2	1	3	ClinGen,PanelApp,gene2phenotype	yes	no	Intellectual disability (confidence 1) | PITX2-related Axenfeld-Rieger syndrome () | PITX2-related ring dermoid of cornea () | anterior segment dysgenesis 4 (Definitive)
PKD1	1	2	ClinGen,PanelApp	yes	no	Cystic renal disease (confidence 3) | autosomal dominant polycystic kidney disease (Definitive) | autosomal recessive polycystic kidney disease (Definitive)
PKD2	1	3	ClinGen,PanelApp,mitotic_panel	yes	yes	Cystic renal disease (confidence 3) | autosomal dominant polycystic kidney disease (Definitive) | tier 4
PKHD1	1	4	ClinGen,PanelApp,gene2phenotype,mitotic_panel	yes	yes	Cystic renal disease (confidence 3) | Intellectual disability (confidence 1) | PKHD1-related polycystic kidney disease () | autosomal recessive polycystic kidney disease (Definitive) | tier 4
PLA2G6	1	3	ClinGen,PanelApp,gene2phenotype	yes	no	Intellectual disability (confidence 3) | PLA2G6-associated neurodegeneration (Definitive) | PLA2G6-related infantile neuroaxonal dystrophy ()
PLAA	1	2	PanelApp,gene2phenotype	yes	no	Intellectual disability (confidence 3) | PLAA-related lethal infantile epileptic encephalopathy () | Severe microcephaly (confidence 1)
PLCB1	1	3	ClinGen,PanelApp,gene2phenotype	yes	no	Intellectual disability (confidence 3) | PLCB1-related epileptic encephalopathy, early infantile () | genetic developmental and epileptic encephalopathy (Definitive)
PLCB4	1	2	ClinGen,gene2phenotype	yes	no	PLCB4-related auriculocondylar syndrome () | auriculocondylar syndrome 2 (Definitive)
PLCE1	1	3	ClinGen,PanelApp,gene2phenotype	yes	no	Intellectual disability (confidence 1) | PLCE1-related nephrotic syndrome () | nephrotic syndrome, type 3 (Definitive)
PLD1	1	2	ClinGen,gene2phenotype	yes	no	PLD1-related cardiac valvular dysplasia () | PLD1-related congenital heart disease (Definitive)
PLEC	1	3	ClinGen,PanelApp,gene2phenotype	yes	no	Intellectual disability (confidence 1) | PLEC-related epidermolysis bullosa simplex and limb-girdle muscular dystrophy () | PLEC-related muscular dystrophy-epidermolysis bullosa simplex spectrum disorder (Definitive)
PLK1	1	2	PanelApp,mitotic_panel	yes	yes	Intellectual disability (confidence 3) | tier 2
PLK4	1	3	PanelApp,gene2phenotype,mitotic_panel	yes	yes	Intellectual disability (confidence 3) | PLK4-related microcephaly, growth failure and retinopathy () | Severe microcephaly (confidence 3) | tier 2
PLP1	1	3	ClinGen,PanelApp,gene2phenotype	yes	no	Intellectual disability (confidence 3) | PLP1-related leukodystrophy hypomyelinating () | PLP1-related spastic paraplegia () | Pelizaeus-Merzbacher spectrum disorder (Definitive)
PLPBP	1	2	PanelApp,gene2phenotype	yes	no	Intellectual disability (confidence 3) | PLPBP-related vitamin-B6-dependent epilepsy ()
PLXNA1	1	2	PanelApp,gene2phenotype	yes	no	Intellectual disability (confidence 3) | PLXNA1-related neurodevelopmental disorder () | PLXNA1-related neurodevelopmental disorder with seizures ()
PLXNB2	1	2	PanelApp,gene2phenotype	yes	no	Intellectual disability (confidence 3) | PLXNB2-related hearing loss, amelogenesis imperfecta and intellectual disability ()
PMM2	1	3	ClinGen,PanelApp,gene2phenotype	yes	no	Cystic renal disease (confidence 3) | Intellectual disability (confidence 3) | PMM2-congenital disorder of glycosylation (Definitive) | PMM2-related congenital disorder of glycosylation () | hyperinsulinemic hypoglycemia with polycystic kidney disease (Moderate)
PMP22	1	2	ClinGen,PanelApp	yes	no	Charcot-Marie-Tooth disease type 1A (Definitive) | Intellectual disability (confidence 1) | hereditary neuropathy with liability to pressure palsies (Definitive)
PMPCA	1	2	ClinGen,PanelApp	yes	no	Intellectual disability (confidence 2) | mitochondrial disease (Definitive)
PMPCB	1	2	PanelApp,gene2phenotype	yes	no	Intellectual disability (confidence 3) | PMPCB-related neurodegeneration in early childhood ()
PMS2	1	3	ClinGen,PanelApp,gene2phenotype	yes	no	Childhood solid tumours (confidence 3) | Childhood solid tumours cancer susceptibility (confidence 3) | Familial rhabdomyosarcoma (confidence 3) | Intellectual disability (confidence 1) | Lynch syndrome (Definitive) | PMS2-related constitutional mismatch repair deficiency syndrome (CMMRD) ()
PNKP	1	3	ClinGen,PanelApp,gene2phenotype	yes	no	Intellectual disability (confidence 3) | PNKP-related ataxia-oculomotor apraxia () | Severe microcephaly (confidence 3) | microcephaly, seizures, and developmental delay (Definitive)
PNP	1	2	ClinGen,PanelApp	yes	no	Intellectual disability (confidence 1) | purine nucleoside phosphorylase deficiency (Definitive)
PNPLA2	1	2	ClinGen,gene2phenotype	yes	no	PNPLA2-related neutral lipid storage disease with myopathy () | neutral lipid storage myopathy (Definitive)
PNPLA6	1	3	ClinGen,PanelApp,gene2phenotype	yes	no	Intellectual disability (confidence 3) | PNPLA6-related retinal dystrophy-ataxia-pituitary hormone abnormality-hypogonadism syndrome () | PNPLA6-related spastic paraplegia with or without ataxia (Definitive) | retinal dystrophy-ataxia-pituitary hormone abnormality-hypogonadism syndrome (Definitive)
PNPLA8	1	3	ClinGen,PanelApp,gene2phenotype	yes	no	Intellectual disability (confidence 3) | PNPLA8-related progressive microcephaly with seizures and neurodegeneration () | Severe microcephaly (confidence 3) | mitochondrial disease (Definitive)
PNPO	1	3	ClinGen,PanelApp,gene2phenotype	yes	no	Intellectual disability (confidence 2) | PNPO-related neonatal encephalopathy responsive to pyridoxal-5'-phosphate () | pyridoxal phosphate-responsive seizures (Definitive)
PNPT1	1	3	ClinGen,PanelApp,gene2phenotype	yes	no	Intellectual disability (confidence 3) | Leigh syndrome (Moderate) | PNPT1-related hearing loss () | PNPT1-related respiratory chain disorder ()
POC1A	1	2	PanelApp,gene2phenotype	yes	no	Intellectual disability (confidence 1) | POC1A-related short stature, onychodysplasia, facial dysmorphism, and hypotrichosis (SOFT syndrome) () | Severe microcephaly (confidence 3)
POC1B	1	4	ClinGen,PanelApp,gene2phenotype,mitotic_panel	yes	yes	Intellectual disability (confidence 1) | POC1B-related cone-rod dystrophy () | cone-rod dystrophy 20 (Definitive) | tier 4
POGLUT1	1	2	ClinGen,PanelApp	yes	no	Intellectual disability (confidence 1) | autosomal recessive limb-girdle muscular dystrophy (Definitive)
POGZ	1	4	ClinGen,PanelApp,gene2phenotype,mitotic_panel	yes	yes	Intellectual disability (confidence 3) | POGZ-related intellectual disability (White-Sutton syndrome) () | Severe microcephaly (confidence 3) | intellectual disability-microcephaly-strabismus-behavioral abnormalities syndrome (Definitive) | tier 4
POLA1	1	3	ClinGen,PanelApp,gene2phenotype	yes	no	Intellectual disability (confidence 3) | POLA1-related Van Esch-O'Driscoll syndrome () | POLA1-related pigmentary disorder, reticulate, with systemic manifestations () | X-linked reticulate pigmentary disorder (Moderate)
POLD1	1	3	ClinGen,PanelApp,gene2phenotype	yes	no	Intellectual disability (confidence 1) | POLD1-related polyposis and colorectal cancer syndrome (Definitive) | POLD1-related subcutaneous lipodystrophy, deafness, mandibular hypoplasia and male hypogonadism () | mandibular hypoplasia-deafness-progeroid syndrome (Definitive) | non-severe combined immunodeficiency due to polymerase delta deficiency (Limited)
POLE	1	2	ClinGen,gene2phenotype	yes	no	POLE-related IMAGE syndrome with variable immunodeficiency () | POLE-related polyposis and colorectal cancer syndrome (Definitive)
POLG	1	3	ClinGen,PanelApp,gene2phenotype	yes	no	Intellectual disability (confidence 3) | Leigh syndrome (Limited) | POLG-related mitochondrial DNA depletion syndrome, Alpers type ()
POLH	1	2	ClinGen,PanelApp	yes	no	Childhood solid tumours (confidence 3) | xeroderma pigmentosum variant type (Definitive)
POLR1C	1	3	ClinGen,PanelApp,gene2phenotype	yes	no	Intellectual disability (confidence 3) | POLR1C-related disorder (Definitive) | POLR1C-related leukodystrophy () | Treacher Collins syndrome 3 (Moderate)
POLR1D	1	3	ClinGen,PanelApp,gene2phenotype	yes	no	Intellectual disability (confidence 1) | POLR1D-related Treacher Collins syndrome () | Treacher Collins syndrome 2 (Definitive)
POLR2A	1	3	ClinGen,PanelApp,gene2phenotype	yes	no	Intellectual disability (confidence 3) | POLR2A-related syndromic intellectual disability () | neurodevelopmental disorder with hypotonia and variable intellectual and behavioral abnormalities (Definitive)
POLR3A	1	3	ClinGen,PanelApp,gene2phenotype	yes	no	Intellectual disability (confidence 3) | POLR3A-related Wiedemann Rautenstrauch syndrome () | POLR3A-related disorder (Definitive)
POLR3B	1	3	ClinGen,PanelApp,gene2phenotype	yes	no	Intellectual disability (confidence 3) | POLR3B-related disorder (Definitive) | POLR3B-related leukodystrophy, hypomyelinating with or without oligodontia and/or hypogonadotropic hypogonadism () | POLR3B-related neurodevelopmental disorder with or without seizures, ataxia, spasticity, and demyelinating neuropathy ()
POMGNT1	1	3	ClinGen,PanelApp,gene2phenotype	yes	no	Intellectual disability (confidence 3) | POMGNT1-related muscular dystrophy-dystroglycanopathy congenital with brain and eye anomalies () | POMGNT1-related muscular dystrophy-dystroglycanopathy limb-girdle () | myopathy caused by variation in POMGNT1 (Definitive)
POMGNT2	1	3	ClinGen,PanelApp,gene2phenotype	yes	no	Intellectual disability (confidence 3) | POMGNT2-related Walker Warberg spectrum disorder () | myopathy caused by variation in POMGNT2 (Definitive)
POMT1	1	3	ClinGen,PanelApp,gene2phenotype	yes	no	Intellectual disability (confidence 3) | POMT1-related muscular dystrophy-dystroglycanopathy congenital with brain and eye anomalies () | myopathy caused by variation in POMT1 (Definitive)
POMT2	1	3	ClinGen,PanelApp,gene2phenotype	yes	no	Intellectual disability (confidence 3) | POMT2-related muscular dystrophy-dystroglycanopathy congenital with brain and eye anomalies () | myopathy caused by variation in POMT2 (Definitive)
PORCN	1	3	ClinGen,PanelApp,gene2phenotype	yes	no	Intellectual disability (confidence 3) | PORCN-related focal dermal hypoplasia () | focal dermal hypoplasia (Definitive)
POT1	1	2	ClinGen,gene2phenotype	yes	no	POT1-related Coats plus () | tumor predisposition syndrome 3 (Definitive)
POU3F3	1	3	ClinGen,PanelApp,gene2phenotype	yes	no	Intellectual disability (confidence 3) | POU3F3-related intellectual disability () | complex neurodevelopmental disorder (Definitive)
PPA2	1	3	ClinGen,PanelApp,gene2phenotype	yes	no	Intellectual disability (confidence 1) | PPA2-related sudden arrhythmic cardiac death after infectious or alcohol trigger () | dilated cardiomyopathy (Strong)
PPFIBP1	1	2	PanelApp,gene2phenotype	yes	no	Intellectual disability (confidence 3) | PPFIBP1-related neurodevelopmental disorder () | Severe microcephaly (confidence 3)
PPIL1	1	2	PanelApp,gene2phenotype	yes	no	Intellectual disability (confidence 3) | PPIL1-related neurodegenerative pontocerebellar hypoplasia with microcephaly () | Severe microcephaly (confidence 3)
PPM1D	1	3	ClinGen,PanelApp,gene2phenotype	yes	no	Intellectual disability (confidence 3) | PPM1D-related developmental disorder (Jansen-de Vries syndrome) () | syndromic intellectual disability (Definitive)
PPM1K	1	2	ClinGen,gene2phenotype	yes	no	PPM1K-related maple syrup urine disease () | maple syrup urine disease, mild variant (Moderate)
PPOX	1	2	ClinGen,PanelApp	yes	no	Intellectual disability (confidence 3) | variegate porphyria (Strong)
PPP1CB	1	3	ClinGen,PanelApp,gene2phenotype	yes	no	Childhood solid tumours (confidence 2) | Intellectual disability (confidence 3) | Noonan syndrome-like disorder with loose anagen hair (Definitive) | PPP1CB-related rasopathy with developmental delay, short stature, and sparse slow-growing hair ()
PPP1R12A	1	4	ClinGen,PanelApp,gene2phenotype,mitotic_panel	yes	yes	Intellectual disability (confidence 3) | PPP1R12A-related holoprosencephaly spectrum and urogenital malformations () | genitourinary and/or brain malformation syndrome (Strong) | tier 3
PPP1R13L	1	2	ClinGen,gene2phenotype	yes	no	PPP1R13L-related dilated cardiomyopathy () | arrhythmogenic cardiomyopathy with variable ectodermal abnormalities (Definitive)
PPP1R15B	1	2	PanelApp,gene2phenotype	yes	no	Intellectual disability (confidence 3) | PPP1R15B-related severe microcephaly, short stature, and intellectual disability () | Severe microcephaly (confidence 2)
PPP1R21	1	3	ClinGen,PanelApp,gene2phenotype	yes	no	Intellectual disability (confidence 3) | PPP1R21-related neurodevelopmental disorder () | neurodevelopmental disorder with hypotonia, facial dysmorphism, and brain abnormalities (Definitive)
PPP1R3F	1	2	PanelApp,gene2phenotype	yes	no	Intellectual disability (confidence 3) | PPP1R3F-related neurodevelopmental disorder ()
PPP2CA	1	4	ClinGen,PanelApp,gene2phenotype,mitotic_panel	yes	yes	Intellectual disability (confidence 3) | PPP2CA-related syndromic intellectual disability resembling other PP2A related neurodevelopmental disorders () | complex neurodevelopmental disorder (Definitive) | tier 3
PPP2R1A	1	4	ClinGen,PanelApp,gene2phenotype,mitotic_panel	yes	yes	Intellectual disability (confidence 3) | PPP2R1A-related intellectual disability () | complex neurodevelopmental disorder (Definitive) | tier 3
PPP2R2B	1	2	PanelApp,gene2phenotype	yes	no	Intellectual disability (confidence 3) | PPP2R2B-related neurodevelopmental disorder ()
PPP2R5C	1	4	ClinGen,PanelApp,gene2phenotype,mitotic_panel	yes	yes	Intellectual disability (confidence 3) | PPP2R5C-related neurodevelopmental disorder with macrocephaly and hypotonia, with or without seizures () | complex neurodevelopmental disorder (Definitive) | tier 2
PPP2R5D	1	4	ClinGen,PanelApp,gene2phenotype,mitotic_panel	yes	yes	Beckwith-Wiedemann syndrome (BWS) and other congenital overgrowth disorders (confidence 1) | Intellectual disability (confidence 3) | PPP2R5D-related intellectual disability () | complex neurodevelopmental disorder (Definitive) | tier 3
PPP3CA	1	3	ClinGen,PanelApp,gene2phenotype	yes	no	Intellectual disability (confidence 3) | PPP3CA-related severe neurodevelopmental disease with seizures () | developmental and epileptic encephalopathy (Definitive)
PPT1	1	3	ClinGen,PanelApp,gene2phenotype	yes	no	Intellectual disability (confidence 3) | PPT1-related neuronal ceroid lipofuscinosis () | neuronal ceroid lipofuscinosis (Definitive)
PQBP1	1	3	ClinGen,PanelApp,gene2phenotype	yes	no	Intellectual disability (confidence 3) | PQBP1-related Renpenning syndrome () | Renpenning syndrome (Definitive) | Severe microcephaly (confidence 3)
PRDM13	1	2	PanelApp,gene2phenotype	yes	no	Intellectual disability (confidence 3) | PRDM13-related olivopentocerebellar hypoplasia syndrome ()
PRICKLE2	1	2	ClinGen,PanelApp	yes	no	Intellectual disability (confidence 3) | complex neurodevelopmental disorder (Limited)
PRIM1	1	3	ClinGen,PanelApp,gene2phenotype	yes	no	PRIM1-related primordial dwarfism () | Severe microcephaly (confidence 3) | primordial dwarfism-immunodeficiency-lipodystrophy syndrome (Moderate)
PRKAR1A	1	3	ClinGen,PanelApp,gene2phenotype	yes	no	Carney complex, type 1 (Definitive) | Childhood solid tumours (confidence 3) | Childhood solid tumours cancer susceptibility (confidence 3) | Intellectual disability (confidence 1) | PRKAR1A-related acrodysostosis ()
PRKAR1B	1	2	PanelApp,gene2phenotype	yes	no	Intellectual disability (confidence 3) | PRKAR1B-related developmental disorder ()
PRKCSH	1	2	ClinGen,PanelApp	yes	no	Cystic renal disease (confidence 3) | polycystic liver disease 1 (Definitive)
PRKN	1	2	ClinGen,PanelApp	yes	no	Intellectual disability (confidence 1) | Parkinson disease (Definitive)
PRMT7	1	2	PanelApp,gene2phenotype	yes	no	Intellectual disability (confidence 3) | PRMT7-related pseudohypoparathyroidism-like disorder ()
PRODH	1	2	ClinGen,PanelApp	yes	no	Intellectual disability (confidence 2) | hyperprolinemia type 1 (Definitive)
PRORP	1	2	ClinGen,gene2phenotype	yes	no	PRORP-related mitochondrial disorder () | mitochondrial disease (Definitive)
PRPF8	1	3	ClinGen,PanelApp,gene2phenotype	yes	no	Intellectual disability (confidence 3) | PRPF8-related developmental disorder () | PRPF8-related retinopathy (Definitive)
PRPS1	1	3	ClinGen,PanelApp,gene2phenotype	yes	no	Intellectual disability (confidence 3) | PRPS1 deficiency disorder (Definitive) | PRPS1-related Charcot-Marie-Tooth disease () | PRPS1-related deafness () | PRPS1-related phosphoribosylpyrophosphate synthetase superactivity () | phosphoribosylpyrophosphate synthetase superactivity (Limited)
PRR12	1	3	ClinGen,PanelApp,gene2phenotype	yes	no	Intellectual disability (confidence 3) | PRR12-related intellectual disability and iris abnormalities () | neuroocular syndrome (Definitive)
PRRT2	1	3	ClinGen,PanelApp,gene2phenotype	yes	no	Intellectual disability (confidence 2) | PRRT2-related neurodevelopmental and movement disorder with or without seizures () | PRRT2-related paroxysmal kinesigenic dyskinesia with or without benign infantile seizures () | infantile convulsions and choreoathetosis (Definitive)
PRSS12	1	3	ClinGen,PanelApp,gene2phenotype	yes	no	Intellectual disability (confidence 3) | PRSS12-related intellectual developmental disorder () | non-syndromic intellectual disability (Limited)
PRSS56	1	3	ClinGen,PanelApp,gene2phenotype	yes	no	Intellectual disability (confidence 1) | PRSS56-related microphthalmia () | isolated microphthalmia 6 (Definitive)
PRUNE1	1	2	PanelApp,gene2phenotype	yes	no	Intellectual disability (confidence 3) | PRUNE1-related PEHO like condition () | Severe microcephaly (confidence 3)
PRX	1	2	ClinGen,PanelApp	yes	no	Charcot-Marie-Tooth disease type 4 (Definitive) | Intellectual disability (confidence 1)
PSAP	1	3	ClinGen,PanelApp,gene2phenotype	yes	no	Gaucher disease due to saposin C deficiency (Definitive) | Intellectual disability (confidence 3) | Krabbe disease due to saposin A deficiency (Moderate) | PSAP-related atypical Krabbe disease () | combined PSAP deficiency (Definitive) | metachromatic leukodystrophy due to saposin B deficiency (Definitive)
PSAT1	1	3	ClinGen,PanelApp,gene2phenotype	yes	no	Intellectual disability (confidence 1) | PSAT1-related Neu-Laxova syndrome () | neurometabolic disorder due to serine deficiency (Definitive)
PSKH1	1	2	PanelApp,gene2phenotype	yes	no	Cystic renal disease (confidence 3) | PSKH1-related syndromic hepatorenal ciliopathy ()
PSMC3	1	2	PanelApp,gene2phenotype	yes	no	Intellectual disability (confidence 3) | PSMC3-related neurodevelopmental disorder () | Severe microcephaly (confidence 2)
PSMC5	1	2	PanelApp,gene2phenotype	yes	no	Intellectual disability (confidence 3) | PSMC5-related developmental disorder ()
PSMD12	1	3	ClinGen,PanelApp,gene2phenotype	yes	no	Intellectual disability (confidence 3) | PSMD12-related global developmental delay with or without multiple malformations (Stankiewicz-Isidor syndrome) () | Stankiewicz-Isidor syndrome (Definitive)
PSPH	1	3	ClinGen,PanelApp,gene2phenotype	yes	no	Intellectual disability (confidence 3) | PSPH-related Neu-Laxova syndrome () | PSPH-related phosphoserine phosphatase deficiency () | neurometabolic disorder due to serine deficiency (Moderate)
PTCH1	1	3	ClinGen,PanelApp,gene2phenotype	yes	no	Childhood solid tumours (confidence 3) | Childhood solid tumours cancer susceptibility (confidence 3) | Intellectual disability (confidence 3) | PTCH1-related Gorlin syndrome (basal cell nevus syndrome) () | PTCH1-related holoprosencephaly () | holoprosencephaly (Limited)
PTCHD1	1	3	ClinGen,PanelApp,gene2phenotype	yes	no	Intellectual disability (confidence 3) | PTCHD1-related autism and intellectual disability () | X-linked complex neurodevelopmental disorder (Definitive)
PTDSS1	1	2	PanelApp,gene2phenotype	yes	no	Intellectual disability (confidence 3) | PTDSS1-related Lenz-Majewski hyperostotic dwarfism () | PTDSS1-related developmental delay ()
PTEN	1	3	ClinGen,PanelApp,gene2phenotype	yes	no	Beckwith-Wiedemann syndrome (BWS) and other congenital overgrowth disorders (confidence 3) | Childhood solid tumours (confidence 3) | Childhood solid tumours cancer susceptibility (confidence 3) | Intellectual disability (confidence 3) | PTEN hamartoma tumor syndrome (Definitive) | PTEN-related Proteus syndrome ()
PTF1A	1	2	PanelApp,gene2phenotype	yes	no	Intellectual disability (confidence 3) | PTF1A-related diabetes mellitus, permanent neonatal, with cerebellar agenesis () | PTF1A-related pancreatic agenesis ()
PTPN11	1	3	ClinGen,PanelApp,gene2phenotype	yes	no	Childhood solid tumours (confidence 3) | Childhood solid tumours cancer susceptibility (confidence 3) | Costello syndrome (Disputed) | Intellectual disability (confidence 3) | Noonan syndrome (Definitive) | Noonan syndrome with multiple lentigines (Definitive)
PTPN23	1	2	PanelApp,gene2phenotype	yes	no	Intellectual disability (confidence 3) | PTPN23-related neurodevelopmental disorder with or without structural brain anomalies, optic atrophy, seizures and spasticity () | Severe microcephaly (confidence 3)
PTRH2	1	2	PanelApp,gene2phenotype	yes	no	Intellectual disability (confidence 3) | PTRH2-related neurologic, endocrine, and pancreatic disease, multisystem, infantile-onset ()
PTS	1	3	ClinGen,PanelApp,gene2phenotype	yes	no	BH4-deficient hyperphenylalaninemia A (Definitive) | Intellectual disability (confidence 3) | PTS-related 6-pyruvoyltetrahydropterin synthase deficiency ()
PUF60	1	3	ClinGen,PanelApp,gene2phenotype	yes	no	Intellectual disability (confidence 3) | PUF60-related Verheij syndrome () | Severe microcephaly (confidence 3) | syndromic intellectual disability (Definitive)
PUM1	1	2	PanelApp,mitotic_panel	yes	yes	Intellectual disability (confidence 3) | tier 4
PURA	1	3	ClinGen,PanelApp,gene2phenotype	yes	no	Intellectual disability (confidence 3) | PURA-related intellectual disability () | complex neurodevelopmental disorder (Definitive)
PUS1	1	3	ClinGen,PanelApp,gene2phenotype	yes	no	Intellectual disability (confidence 3) | PUS1-related myopathy, lactic acidosis, and sideroblastic anemia () | mitochondrial disease (Definitive)
PUS3	1	2	PanelApp,gene2phenotype	yes	no	Intellectual disability (confidence 3) | PUS3-related neurodevelopmental disorder with microcephaly and gray sclerae ()
PUS7	1	2	PanelApp,gene2phenotype	yes	no	Intellectual disability (confidence 3) | PUS7-related intellectual disability with speech delay, microcephaly, short stature, and aggressive behavior () | Severe microcephaly (confidence 3)
PXDN	1	2	ClinGen,gene2phenotype	yes	no	PXDN-related anterior segment dysgenesis with sclerocornea () | anterior segment dysgenesis 7 (Definitive)
PYCR1	1	3	ClinGen,PanelApp,gene2phenotype	yes	no	Intellectual disability (confidence 3) | PYCR1-related cutis laxa () | autosomal recessive cutis laxa type 2B (Definitive)
PYCR2	1	2	PanelApp,gene2phenotype	yes	no	Intellectual disability (confidence 3) | PYCR2-related postnatal microcephaly, hypomyelination, and reduced cerebral white-matter volume ()
PYGL	1	3	ClinGen,PanelApp,gene2phenotype	yes	no	Intellectual disability (confidence 1) | PYGL-related glycogen storage disease () | glycogen storage disease VI (Definitive)
PYROXD1	1	2	ClinGen,gene2phenotype	yes	no	PYROXD1-related early-onset myopathy with internalised nuclei and myofibrillar disorganization () | myofibrillar myopathy 8 (Definitive)
QARS1	1	2	ClinGen,gene2phenotype	yes	no	QARS1-related microcephaly, progressive, seizures, and cerebral and cerebellar atrophy () | diffuse cerebral and cerebellar atrophy - intractable seizures - progressive microcephaly syndrome (Definitive)
QDPR	1	3	ClinGen,PanelApp,gene2phenotype	yes	no	Intellectual disability (confidence 3) | QDPR-related hyperphenylalaninemia, BH4-deficient, C () | dihydropteridine reductase deficiency (Definitive)
QRICH1	1	3	ClinGen,PanelApp,gene2phenotype	yes	no	Intellectual disability (confidence 3) | QRICH1-related syndrome () | syndromic complex neurodevelopmental disorder (Definitive)
RAB11A	1	3	ClinGen,PanelApp,gene2phenotype	yes	no	Intellectual disability (confidence 3) | RAB11A-related epilepsy and intellectual disability () | complex neurodevelopmental disorder with motor features (Moderate)
RAB11B	1	2	PanelApp,gene2phenotype	yes	no	Intellectual disability (confidence 3) | RAB11B-related intellectual disability ()
RAB18	1	3	ClinGen,PanelApp,gene2phenotype	yes	no	Intellectual disability (confidence 3) | RAB18-related Warburg micro syndrome () | Warburg micro syndrome (Moderate)
RAB23	1	3	ClinGen,PanelApp,gene2phenotype	yes	no	Intellectual disability (confidence 3) | RAB23-related Carpenter syndrome (Definitive) | RAB23-related acrocephalopolysyndactyly ()
RAB27A	1	2	ClinGen,PanelApp	yes	no	Griscelli syndrome type 2 (Definitive) | Intellectual disability (confidence 1)
RAB39B	1	3	ClinGen,PanelApp,gene2phenotype	yes	no	Intellectual disability (confidence 3) | RAB39B-related intellectual developmental disorder with or without Parkinsons () | early-onset parkinsonism-intellectual disability syndrome (Definitive)
RAB3GAP1	1	3	ClinGen,PanelApp,gene2phenotype	yes	no	Intellectual disability (confidence 3) | RAB3GAP1-related Warburg micro syndrome () | Warburg micro syndrome (Definitive)
RAB3GAP2	1	3	ClinGen,PanelApp,gene2phenotype	yes	no	Intellectual disability (confidence 3) | RAB3GAP2-related Martsolf syndrome () | Warburg micro syndrome (Definitive)
RAB5C	1	2	PanelApp,gene2phenotype	yes	no	Intellectual disability (confidence 3) | RAB5C-related neurodevelopmental disorder ()
RAC1	1	3	ClinGen,PanelApp,gene2phenotype	yes	no	Intellectual disability (confidence 3) | RAC1-related neurodevelopmental disorder () | syndromic intellectual disability (Definitive)
RAC3	1	2	PanelApp,gene2phenotype	yes	no	Intellectual disability (confidence 3) | RAC3-related neurodevelopment disorder ()
RAD21	1	4	ClinGen,PanelApp,gene2phenotype,mitotic_panel	yes	yes	Cornelia de Lange syndrome (Definitive) | Intellectual disability (confidence 3) | RAD21-related cohesinopathy () | Severe microcephaly (confidence 3) | tier 2
RAD50	1	3	ClinGen,PanelApp,gene2phenotype	yes	no	Intellectual disability (confidence 1) | RAD50-related Nijmegen breakage syndrome-like disorder () | Severe microcephaly (confidence 3) | familial ovarian cancer (Refuted) | hereditary breast carcinoma (Refuted)
RAD51	1	2	PanelApp,gene2phenotype	yes	no	Fanconi anaemia or Bloom syndrome (confidence 3) | Intellectual disability (confidence 2) | RAD51-related mirror movements () | Severe microcephaly (confidence 3)
RAD51C	1	3	ClinGen,PanelApp,gene2phenotype	yes	no	Childhood solid tumours (confidence 2) | Childhood solid tumours cancer susceptibility (confidence 2) | Fanconi anaemia or Bloom syndrome (confidence 2) | Fanconi anemia complementation group O (Limited) | Intellectual disability (confidence 1) | RAD51C-related Fanconi anemia ()
RAF1	1	3	ClinGen,PanelApp,gene2phenotype	yes	no	Childhood solid tumours (confidence 3) | Childhood solid tumours cancer susceptibility (confidence 3) | Costello syndrome (Disputed) | Intellectual disability (confidence 3) | Noonan syndrome (Definitive) | Noonan syndrome with multiple lentigines (Limited)
RAI1	1	3	ClinGen,PanelApp,gene2phenotype	yes	no	Intellectual disability (confidence 3) | RAI1-related Smith-Magenis syndrome () | Smith-Magenis syndrome (Definitive)
RALA	1	3	ClinGen,PanelApp,gene2phenotype	yes	no	Intellectual disability (confidence 3) | RALA-related neurodevelopmental syndrome () | complex neurodevelopmental disorder (Definitive)
RALGAPA1	1	2	PanelApp,gene2phenotype	yes	no	Intellectual disability (confidence 3) | RALGAPA1-related neurodevelopmental disorder ()
RANBP2	1	4	ClinGen,PanelApp,gene2phenotype,mitotic_panel	yes	yes	Intellectual disability (confidence 1) | Leigh syndrome (Limited) | RANBP2-related susceptibility to acute necrotizing encephalopathy () | familial acute necrotizing encephalopathy (Moderate) | tier 3
RAP1B	1	3	ClinGen,PanelApp,gene2phenotype	yes	no	Intellectual disability (confidence 3) | RAP1B-related developmental disorder () | thrombocytopenia 11 with multiple congenital anomalies and dysmorphic facies (Moderate)
RARB	1	3	ClinGen,PanelApp,gene2phenotype	yes	no	Intellectual disability (confidence 3) | RARB-related microphthalmia syndromic () | microphthalmia, syndromic 12 (Definitive)
RARS1	1	2	ClinGen,gene2phenotype	yes	no	RARS1 related hypomyelinating leukodystrophy () | hypomyelinating leukodystrophy 9 (Definitive)
RARS2	1	3	ClinGen,PanelApp,gene2phenotype	yes	no	Intellectual disability (confidence 3) | RARS2-related pontocerebellar hypoplasia () | mitochondrial disease (Definitive)
RB1	1	3	ClinGen,PanelApp,mitotic_panel	yes	yes	Childhood solid tumours (confidence 3) | Childhood solid tumours cancer susceptibility (confidence 3) | Familial rhabdomyosarcoma (confidence 3) | retinoblastoma (Definitive) | tier 3
RBBP5	1	2	PanelApp,gene2phenotype	yes	no	Intellectual disability (confidence 3) | RBBP5-related neurodevelopmental disorder ()
RBBP8	1	2	PanelApp,gene2phenotype	yes	no	Intellectual disability (confidence 3) | RBBP8-related microcephaly and intellectual disability () | Severe microcephaly (confidence 3)
RBCK1	1	2	ClinGen,gene2phenotype	yes	no	RBCK1-related polyglucosan body cardiac and skeletal myopathy with or without immunodeficiency () | polyglucosan body myopathy 1 with or without immunodeficiency (Definitive)
RBM10	1	3	ClinGen,PanelApp,gene2phenotype	yes	no	Intellectual disability (confidence 3) | RBM10-related TARP syndrome () | TARP syndrome (Definitive)
RBM8A	1	3	ClinGen,PanelApp,gene2phenotype	yes	no	Intellectual disability (confidence 1) | RBM8A-related thrombocytopenia-absent radius syndrome () | thrombocytopenia-absent radius syndrome (Definitive)
RECQL4	1	3	ClinGen,PanelApp,gene2phenotype	yes	no	Childhood solid tumours (confidence 3) | Childhood solid tumours cancer susceptibility (confidence 3) | Intellectual disability (confidence 1) | RECQL4-related Baller-Gerold syndrome () | Rothmund-Thomson syndrome (Definitive) | congenital heart disease (No Known Disease Relationship)
RELN	1	3	ClinGen,PanelApp,gene2phenotype	yes	no	Intellectual disability (confidence 3) | RELN-related lissencephaly () | complex neurodevelopmental disorder (Disputed) | lissencephaly with cerebellar hypoplasia (Definitive)
RERE	1	3	ClinGen,PanelApp,gene2phenotype	yes	no	Intellectual disability (confidence 3) | RERE-related phenocopy of proximal 1p36 deletions () | complex neurodevelopmental disorder with or without congenital anomalies (Definitive)
REST	1	2	PanelApp,gene2phenotype	yes	no	Childhood solid tumours (confidence 3) | Childhood solid tumours cancer susceptibility (confidence 2) | REST-related gingival fibromatosis and sensorineural hearing loss ()
RET	1	3	ClinGen,PanelApp,gene2phenotype	yes	no	Additional findings health related - children (confidence 3) | Childhood solid tumours (confidence 3) | Childhood solid tumours cancer susceptibility (confidence 3) | Intellectual disability (confidence 1) | RET-related multiple endocrine neoplasia IIB () | multiple endocrine neoplasia type 2A (Definitive)
RETREG1	1	3	ClinGen,PanelApp,gene2phenotype	yes	no	Intellectual disability (confidence 1) | RETREG1-related neuropathy, hereditary sensory, and autonomic () | hereditary sensory and autonomic neuropathy (Definitive)
RFT1	1	3	ClinGen,PanelApp,gene2phenotype	yes	no	Intellectual disability (confidence 3) | RFT1-congenital disorder of glycosylation (Moderate) | RFT1-related congenital disorder of glycosylation ()
RFX3	1	3	ClinGen,PanelApp,gene2phenotype	yes	no	Intellectual disability (confidence 3) | RFX3-related neurodevelopmental disorder with autism and other behavioural abnormalities () | complex neurodevelopmental disorder (Definitive)
RFX4	1	2	PanelApp,gene2phenotype	yes	no	Intellectual disability (confidence 3) | RFX4-related neurodevelopmental disorder with autism and other behavioural abnormalities ()
RFX6	1	3	ClinGen,PanelApp,gene2phenotype	yes	no	Intellectual disability (confidence 1) | RFX6-related Martinez-Frias syndrome () | monogenic diabetes (Definitive)
RFX7	1	3	ClinGen,PanelApp,gene2phenotype	yes	no	Intellectual disability (confidence 3) | RFX7-related neurodevelopmental disorder with autism and other behavioural abnormalities () | complex neurodevelopmental disorder (Definitive)
RHOBTB2	1	3	ClinGen,PanelApp,gene2phenotype	yes	no	Intellectual disability (confidence 3) | RHOBTB2-related developmental and epileptic encephalopathy () | complex neurodevelopmental disorder (Definitive)
RIN2	1	2	ClinGen,gene2phenotype	yes	no	RIN2 syndrome (Definitive) | RIN2-related macrocephaly, alopecia, cutis laxa, and scoliosis tall forehead, sparse hair, skin hyperextensibility, and scoliosis ()
RIT1	1	3	ClinGen,PanelApp,gene2phenotype	yes	no	Childhood solid tumours (confidence 2) | Intellectual disability (confidence 3) | Noonan syndrome (Definitive) | RIT1-related Noonan syndrome ()
RLIM	1	2	PanelApp,gene2phenotype	yes	no	Intellectual disability (confidence 3) | RLIM-related intellectual disability ()
RMND1	1	3	ClinGen,PanelApp,gene2phenotype	yes	no	Intellectual disability (confidence 3) | RMND1-related encephalopathy associated with multiple oxidative phosphorylation complex deficiencies and a mitochondrial translation defect () | mitochondrial disease (Definitive)
RMRP	1	3	ClinGen,PanelApp,gene2phenotype	yes	no	Intellectual disability (confidence 2) | RMRP-related cartilage-hair hypoplasia () | cartilage-hair hypoplasia (Definitive)
RNASEH2A	1	3	ClinGen,PanelApp,gene2phenotype	yes	no	Intellectual disability (confidence 3) | RNASEH2A-related Aicardi-Goutieres syndrome () | RNASEH2A-related type 1 interferonopathy (Definitive)
RNASEH2B	1	3	ClinGen,PanelApp,gene2phenotype	yes	no	Intellectual disability (confidence 3) | RNASEH2B-related Aicardi-Goutieres syndrome () | RNASEH2B-related type 1 interferonopathy (Definitive)
RNASEH2C	1	3	ClinGen,PanelApp,gene2phenotype	yes	no	Intellectual disability (confidence 3) | RNASEH2C-related Aicardi-Goutieres syndrome () | RNASEH2C-related type 1 interferonopathy (Definitive)
RNASET2	1	2	PanelApp,gene2phenotype	yes	no	Intellectual disability (confidence 3) | RNASET2-related leukoencephalopathy, cystic, without megalencephaly ()
RNF113A	1	2	PanelApp,gene2phenotype	yes	no	Intellectual disability (confidence 3) | RNF113A-related trichothiodystrophy ()
RNF125	1	2	PanelApp,gene2phenotype	yes	no	Beckwith-Wiedemann syndrome (BWS) and other congenital overgrowth disorders (confidence 3) | Intellectual disability (confidence 3) | RNF125-related intellectual disability and macrocephaly ()
RNF13	1	2	PanelApp,gene2phenotype	yes	no	Intellectual disability (confidence 3) | RNF13-related congenital microcephaly, epileptic encephalopathy, blindness, and failure to thrive ()
RNF168	1	3	ClinGen,PanelApp,gene2phenotype	yes	no	Intellectual disability (confidence 1) | RIDDLE syndrome (Definitive) | RNF168-related RIDDLE syndrome ()
RNU12	1	2	ClinGen,gene2phenotype	yes	no	RNU12-related CDAGS syndrome () | RNU12-related minor spliceopathy disorder (Moderate)
RNU2-2	1	2	ClinGen,gene2phenotype	yes	no	RNU2-2-related neurodevelopmental disorder with seizures and hyperventilation () | developmental and epileptic encephalopathy 119 (Strong)
RNU4-2	1	3	ClinGen,PanelApp,gene2phenotype	yes	no	Intellectual disability (confidence 3) | RNU4-2-related neurodevelopmental disorder with distinct white matter changes () | RNU4-2-related neurodevelopmental disorder with microcephaly and seizures (ReNU syndrome) () | Severe microcephaly (confidence 3) | neurodevelopmental disorder with hypotonia, brain anomalies, distinctive facies, and absent language (Strong)
RNU4ATAC	1	3	ClinGen,PanelApp,gene2phenotype	yes	no	Intellectual disability (confidence 2) | RNU4ATAC spectrum disorder (Definitive) | RNU4ATAC-related microcephalic osteodysplastic primordial dwarfism () | Severe microcephaly (confidence 3)
RNU5B-1	1	3	ClinGen,PanelApp,gene2phenotype	yes	no	Intellectual disability (confidence 3) | RNU5B-1 related neurodevelopmental disorder with seizures and joint laxity (Strong) | RNU5B-1-related neurodevelopmental disorder with abnormal brain imaging and congenital anomalies ()
RNU7-1	1	2	ClinGen,PanelApp	yes	no	Intellectual disability (confidence 3) | RNU7-1-related type 1 interferonopathy (Moderate)
ROBO1	1	3	ClinGen,PanelApp,gene2phenotype	yes	no	Intellectual disability (confidence 3) | ROBO1-related neurooculorenal syndrome () | congenital heart disease (Limited)
ROBO3	1	3	ClinGen,PanelApp,gene2phenotype	yes	no	Intellectual disability (confidence 1) | ROBO3-related familial horizontal gaze palsy with progressive scoliosis () | gaze palsy, familial horizontal, with progressive scoliosis 1 (Definitive)
ROBO4	1	2	ClinGen,gene2phenotype	yes	no	ROBO4-related bicuspid aortic valve and aortic aneurysm () | aortic valve disease 3 (Moderate)
ROGDI	1	3	ClinGen,PanelApp,gene2phenotype	yes	no	Intellectual disability (confidence 3) | ROGDI-related Kohlschutter-Tonz syndrome () | amelocerebrohypohidrotic syndrome (Definitive)
RORA	1	2	PanelApp,gene2phenotype	yes	no	Intellectual disability (confidence 3) | RORA-related intellectual disability ()
RORB	1	3	ClinGen,PanelApp,gene2phenotype	yes	no	Intellectual disability (confidence 1) | RORB-related epilepsy and neurodevelopmental disorder () | complex neurodevelopmental disorder (Definitive)
RPE65	1	3	ClinGen,PanelApp,gene2phenotype	yes	no	Intellectual disability (confidence 1) | RPE65-related Leber congenital amaurosis () | RPE65-related dominant retinopathy (Strong) | RPE65-related recessive retinopathy (Definitive)
RPGR	1	2	ClinGen,PanelApp	yes	no	Intellectual disability (confidence 1) | RPGR-related retinopathy (Definitive)
RPGRIP1L	1	3	ClinGen,PanelApp,gene2phenotype	yes	no	Cystic renal disease (confidence 1) | Cystic renal disease (confidence 3) | Intellectual disability (confidence 3) | RPGRIP1L-related Meckel syndrome () | ciliopathy (Definitive)
RPL10	1	3	ClinGen,PanelApp,gene2phenotype	yes	no	Intellectual disability (confidence 3) | RPL10-related syndromic intellectual developmental disorder () | Severe microcephaly (confidence 3) | X-linked syndromic intellectual disability (Definitive)
RPS19	1	3	ClinGen,PanelApp,gene2phenotype	yes	no	Diamond-Blackfan anemia (Definitive) | Intellectual disability (confidence 1) | RPS19-related Diamond-Blackfan anemia ()
RPS6KA3	1	3	ClinGen,PanelApp,gene2phenotype	yes	no	Coffin-Lowry syndrome (Definitive) | Intellectual disability (confidence 3) | RPS6KA3-related Coffin-Lowry syndrome ()
RRAS2	1	2	ClinGen,gene2phenotype	yes	no	Noonan syndrome (Definitive) | RRAS2-related Noonan syndrome ()
RREB1	1	2	PanelApp,gene2phenotype	yes	no	Intellectual disability (confidence 3) | RREB1-related RASopathy syndrome with congenital heart disease, genitourinary malformations, and developmental delay ()
RRM2B	1	2	PanelApp,gene2phenotype	yes	no	Intellectual disability (confidence 3) | RRM2B-related mitochondrial depletion syndrome ()
RSPH1	1	3	ClinGen,PanelApp,gene2phenotype	yes	no	Intellectual disability (confidence 1) | RSPH1-related primary ciliary dyskinesia with central-complex and radial-spoke defects () | primary ciliary dyskinesia 24 (Definitive)
RSPH3	1	3	ClinGen,PanelApp,gene2phenotype	yes	no	Intellectual disability (confidence 1) | RSPH3-related primary ciliary dyskinesia with central-complex defects () | primary ciliary dyskinesia 32 (Definitive)
RSPRY1	1	2	PanelApp,gene2phenotype	yes	no	Intellectual disability (confidence 3) | RSPRY1-related progressive spondyloepimetaphyseal dysplasia ()
RSRC1	1	3	ClinGen,PanelApp,gene2phenotype	yes	no	Intellectual disability (confidence 3) | RSRC1-related intellectual developmental disorder () | complex neurodevelopmental disorder (Definitive)
RTEL1	1	3	ClinGen,PanelApp,gene2phenotype	yes	no	Childhood solid tumours (confidence 3) | Intellectual disability (confidence 3) | RTEL1-related dyskeratosis congenita () | pulmonary fibrosis and/or bone marrow failure, Telomere-related, 3 (Definitive)
RTN4IP1	1	3	ClinGen,PanelApp,gene2phenotype	yes	no	Intellectual disability (confidence 3) | RTN4IP1-related optic atrophy with or without ataxia, intellectual developmental disorder, and seizures () | optic atrophy 10 with or without ataxia, intellectual disability, and seizures (Definitive)
RTTN	1	4	ClinGen,PanelApp,gene2phenotype,mitotic_panel	yes	yes	Intellectual disability (confidence 3) | RTTN-related bilateral diffuse polymicrogyria () | Severe microcephaly (confidence 3) | microcephalic primordial dwarfism due to RTTN deficiency (Definitive) | tier 3
RUSC2	1	2	ClinGen,PanelApp	yes	no	Intellectual disability (confidence 2) | Severe microcephaly (confidence 1) | intellectual disability, autosomal recessive 61 (Moderate)
RXYLT1	1	2	ClinGen,gene2phenotype	yes	no	RXYLT1-related severe cobblestone lissencephaly () | muscle-eye-brain disease (Definitive)
RYR1	1	3	ClinGen,PanelApp,gene2phenotype	yes	no	Intellectual disability (confidence 1) | RYR1-related minicore myopathy with external ophthalmoplegia () | RYR1-related myopathy (Definitive) | malignant hyperthermia, susceptibility to, 1 (Definitive)
RYR2	1	3	ClinGen,PanelApp,gene2phenotype	yes	no	Intellectual disability (confidence 2) | RYR2-related catecholaminergic polymorphic ventricular tachycardia and intellectual disability () | arrhythmogenic right ventricular cardiomyopathy (Refuted) | catecholaminergic polymorphic ventricular tachycardia (Definitive) | dilated cardiomyopathy (Limited) | hypertrophic cardiomyopathy (Limited)
SALL1	1	3	ClinGen,PanelApp,gene2phenotype	yes	no	Intellectual disability (confidence 2) | SALL1-related Townes-Brocks syndrome () | Townes-Brocks syndrome 1 (Definitive)
SAMD9	1	3	ClinGen,PanelApp,gene2phenotype	yes	no	Intellectual disability (confidence 3) | SAMD9-related myelodysplasia, infection, restriction of growth, adrenal hypoplasia, genital phenotypes, enteropathy (MIRAGE) () | SAMD9-related spectrum and myeloid neoplasm risk (Definitive) | normophosphatemic familial tumoral calcinosis (Limited)
SAMD9L	1	3	ClinGen,PanelApp,gene2phenotype	yes	no	Intellectual disability (confidence 1) | SAMD9L-related ataxia-pancytopenia syndrome () | SAMD9L-related spectrum and myeloid neoplasm risk (Definitive)
SAMHD1	1	3	ClinGen,PanelApp,gene2phenotype	yes	no	Intellectual disability (confidence 3) | SAMHD1-related Aicardi-Goutieres syndrome () | SAMHD1-related type 1 interferonopathy (Definitive)
SARS2	1	3	ClinGen,PanelApp,gene2phenotype	yes	no	Intellectual disability (confidence 3) | SARS2-related hyperuricemia, pulmonary hypertension, renal failure and alkalosis () | mitochondrial disease (Moderate)
SASS6	1	3	PanelApp,gene2phenotype,mitotic_panel	yes	yes	SASS6-related severe microcephaly with brain abnormalities () | Severe microcephaly (confidence 3) | tier 3
SATB1	1	3	ClinGen,PanelApp,gene2phenotype	yes	no	Intellectual disability (confidence 3) | SATB1-related developmental disorder () | complex neurodevelopmental disorder (Definitive)
SATB2	1	3	ClinGen,PanelApp,gene2phenotype	yes	no	Intellectual disability (confidence 3) | SATB2 associated disorder (Definitive) | SATB2-related Glass syndrome ()
SBDS	1	3	ClinGen,PanelApp,gene2phenotype	yes	no	Intellectual disability (confidence 1) | SBDS-related Shwachman-Diamond syndrome () | Shwachman-Diamond syndrome (Definitive)
SBF1	1	2	ClinGen,PanelApp	yes	no	Charcot-Marie-Tooth disease type 4B3 (Moderate) | Intellectual disability (confidence 3)
SBF2	1	2	ClinGen,PanelApp	yes	no	Charcot-Marie-Tooth disease type 4B2 (Definitive) | Intellectual disability (confidence 1)
SC5D	1	2	PanelApp,gene2phenotype	yes	no	Intellectual disability (confidence 3) | SC5D-related lathosterolosis ()
SCAF4	1	3	ClinGen,PanelApp,gene2phenotype	yes	no	Intellectual disability (confidence 3) | SCAF4-related neurodevelopmental disorder () | complex neurodevelopmental disorder (Definitive)
SCAPER	1	3	ClinGen,PanelApp,gene2phenotype	yes	no	Intellectual disability (confidence 3) | SCAPER-related neurodevelopmental disorder and retinitis pigmentosa () | intellectual developmental disorder and retinitis pigmentosa; IDDRP (Definitive)
SCARB2	1	2	ClinGen,PanelApp	yes	no	Intellectual disability (confidence 1) | progressive myoclonus epilepsy (Definitive)
SCN11A	1	3	ClinGen,PanelApp,gene2phenotype	yes	no	Intellectual disability (confidence 1) | SCN11A-related congenital inability to experience pain () | SCN11A-related episodic pain syndrome, familial () | hereditary sensory and autonomic neuropathy type 7 (Definitive)
SCN1A	1	3	ClinGen,PanelApp,gene2phenotype	yes	no	Dravet syndrome (Definitive) | Intellectual disability (confidence 3) | SCN1A-related seizure disorders () | familial hemiplegic migraine (Moderate) | generalized epilepsy with febrile seizures plus (Definitive) | genetic developmental and epileptic encephalopathy (Definitive)
SCN1B	1	3	ClinGen,PanelApp,gene2phenotype	yes	no	Brugada syndrome 1 (Disputed) | Intellectual disability (confidence 2) | SCN1B-related developmental and epileptic encephalopathy () | SCN1B-related generalized epilepsy with febrile seizures plus or temporal lobe epilepsy () | generalized epilepsy with febrile seizures plus (Definitive) | genetic developmental and epileptic encephalopathy (Definitive)
SCN2A	1	3	ClinGen,PanelApp,gene2phenotype	yes	no	Intellectual disability (confidence 3) | SCN2A-related infantile epileptic encephalopathy () | SCN2A-related nonspecific severe intellectual disability () | complex neurodevelopmental disorder (Definitive)
SCN3A	1	3	ClinGen,PanelApp,gene2phenotype	yes	no	Intellectual disability (confidence 3) | SCN3A-related focal epilepsy () | genetic developmental and epileptic encephalopathy (Definitive)
SCN4A	1	3	ClinGen,PanelApp,gene2phenotype	yes	no	Intellectual disability (confidence 1) | SCN4A-related hyperkalemic periodic paralysis () | SCN4A-related hypokalemic periodic paralysis () | SCN4A-related myopathy, autosomal recessive (Definitive) | SCN4A-related paramyotonia congenita of von Eulenburg ()
SCN8A	1	3	ClinGen,PanelApp,gene2phenotype	yes	no	Intellectual disability (confidence 3) | SCN8A-related epileptic encephalopathy, early infantile () | complex neurodevelopmental disorder (Definitive)
SCO1	1	3	ClinGen,PanelApp,gene2phenotype	yes	no	Intellectual disability (confidence 1) | SCO1-related mitochondrial complex IV deficiency () | mitochondrial disease (Definitive)
SCO2	1	3	ClinGen,PanelApp,gene2phenotype	yes	no	Charcot-Marie-Tooth disease (Moderate) | Intellectual disability (confidence 3) | Leigh syndrome (Definitive) | SCO2-related fatal infantile cardioencephalomyopathy due to cytochrome c oxidase deficiency () | mitochondrial disease (Definitive)
SCYL1	1	2	PanelApp,gene2phenotype	yes	no	Intellectual disability (confidence 3) | SCYL1-related episodes of liver failure, peripheral neuropathy, cerebellar atrophy, and ataxia ()
SDCCAG8	1	4	ClinGen,PanelApp,gene2phenotype,mitotic_panel	yes	yes	Bardet-Biedl syndrome 16 (Definitive) | Cystic renal disease (confidence 1) | Cystic renal disease (confidence 3) | Intellectual disability (confidence 3) | SDCCAG8-related Senior-Loken syndrome () | tier 3
SDHA	1	3	ClinGen,PanelApp,gene2phenotype	yes	no	Intellectual disability (confidence 3) | Leigh syndrome (Moderate) | SDHA-related Leigh syndrome () | hereditary pheochromocytoma-paraganglioma (Definitive) | mitochondrial disease (Definitive) | mitochondrial disease (Limited)
SDHAF1	1	3	ClinGen,PanelApp,gene2phenotype	yes	no	Intellectual disability (confidence 3) | Leigh syndrome (Limited) | SDHAF1-related mitochondrial complex II deficiency () | mitochondrial disease (Definitive)
SDHB	1	2	ClinGen,PanelApp	yes	no	Childhood solid tumours (confidence 1) | hereditary pheochromocytoma-paraganglioma (Definitive) | mitochondrial disease (Definitive)
SDHD	1	2	ClinGen,PanelApp	yes	no	Childhood solid tumours (confidence 1) | hereditary pheochromocytoma-paraganglioma (Definitive) | mitochondrial disease (Limited)
SEC23B	1	3	ClinGen,PanelApp,gene2phenotype	yes	no	Intellectual disability (confidence 1) | SEC23B-related anemia, dyserythropoietic congenital () | congenital dyserythropoietic anemia type 2 (Definitive)
SEC61A1	1	3	ClinGen,PanelApp,gene2phenotype	yes	no	Cystic renal disease (confidence 2) | SEC61A1 deficiency (Moderate) | SEC61A1-related tubulo-interstitial and glomerulocystic kidney disease with anemia ()
SEC63	1	2	ClinGen,PanelApp	yes	no	Cystic renal disease (confidence 1) | Cystic renal disease (confidence 3) | polycystic liver disease 2 (Definitive)
SELENON	1	2	ClinGen,gene2phenotype	yes	no	SELENON-related myopathy () | SELENON-related myopathy (Definitive)
SEMA6B	1	3	ClinGen,PanelApp,gene2phenotype	yes	no	Intellectual disability (confidence 3) | SEMA6B-related neurodevelopmental disorder () | progressive myoclonus epilepsy (Definitive)
SEPHS1	1	2	PanelApp,gene2phenotype	yes	no	Intellectual disability (confidence 3) | SEPHS1-related neurodevelopmental disorder ()
SEPSECS	1	2	PanelApp,gene2phenotype	yes	no	Intellectual disability (confidence 3) | SEPSECS-related pontocerebellar hypoplasia ()
SERAC1	1	3	ClinGen,PanelApp,gene2phenotype	yes	no	Intellectual disability (confidence 3) | Leigh syndrome (Definitive) | SERAC1-related 3-methylglutaconic aciduria with deafness, encephalopathy, and Leigh-like syndrome ()
SET	1	3	ClinGen,PanelApp,gene2phenotype	yes	no	Intellectual disability (confidence 3) | SET-related intellectual developmental disorder () | intellectual disability (Definitive)
SETBP1	1	3	ClinGen,PanelApp,gene2phenotype	yes	no	Intellectual disability (confidence 3) | SETBP1-related Schinzel-Giedion midface retraction syndrome () | SETBP1-related developmental and expressive language delay () | Schinzel-Giedion syndrome (Definitive) | complex neurodevelopmental disorder (Definitive)
SETD1A	1	2	PanelApp,gene2phenotype	yes	no	Intellectual disability (confidence 3) | SETD1A-related intellectual disability ()
SETD1B	1	3	ClinGen,PanelApp,gene2phenotype	yes	no	Intellectual disability (confidence 3) | SETD1B-related intellectual disability, epilepsy and autism () | complex neurodevelopmental disorder (Definitive)
SETD2	1	3	ClinGen,PanelApp,gene2phenotype	yes	no	Beckwith-Wiedemann syndrome (BWS) and other congenital overgrowth disorders (confidence 3) | Intellectual disability (confidence 3) | SETD2-related Rabin-Pappas syndrome () | SETD2-related microcephaly-severe intellectual disability-multiple congenital anomalies syndrome (Strong) | SETD2-related neurodevelopmental disorder without or with macrocephaly/overgrowth (Definitive) | SETD2-related overgr
SETD5	1	3	ClinGen,PanelApp,gene2phenotype	yes	no	Intellectual disability (confidence 3) | SETD5-related intellectual developmental disorder () | syndromic complex neurodevelopmental disorder (Definitive)
SETX	1	2	ClinGen,PanelApp	yes	no	Intellectual disability (confidence 1) | distal hereditary motor neuropathy (Definitive)
SF1	1	2	PanelApp,gene2phenotype	yes	no	Intellectual disability (confidence 3) | SF1-related neurodevelopmental disorder ()
SF3B4	1	3	ClinGen,PanelApp,gene2phenotype	yes	no	Intellectual disability (confidence 1) | SF3B4-related acrofacial dysostosis (Definitive) | SF3B4-related acrofacial dysostosis, Nager type ()
SFXN4	1	2	ClinGen,PanelApp	yes	no	Intellectual disability (confidence 3) | mitochondrial disease (Definitive)
SGCA	1	2	ClinGen,PanelApp	yes	no	Intellectual disability (confidence 1) | autosomal recessive limb-girdle muscular dystrophy (Definitive)
SGPL1	1	2	ClinGen,PanelApp	yes	no	Intellectual disability (confidence 3) | nephrotic syndrome 14 (Definitive)
SGSH	1	3	ClinGen,PanelApp,gene2phenotype	yes	no	Intellectual disability (confidence 3) | SGSH-related mucopolysaccharidosis () | mucopolysaccharidosis type 3A (Definitive)
SH2B3	1	2	ClinGen,PanelApp	yes	no	Childhood solid tumours cancer susceptibility (confidence 0) | SH2B3-related immune system disorder (Definitive)
SH3PXD2B	1	3	ClinGen,PanelApp,gene2phenotype	yes	no	Frank-Ter Haar syndrome (Definitive) | Intellectual disability (confidence 1) | SH3PXD2B-related Frank-ter Haar syndrome ()
SH3TC2	1	2	ClinGen,PanelApp	yes	no	Charcot-Marie-Tooth disease type 4C (Definitive) | Intellectual disability (confidence 1)
SHANK1	1	3	ClinGen,PanelApp,gene2phenotype	yes	no	Intellectual disability (confidence 3) | SHANK1-related autism () | complex neurodevelopmental disorder (Definitive)
SHANK2	1	3	ClinGen,PanelApp,gene2phenotype	yes	no	Intellectual disability (confidence 3) | SHANK2-related susceptibility to autism () | complex neurodevelopmental disorder (Definitive)
SHANK3	1	3	ClinGen,PanelApp,gene2phenotype	yes	no	Intellectual disability (confidence 3) | Phelan-McDermid syndrome (Definitive) | SHANK3-related Phelan-Mcdermid syndrome ()
SHH	1	3	ClinGen,PanelApp,gene2phenotype	yes	no	Intellectual disability (confidence 3) | SHH-related holoprosencephaly () | SHH-related microphthalmia isolated with coloboma () | SHH-related triphalangeal thumb-polysyndactyly syndrome () | holoprosencephaly 3 (Definitive)
SHMT2	1	3	ClinGen,PanelApp,gene2phenotype	yes	no	Intellectual disability (confidence 3) | SHMT2-related neurodevelopmental syndrome () | neurodevelopmental disorder with cardiomyopathy, spasticity, and brain abnormalities (Limited)
SHOC2	1	3	ClinGen,PanelApp,gene2phenotype	yes	no	Childhood solid tumours (confidence 3) | Childhood solid tumours cancer susceptibility (confidence 3) | Costello syndrome (Disputed) | Intellectual disability (confidence 3) | Noonan syndrome (Disputed) | Noonan syndrome-like disorder with loose anagen hair (Definitive)
SIAH1	1	2	PanelApp,gene2phenotype	yes	no	Intellectual disability (confidence 3) | SIAH1-related neurodevelopmental disorder ()
SIK1	1	3	ClinGen,PanelApp,gene2phenotype	yes	no	Intellectual disability (confidence 3) | SIK1-related neonatal epilepsy spectrum () | genetic developmental and epileptic encephalopathy (Limited)
SIL1	1	3	ClinGen,PanelApp,gene2phenotype	yes	no	Intellectual disability (confidence 3) | Marinesco-Sjogren syndrome (Definitive) | SIL1-related Marinesco-Sjoegren syndrome ()
SIN3A	1	3	ClinGen,PanelApp,gene2phenotype	yes	no	Intellectual disability (confidence 3) | SIN3A-related intellectual disability syndrome (Definitive) | SIN3A-related syndromic intellectual disability ()
SIN3B	1	2	PanelApp,gene2phenotype	yes	no	Intellectual disability (confidence 3) | SIN3B-related syndromic intellectual disability and autism spectrum disorder ()
SIX1	1	3	ClinGen,PanelApp,gene2phenotype	yes	no	Intellectual disability (confidence 1) | SIX1-related branchiootic syndrome () | SIX1-related non-syndromic craniosynostosis () | branchio-oto-renal syndrome (Definitive)
SIX3	1	2	PanelApp,gene2phenotype	yes	no	Intellectual disability (confidence 3) | SIX3-related holoprosencephaly ()
SKI	1	3	ClinGen,PanelApp,gene2phenotype	yes	no	Intellectual disability (confidence 3) | SKI-related Shprintzen-Goldberg craniosynostosis syndrome () | Shprintzen-Goldberg syndrome (Definitive)
SKIC2	1	2	ClinGen,gene2phenotype	yes	no	SKIC2-related trichohepatoenteric syndrome () | trichohepatoenteric syndrome 2 (Definitive)
SKIC3	1	2	ClinGen,gene2phenotype	yes	no	SKIC3-related trichohepatoenteric syndrome () | trichohepatoenteric syndrome 1 (Definitive)
SLC10A7	1	2	ClinGen,gene2phenotype	yes	no	SLC10A7-related chondrodysplasia with multiple dislocations and amelogenesis imperfecta () | short stature, amelogenesis imperfecta, and skeletal dysplasia with scoliosis (Definitive)
SLC12A1	1	2	ClinGen,PanelApp	yes	no	Nephrocalcinosis or nephrolithiasis (confidence 3) | obsolete antenatal Bartter syndrome (Definitive)
SLC12A5	1	3	ClinGen,PanelApp,gene2phenotype	yes	no	Intellectual disability (confidence 3) | SLC12A5-related epilepsy of infancy with migrating focal seizures () | genetic developmental and epileptic encephalopathy (Limited)
SLC12A6	1	2	PanelApp,gene2phenotype	yes	no	Intellectual disability (confidence 3) | SLC12A6-related agenesis of the corpus callosum with peripheral neuropathy ()
SLC13A5	1	2	PanelApp,gene2phenotype	yes	no	Intellectual disability (confidence 3) | SLC13A5-related epileptic encephalopathy with seizure onset in the first days of life ()
SLC16A2	1	3	ClinGen,PanelApp,gene2phenotype	yes	no	Allan-Herndon-Dudley syndrome (Definitive) | Intellectual disability (confidence 3) | SLC16A2-related thyroid hormone cell transporter deficiency ()
SLC17A5	1	3	ClinGen,PanelApp,gene2phenotype	yes	no	Intellectual disability (confidence 3) | SLC17A5-related Salla disease () | free sialic acid storage disease (Definitive)
SLC18A2	1	2	ClinGen,gene2phenotype	yes	no	SLC18A2-related neurotransmitter disorder with dystonia and oculogyric crisis () | brain dopamine-serotonin vesicular transport disease (Definitive)
SLC19A3	1	3	ClinGen,PanelApp,gene2phenotype	yes	no	Intellectual disability (confidence 3) | Leigh syndrome (Definitive) | SLC19A3-related thiamine metabolism dysfunction syndrome ()
SLC1A1	1	2	ClinGen,PanelApp	yes	no	Intellectual disability (confidence 3) | dicarboxylic aminoaciduria (Limited)
SLC1A2	1	3	ClinGen,PanelApp,gene2phenotype	yes	no	Intellectual disability (confidence 3) | SLC1A2-related epileptic encephalopathy () | developmental and epileptic encephalopathy, 41 (Definitive)
SLC1A4	1	3	ClinGen,PanelApp,gene2phenotype	yes	no	Intellectual disability (confidence 3) | SLC1A4-related spastic tetraplegia, thin corpus callosum, and progressive microcephaly () | Severe microcephaly (confidence 3) | spastic tetraplegia-thin corpus callosum-progressive postnatal microcephaly syndrome (Definitive)
SLC22A5	1	3	ClinGen,PanelApp,gene2phenotype	yes	no	Intellectual disability (confidence 1) | SLC22A5-related primary systemic carnitine deficiency () | short QT syndrome (Disputed) | systemic primary carnitine deficiency disease (Definitive)
SLC25A1	1	3	ClinGen,PanelApp,gene2phenotype	yes	no	Intellectual disability (confidence 3) | SLC25A1-related neurometabolic disorder () | mitochondrial disease (Definitive)
SLC25A12	1	2	ClinGen,PanelApp	yes	no	Intellectual disability (confidence 3) | mitochondrial disease (Moderate)
SLC25A13	1	3	ClinGen,PanelApp,gene2phenotype	yes	no	Intellectual disability (confidence 1) | SLC25A13-related citrullinemia () | citrin deficiency (Definitive)
SLC25A15	1	3	ClinGen,PanelApp,gene2phenotype	yes	no	Intellectual disability (confidence 3) | SLC25A15-related hyperornithinemia-hyperammonemia-homocitrullinuria syndrome () | ornithine translocase deficiency (Definitive)
SLC25A19	1	3	ClinGen,PanelApp,gene2phenotype	yes	no	Intellectual disability (confidence 1) | Leigh syndrome (Limited) | SLC25A19-related Amish lethal microcephaly () | Severe microcephaly (confidence 3)
SLC25A20	1	3	ClinGen,PanelApp,gene2phenotype	yes	no	Intellectual disability (confidence 1) | SLC25A20-related carnitine-acylcarnitine translocase deficiency () | carnitine-acylcarnitine translocase deficiency (Definitive)
SLC25A22	1	3	ClinGen,PanelApp,gene2phenotype	yes	no	Intellectual disability (confidence 3) | SLC25A22-related epileptic encephalopathy, early infantile () | genetic developmental and epileptic encephalopathy (Definitive)
SLC25A24	1	3	ClinGen,PanelApp,gene2phenotype	yes	no	Fontaine progeroid syndrome (Definitive) | Intellectual disability (confidence 1) | SLC25A24-related hypertrichosis, progeroid appearance, and mitochondrial dysfunction (Gorlin-Chaudhry-Moss syndrome ) ()
SLC25A26	1	3	ClinGen,PanelApp,gene2phenotype	yes	no	Intellectual disability (confidence 2) | SLC25A26-related intra-mitochondrial methylation deficiency () | mitochondrial disease (Definitive)
SLC25A4	1	2	ClinGen,gene2phenotype	yes	no	Leigh syndrome (Limited) | SLC25A4-related Fontaine progeroid syndrome () | SLC25A4-related severe early-onset mitochondrial disease and loss of mitochondrial DNA copy number () | mitochondrial DNA depletion syndrome 12B (cardiomyopathic type), autosomal recessive (Definitive)
SLC26A2	1	3	ClinGen,PanelApp,gene2phenotype	yes	no	Intellectual disability (confidence 2) | SLC26A2-related achondrogenesis () | SLC26A2-related multiple epiphyseal dysplasia () | SLC26A2-related skeletal dysplasia (Definitive)
SLC2A1	1	3	ClinGen,PanelApp,gene2phenotype	yes	no	GLUT1 deficiency syndrome (Definitive) | Intellectual disability (confidence 3) | SLC2A1-related glucose transporter type 1 deficiency syndrome ()
SLC2A10	1	3	ClinGen,PanelApp,gene2phenotype	yes	no	Intellectual disability (confidence 1) | SLC2A10-related arterial tortuosity syndrome () | arterial tortuosity syndrome (Definitive)
SLC30A9	1	2	ClinGen,PanelApp	yes	no	Intellectual disability (confidence 3) | psychomotor regression-oculomotor apraxia-movement disorder-nephropathy syndrome (Definitive)
SLC32A1	1	2	PanelApp,gene2phenotype	yes	no	Intellectual disability (confidence 3) | SLC32A1-related developmental and epileptic encephalopathy ()
SLC33A1	1	2	PanelApp,gene2phenotype	yes	no	Intellectual disability (confidence 3) | SLC33A1-related congenital cataracts and hearing loss with low serum copper and ceruloplasmin ()
SLC34A1	1	2	ClinGen,PanelApp	yes	no	Fanconi renotubular syndrome 2 (Disputed) | Nephrocalcinosis or nephrolithiasis (confidence 3) | hypercalcemia, infantile, 2 (Definitive)
SLC35A1	1	3	ClinGen,PanelApp,gene2phenotype	yes	no	Intellectual disability (confidence 3) | SLC35A1-congenital disorder of glycosylation (Moderate) | SLC35A1-related congenital disorder of glycosylation ()
SLC35A2	1	3	ClinGen,PanelApp,gene2phenotype	yes	no	Intellectual disability (confidence 3) | SLC35A2-related epileptic encephalopathy due to congenital disorder of glycosylation () | X-linked complex neurodevelopmental disorder (Definitive)
SLC35C1	1	3	ClinGen,PanelApp,gene2phenotype	yes	no	Intellectual disability (confidence 3) | SLC35C1-related congenital disorder of glycosylation () | leukocyte adhesion deficiency type II (Strong)
SLC35D1	1	3	ClinGen,PanelApp,gene2phenotype	yes	no	Intellectual disability (confidence 2) | SLC35D1-related  Schneckenbecken dysplasia () | schneckenbecken dysplasia (Definitive)
SLC38A3	1	2	PanelApp,gene2phenotype	yes	no	Intellectual disability (confidence 3) | SLC38A3-related epileptic encephalopathy () | Severe microcephaly (confidence 3)
SLC39A13	1	3	ClinGen,PanelApp,gene2phenotype	yes	no	Ehlers-Danlos syndrome, spondylocheirodysplastic type (Definitive) | Intellectual disability (confidence 2) | SLC39A13-related spondylodysplastic Ehlers-Danlos syndrome ()
SLC39A14	1	2	PanelApp,gene2phenotype	yes	no	Intellectual disability (confidence 3) | SLC39A14-related early onset dystonia parkinsonism ()
SLC39A8	1	3	ClinGen,PanelApp,gene2phenotype	yes	no	Intellectual disability (confidence 3) | Leigh syndrome (Limited) | SLC39A8-related intellectual disability with cerebellar atrophy ()
SLC3A1	1	2	ClinGen,PanelApp	yes	no	Nephrocalcinosis or nephrolithiasis (confidence 3) | cystinuria (Definitive)
SLC46A1	1	3	ClinGen,PanelApp,gene2phenotype	yes	no	Intellectual disability (confidence 3) | SLC46A1-related hereditary folate malabsorption () | hereditary folate malabsorption (Definitive)
SLC4A1	1	2	PanelApp,gene2phenotype	yes	no	Intellectual disability (confidence 2) | Nephrocalcinosis or nephrolithiasis (confidence 3) | SLC4A1-related renal tubular acidosis, distal (biallelic) () | SLC4A1-related renal tubular acidosis, distal (monoallelic) ()
SLC4A10	1	3	ClinGen,PanelApp,gene2phenotype	yes	no	Intellectual disability (confidence 3) | SLC4A10-related neurodevelopmental disorder with hypotonia and characteristic brain abnormalities () | Severe microcephaly (confidence 3) | complex neurodevelopmental disorder (Strong)
SLC4A4	1	2	PanelApp,gene2phenotype	yes	no	Intellectual disability (confidence 3) | SLC4A4-related proximal renal tubular acidosis with ocular abnormalities ()
SLC52A2	1	2	ClinGen,gene2phenotype	yes	no	Brown-Vialetto-van Laere syndrome 2 (Definitive) | SLC52A2-related Brown-Vialetto-Van Laere syndrome ()
SLC52A3	1	3	ClinGen,PanelApp,gene2phenotype	yes	no	Brown-Vialetto-van Laere syndrome 1 (Definitive) | Intellectual disability (confidence 1) | SLC52A3-related Brown-Vialetto-Van Laere syndrome ()
SLC5A6	1	2	PanelApp,gene2phenotype	yes	no	Intellectual disability (confidence 3) | SLC5A6-related neurodevelopmental disorder ()
SLC5A7	1	3	ClinGen,PanelApp,gene2phenotype	yes	no	Intellectual disability (confidence 3) | SLC5A7-related congenital myasthenic syndrome with episodic apnea () | neuronopathy, distal hereditary motor, type 7A (Moderate)
SLC6A1	1	2	PanelApp,gene2phenotype	yes	no	Intellectual disability (confidence 3) | SLC6A1-related epilepsy with myoclonic-atonic seizures ()
SLC6A17	1	3	ClinGen,PanelApp,gene2phenotype	yes	no	Intellectual disability (confidence 3) | SLC6A17-related intellectual developmental disorder () | progressive essential tremor-speech impairment-facial dysmorphism-intellectual disability-abnormal behavior syndrome (Moderate)
SLC6A19	1	2	ClinGen,PanelApp	yes	no	Hartnup disease (Definitive) | Intellectual disability (confidence 3) | Nephrocalcinosis or nephrolithiasis (confidence 1)
SLC6A3	1	3	ClinGen,PanelApp,gene2phenotype	yes	no	Intellectual disability (confidence 3) | SLC6A3-related dopamine transporter deficiency syndrome (Definitive) | SLC6A3-related parkinsonism-dystonia, infantile ()
SLC6A5	1	3	ClinGen,PanelApp,gene2phenotype	yes	no	Intellectual disability (confidence 1) | SLC6A5-related hyperekplexia () | hyperekplexia 3 (Definitive)
SLC6A8	1	3	ClinGen,PanelApp,gene2phenotype	yes	no	Intellectual disability (confidence 3) | SLC6A8-related creatine deficiency syndrome () | creatine transporter deficiency (Definitive)
SLC6A9	1	3	ClinGen,PanelApp,gene2phenotype	yes	no	Intellectual disability (confidence 3) | SLC6A9-related glycine encephalopathy with arthrogryposis () | atypical glycine encephalopathy (Definitive)
SLC7A7	1	2	ClinGen,PanelApp	yes	no	Intellectual disability (confidence 1) | lysinuric protein intolerance (Definitive)
SLC7A9	1	2	ClinGen,PanelApp	yes	no	Nephrocalcinosis or nephrolithiasis (confidence 3) | cystinuria (Definitive)
SLC9A6	1	3	ClinGen,PanelApp,gene2phenotype	yes	no	Christianson syndrome (Definitive) | Intellectual disability (confidence 3) | SLC9A6-related syndromic intellectual developmental disorder, Christianson type () | Severe microcephaly (confidence 3)
SLF2	1	3	PanelApp,gene2phenotype,mitotic_panel	yes	yes	SLF2-related developmental disorder () | Severe microcephaly (confidence 3) | tier 3
SLX4	1	3	ClinGen,PanelApp,gene2phenotype	yes	no	Childhood solid tumours (confidence 3) | Childhood solid tumours cancer susceptibility (confidence 2) | Fanconi anaemia or Bloom syndrome (confidence 3) | Fanconi anemia complementation group P (Definitive) | Intellectual disability (confidence 3) | SLX4-related Fanconi anemia ()
SMAD2	1	2	ClinGen,gene2phenotype	yes	no	Loeys-Dietz syndrome 6 (Definitive) | SMAD2-related congenital heart disease () | congenital heart disease (Definitive)
SMAD4	1	3	ClinGen,PanelApp,gene2phenotype	yes	no	Childhood solid tumours (confidence 3) | Childhood solid tumours cancer susceptibility (confidence 3) | Intellectual disability (confidence 3) | Myhre syndrome (Definitive) | SMAD4-related Myhre syndrome () | SMAD4-related juvenile polyposis/hereditary hemorrhagic telangiectasia syndrome ()
SMAD6	1	2	ClinGen,gene2phenotype	yes	no	SMAD6-related disease (Definitive) | SMAD6-related non-syndromic craniosynostosis ()
SMARCA1	1	2	ClinGen,PanelApp	yes	no	Intellectual disability (confidence 3) | X-linked intellectual disability (Limited)
SMARCA2	1	4	ClinGen,PanelApp,gene2phenotype,mitotic_panel	yes	yes	Intellectual disability (confidence 3) | SMARCA2-related Nicolaides-Baraitser syndrome () | intellectual disability-sparse hair-brachydactyly syndrome (Definitive) | tier 4
SMARCA4	1	4	ClinGen,PanelApp,gene2phenotype,mitotic_panel	yes	yes	Childhood solid tumours (confidence 3) | Childhood solid tumours cancer susceptibility (confidence 3) | Coffin-Siris syndrome (Definitive) | Intellectual disability (confidence 3) | SMARCA4-related Coffin Siris () | SMARCA4-related rhabdoid tumor predisposition syndrome ()
SMARCA5	1	2	ClinGen,PanelApp	yes	no	Intellectual disability (confidence 3) | Severe microcephaly (confidence 3) | complex neurodevelopmental disorder (Moderate)
SMARCAL1	1	3	ClinGen,PanelApp,gene2phenotype	yes	no	Intellectual disability (confidence 1) | SMARCAL1-related Schimke immunoosseous dysplasia () | Schimke immuno-osseous dysplasia (Definitive)
SMARCB1	1	4	ClinGen,PanelApp,gene2phenotype,mitotic_panel	yes	yes	Childhood solid tumours (confidence 3) | Childhood solid tumours cancer susceptibility (confidence 3) | Coffin-Siris syndrome (Definitive) | Intellectual disability (confidence 3) | SMARCB1-related Coffin-Siris syndrome () | SMARCB1-related rhabdoid tumor predisposition syndrome ()
SMARCC1	1	3	ClinGen,PanelApp,mitotic_panel	yes	yes	Intellectual disability (confidence 1) | SMARCC1-associated developmental dysgenesis syndrome (Definitive) | tier 3
SMARCC2	1	4	ClinGen,PanelApp,gene2phenotype,mitotic_panel	yes	yes	Coffin-Siris syndrome (Definitive) | Intellectual disability (confidence 3) | SMARCC2-related syndromic intellectual disability and developmental delay () | tier 3
SMARCD1	1	3	PanelApp,gene2phenotype,mitotic_panel	yes	yes	Intellectual disability (confidence 3) | SMARCD1-related syndromic intellectual disability () | tier 3
SMARCE1	1	4	ClinGen,PanelApp,gene2phenotype,mitotic_panel	yes	yes	Coffin-Siris syndrome (Definitive) | Intellectual disability (confidence 3) | SMARCE1-related Coffin Siris () | familial meningioma (Definitive) | tier 3
SMC1A	1	4	ClinGen,PanelApp,gene2phenotype,mitotic_panel	yes	yes	Intellectual disability (confidence 3) | SMC1A-related Cornelia de Lange syndrome () | SMC1A-related epileptic encephalopathy () | Severe microcephaly (confidence 3) | X-linked complex neurodevelopmental disorder (Definitive) | tier 2
SMC3	1	4	ClinGen,PanelApp,gene2phenotype,mitotic_panel	yes	yes	Cornelia de Lange syndrome (Definitive) | Intellectual disability (confidence 3) | SMC3-related Cornelia de Lange syndrome () | Severe microcephaly (confidence 3) | tier 2
SMC5	1	3	PanelApp,gene2phenotype,mitotic_panel	yes	yes	SMC5-related developmental disorder () | Severe microcephaly (confidence 3) | tier 1
SMCHD1	1	3	ClinGen,PanelApp,gene2phenotype	yes	no	Intellectual disability (confidence 1) | SMCHD1-related isolated arhinia/Bosma arhinia syndrome () | arhinia, choanal atresia, and microphthalmia (Definitive)
SMG8	1	3	ClinGen,PanelApp,gene2phenotype	yes	no	Alzahrani-Kuwahara syndrome (Definitive) | Intellectual disability (confidence 3) | SMG8-related developmental disorder () | Severe microcephaly (confidence 3)
SMO	1	3	ClinGen,PanelApp,gene2phenotype	yes	no	Intellectual disability (confidence 1) | SMO-related Curry-Jones syndrome () | SMO-related developmental disorder () | Severe microcephaly (confidence 1) | congenital hypothalamic hamartoma syndrome (Moderate) | mosaic SMO syndrome (Definitive)
SMOC1	1	2	PanelApp,gene2phenotype	yes	no	Intellectual disability (confidence 3) | SMOC1-related ophthalmoacromelic syndrome ()
SMPD1	1	3	ClinGen,PanelApp,gene2phenotype	yes	no	Intellectual disability (confidence 3) | SMPD1-related Niemann-Pick disease () | acid sphingomyelinase deficiency (Definitive)
SMPD4	1	2	PanelApp,gene2phenotype	yes	no	Intellectual disability (confidence 3) | SMPD4-related developmental disorder with microcephaly and arthrogryposis ()
SMS	1	3	ClinGen,PanelApp,gene2phenotype	yes	no	Intellectual disability (confidence 3) | SMS-related Snyder-Robinson syndrome () | syndromic X-linked intellectual disability Snyder type (Definitive)
SNAP25	1	3	ClinGen,PanelApp,gene2phenotype	yes	no	Intellectual disability (confidence 3) | SNAP25-related epilepsy and intellectual disability () | genetic developmental and epileptic encephalopathy (Definitive)
SNAP29	1	2	PanelApp,gene2phenotype	yes	no	Intellectual disability (confidence 3) | SNAP29-related cerebral dysgenesis, neuropathy, ichthyosis, and palmoplantar keratoderma syndrome (CEDNIK syndrome) ()
SNCA	1	2	ClinGen,PanelApp	yes	no	Intellectual disability (confidence 1) | Parkinson disease (Definitive)
SNF8	1	2	PanelApp,gene2phenotype	yes	no	Intellectual disability (confidence 3) | SNF8-related disease spectrum (severe developmental and epileptic encephalopathy to syndromic optic atrophy) ()
SNIP1	1	2	PanelApp,gene2phenotype	yes	no	Intellectual disability (confidence 3) | SNIP1-related symptomatic epilepsy and skull dysplasia ()
SNORD118	1	2	PanelApp,gene2phenotype	yes	no	Intellectual disability (confidence 3) | SNORD118-related leukoencephalopathy with cerebral calcification and cysts ()
SNRPB	1	2	PanelApp,gene2phenotype	yes	no	Intellectual disability (confidence 3) | SNRPB-related cerebro-costo-mandibular syndrome ()
SNUPN	1	2	ClinGen,gene2phenotype	yes	no	SNUPN-related muscular dystrophy with or without multi-system involvement () | SNUPN-related muscular dystrophy with or without multi-system involvement (Strong)
SNX14	1	3	ClinGen,PanelApp,gene2phenotype	yes	no	Intellectual disability (confidence 3) | SNX14-related intellectual disability, macrocephaly and cerebellar hypoplasia () | autosomal recessive spinocerebellar ataxia 20 (Definitive)
SOD1	1	2	ClinGen,PanelApp	yes	no	Intellectual disability (confidence 3) | amyotrophic lateral sclerosis type 1 (Definitive)
SON	1	3	ClinGen,PanelApp,gene2phenotype	yes	no	Intellectual disability (confidence 3) | SON-related intellectual disability, congenital malformations, and failure to thrive () | ZTTK syndrome (Definitive)
SOS1	1	3	ClinGen,PanelApp,gene2phenotype	yes	no	Childhood solid tumours (confidence 3) | Childhood solid tumours cancer susceptibility (confidence 3) | Costello syndrome (Disputed) | Intellectual disability (confidence 3) | Noonan syndrome (Definitive) | SOS1-related Noonan syndrome ()
SOS2	1	3	ClinGen,PanelApp,gene2phenotype	yes	no	Childhood solid tumours (confidence 2) | Intellectual disability (confidence 3) | Noonan syndrome (Definitive) | SOS2-related Noonan syndrome ()
SOX10	1	3	ClinGen,PanelApp,gene2phenotype	yes	no	Intellectual disability (confidence 3) | SOX10-related Waardenburg syndrome () | SOX10-related Yemenite deaf-blind hypopigmentation syndrome () | SOX10-related peripheral demyelinating neuropathy, central dysmyelinating leukodystrophy, Waardenburg syndrome, and Hirschsprung disease () | Waardenburg syndrome type 4C (Definitive)
SOX11	1	3	ClinGen,PanelApp,gene2phenotype	yes	no	Intellectual disability (confidence 3) | SOX11-related complex neurodevelopmental disorder with or without congenital anomalies (Definitive) | SOX11-related neurodevelopmental disorder ()
SOX17	1	3	ClinGen,PanelApp,gene2phenotype	yes	no	Intellectual disability (confidence 1) | SOX17-related vesicoureteral reflux () | pulmonary arterial hypertension (Definitive)
SOX2	1	2	PanelApp,gene2phenotype	yes	no	Intellectual disability (confidence 3) | SOX2-related microphthalmia syndromic ()
SOX3	1	3	ClinGen,PanelApp,gene2phenotype	yes	no	Intellectual disability (confidence 2) | SOX3-related X-linked pituitary hormone deficiency with or without intellectual developmental disorder (Moderate) | SOX3-related intellectual developmental disorder with isolated growth hormone deficiency () | SOX3-related sex reversal ()
SOX4	1	2	PanelApp,gene2phenotype	yes	no	Intellectual disability (confidence 3) | SOX4-related neurodevelopmental disease associated with mild dysmorphism ()
SOX5	1	3	ClinGen,PanelApp,gene2phenotype	yes	no	Intellectual disability (confidence 3) | Lamb-Shaffer syndrome (Definitive) | SOX5-related 12p12.5 intragenic deletions associated with intellectual disability ()
SOX6	1	3	ClinGen,PanelApp,gene2phenotype	yes	no	Intellectual disability (confidence 3) | SOX6-related neurodevelopmental syndrome () | complex neurodevelopmental disorder (Definitive)
SOX9	1	3	ClinGen,PanelApp,gene2phenotype	yes	no	Cooks syndrome (Limited) | Intellectual disability (confidence 2) | SOX9-related Pierre Robin sequence () | SOX9-related campomelic dysplasia () | campomelic dysplasia (Definitive) | isolated Pierre-Robin syndrome (Limited)
SPAG1	1	3	ClinGen,PanelApp,gene2phenotype	yes	no	Intellectual disability (confidence 1) | SPAG1-related primary ciliary dyskinesia associated with defective outer and inner dynein arms () | primary ciliary dyskinesia 28 (Definitive)
SPART	1	2	ClinGen,PanelApp	yes	no	Intellectual disability (confidence 3) | Troyer syndrome (Definitive)
SPAST	1	2	PanelApp,gene2phenotype	yes	no	Intellectual disability (confidence 3) | SPAST-related developmental disorder () | SPAST-related spastic paraplegia ()
SPECC1L	1	2	PanelApp,gene2phenotype	yes	no	Intellectual disability (confidence 3) | SPECC1L-related Teebi hypertelorism syndrome () | SPECC1L-related facial clefting, oblique ()
SPEG	1	3	ClinGen,PanelApp,gene2phenotype	yes	no	Intellectual disability (confidence 1) | SPEG-related centronuclear myopathy with dilated cardiomyopathy () | myopathy, centronuclear, 5 (Definitive)
SPEN	1	3	ClinGen,PanelApp,gene2phenotype	yes	no	Intellectual disability (confidence 3) | Radio-Tartaglia syndrome (Definitive) | SPEN-related developmental disorder ()
SPG11	1	3	ClinGen,PanelApp,gene2phenotype	yes	no	Intellectual disability (confidence 3) | SPG11-related spastic paraplegia () | hereditary spastic paraplegia 11 (Definitive)
SPG7	1	2	ClinGen,PanelApp	yes	no	Intellectual disability (confidence 1) | mitochondrial disease (Definitive) | mitochondrial disease (Disputed)
SPOP	1	3	ClinGen,PanelApp,gene2phenotype	yes	no	Intellectual disability (confidence 3) | SPOP-related neurodevelopmental disorder, dominant negative () | SPOP-related neurodevelopmental disorder, gain of function () | neurodevelopmental disorder with microcephaly and dysmorphic facies (Moderate) | neurodevelopmental disorder with relative macrocephaly and with or without cardiac or endocrine anomalies (Definitive)
SPOUT1	1	2	PanelApp,mitotic_panel	yes	yes	Intellectual disability (confidence 3) | Severe microcephaly (confidence 3) | tier 4
SPR	1	3	ClinGen,PanelApp,gene2phenotype	yes	no	Intellectual disability (confidence 3) | SPR-related DOPA-responsive dystonia due to sepiapterin reductase deficiency () | dopa-responsive dystonia due to sepiapterin reductase deficiency (Definitive)
SPRED1	1	3	ClinGen,PanelApp,gene2phenotype	yes	no	Childhood solid tumours (confidence 1) | Intellectual disability (confidence 3) | Legius syndrome (Definitive) | SPRED1-related Legius syndrome ()
SPRED2	1	2	PanelApp,gene2phenotype	yes	no	Intellectual disability (confidence 3) | SPRED2-related Noonan syndrome ()
SPTAN1	1	3	ClinGen,PanelApp,gene2phenotype	yes	no	Intellectual disability (confidence 3) | SPTAN1-related neurodevelopmental disorder with epilepsy and spastic paraplegia () | genetic developmental and epileptic encephalopathy (Definitive)
SPTBN1	1	3	ClinGen,PanelApp,gene2phenotype	yes	no	Intellectual disability (confidence 3) | SPTBN1-related developmental disorder () | developmental delay, impaired speech, and behavioral abnormalities (Definitive)
SPTBN2	1	3	ClinGen,PanelApp,gene2phenotype	yes	no	Intellectual disability (confidence 3) | SPTBN2-related infantile ataxia with oculomotor and pyramidal signs () | SPTBN2-related spinocerebellar ataxia () | autosomal recessive spinocerebellar ataxia 14 (Definitive) | spinocerebellar ataxia type 5 (Definitive)
SPTBN4	1	3	ClinGen,PanelApp,gene2phenotype	yes	no	Intellectual disability (confidence 3) | SPTBN4-related neurodevelopmental disorder with hypotonia, neuropathy, and deafness () | neurodevelopmental disorder with hypotonia, neuropathy, and deafness (Definitive)
SPTLC1	1	2	ClinGen,PanelApp	yes	no	Intellectual disability (confidence 1) | neuropathy, hereditary sensory and autonomic, type 1A (Definitive)
SPTLC2	1	3	ClinGen,PanelApp,gene2phenotype	yes	no	Intellectual disability (confidence 1) | SPTLC2-related neuropathy, hereditary sensory and autonomic () | amyotrophic lateral sclerosis (Strong) | neuropathy, hereditary sensory and autonomic, type 1C (Definitive)
SQSTM1	1	2	ClinGen,PanelApp	yes	no	Childhood solid tumours (confidence 1) | Childhood solid tumours cancer susceptibility (confidence 2) | frontotemporal dementia and/or amyotrophic lateral sclerosis 3 (Moderate)
SRCAP	1	3	ClinGen,PanelApp,gene2phenotype	yes	no	Floating-Harbor syndrome (Definitive) | Intellectual disability (confidence 3) | SRCAP-related Floating-Harbor syndrome () | SRCAP-related neurodevelopmental disorder ()
SRD5A3	1	3	ClinGen,PanelApp,gene2phenotype	yes	no	Intellectual disability (confidence 3) | SRD5A3-congenital disorder of glycosylation (Definitive) | SRD5A3-related congenital disorder of glycosylation ()
SRRM2	1	2	PanelApp,gene2phenotype	yes	no	Intellectual disability (confidence 3) | SRRM2-related developmental disorder ()
SRSF1	1	2	PanelApp,gene2phenotype	yes	no	Intellectual disability (confidence 3) | SRSF1-related developmental disorder ()
ST3GAL3	1	3	ClinGen,PanelApp,gene2phenotype	yes	no	Intellectual disability (confidence 3) | ST3GAL3-related intellectual developmental disorder () | complex neurodevelopmental disorder (Moderate)
ST3GAL5	1	3	ClinGen,PanelApp,gene2phenotype	yes	no	GM3 synthase deficiency (Definitive) | Intellectual disability (confidence 3) | ST3GAL5-related Amish infantile epilepsy syndrome ()
STAC3	1	2	ClinGen,gene2phenotype	yes	no	Bailey-Bloch congenital myopathy (Definitive) | STAC3-related congenital myopathy and malignant hyperthermia ()
STAG1	1	4	ClinGen,PanelApp,gene2phenotype,mitotic_panel	yes	yes	Intellectual disability (confidence 3) | STAG1-related syndromic intellectual disability () | complex neurodevelopmental disorder (Definitive) | tier 2
STAG2	1	3	PanelApp,gene2phenotype,mitotic_panel	yes	yes	Intellectual disability (confidence 3) | STAG2-related developmental delay with microcephaly and congenital anomalies () | tier 2
STAMBP	1	2	PanelApp,gene2phenotype	yes	no	Intellectual disability (confidence 3) | STAMBP-related microcephaly-capillary malformation syndrome () | Severe microcephaly (confidence 3)
STAT1	1	2	ClinGen,PanelApp	yes	no	Intellectual disability (confidence 1) | Mendelian susceptibility to mycobacterial diseases due to partial STAT1 deficiency (Definitive) | autoimmune enteropathy and endocrinopathy - susceptibility to chronic infections syndrome (Definitive) | immunodeficiency 31B (Definitive)
STAT5B	1	3	ClinGen,PanelApp,gene2phenotype	yes	no	Intellectual disability (confidence 1) | STAT5B-related growth hormone insensitivity with immunodeficiency () | growth hormone insensitivity syndrome with immune dysregulation 2, autosomal dominant (Moderate) | growth hormone insensitivity with immune dysregulation 1, autosomal recessive (Definitive)
STIL	1	4	ClinGen,PanelApp,gene2phenotype,mitotic_panel	yes	yes	Intellectual disability (confidence 3) | STIL-related primary microcephaly () | Severe microcephaly (confidence 3) | autosomal recessive primary microcephaly (Definitive) | tier 3
STIM1	1	2	ClinGen,gene2phenotype	yes	no	STIM1-related tubular-aggregate myopathy () | combined immunodeficiency due to STIM1 deficiency (Definitive) | tubular aggregate myopathy (Definitive)
STK11	1	2	ClinGen,PanelApp	yes	no	Childhood solid tumours (confidence 3) | Childhood solid tumours cancer susceptibility (confidence 3) | Peutz-Jeghers syndrome (Definitive) | familial ovarian cancer (No Known Disease Relationship)
STN1	1	2	ClinGen,gene2phenotype	yes	no	STN1-related cerebroretinal microangiopathy with calcifications and cysts () | cerebroretinal microangiopathy with calcifications and cysts 2 (Moderate)
STRA6	1	2	PanelApp,gene2phenotype	yes	no	Intellectual disability (confidence 3) | STRA6-related syndromic microphthalmia ()
STRADA	1	2	PanelApp,gene2phenotype	yes	no	Intellectual disability (confidence 3) | Nephrocalcinosis or nephrolithiasis (confidence 3) | STRADA-related polyhydramnios, megalencephaly, and symptomatic epilepsy ()
STT3A	1	3	ClinGen,PanelApp,gene2phenotype	yes	no	Intellectual disability (confidence 3) | STT3A-congenital disorder of glycosylation (Moderate) | STT3A-related congenital disorder of glycosylation () | STT3A-related type I congenital disorder of glycosylation with neuromusculoskeletal disease () | congenital disorder of glycosylation, type Iw, autosomal dominant (Definitive)
STX11	1	2	ClinGen,PanelApp	yes	no	Intellectual disability (confidence 1) | familial hemophagocytic lymphohistiocytosis 4 (Definitive)
STX1A	1	2	PanelApp,gene2phenotype	yes	no	Intellectual disability (confidence 3) | STX1A-related neurodevelopmental disorder with epilepsy () | STX1A-related neurodevelopmental disorder without epilepsy ()
STX1B	1	3	ClinGen,PanelApp,gene2phenotype	yes	no	Intellectual disability (confidence 3) | STX1B-related generalized epilepsy with febrile seizures plus () | generalized epilepsy with febrile seizures plus (Definitive)
STXBP1	1	3	ClinGen,PanelApp,gene2phenotype	yes	no	Intellectual disability (confidence 3) | STXBP1-related epileptic encephalopathy early infantile () | genetic developmental and epileptic encephalopathy (Definitive)
SUCLA2	1	2	ClinGen,PanelApp	yes	no	Intellectual disability (confidence 2) | Leigh syndrome (Definitive) | mitochondrial disease (Definitive)
SUCLG1	1	3	ClinGen,PanelApp,gene2phenotype	yes	no	Intellectual disability (confidence 3) | Leigh syndrome (Moderate) | SUCLG1-related fatal infantile lactic acidosis ()
SUFU	1	3	ClinGen,PanelApp,gene2phenotype	yes	no	Childhood solid tumours (confidence 3) | Childhood solid tumours cancer susceptibility (confidence 3) | Intellectual disability (confidence 3) | SUFU-related Joubert and congenital ocular motor apraxia () | SUFU-related Joubert syndrome with cranio-facial and skeletal defects () | ciliopathy (Limited)
SUMF1	1	3	ClinGen,PanelApp,gene2phenotype	yes	no	Intellectual disability (confidence 3) | SUMF1-related multiple sulfatase deficiency () | mucosulfatidosis (Definitive)
SUOX	1	3	ClinGen,PanelApp,gene2phenotype	yes	no	Intellectual disability (confidence 3) | SUOX-related sulfite oxidase deficiency () | isolated sulfite oxidase deficiency (Definitive)
SUPT16H	1	2	PanelApp,gene2phenotype	yes	no	Intellectual disability (confidence 3) | SUPT16H-related neurodevelopmental disorder ()
SURF1	1	3	ClinGen,PanelApp,gene2phenotype	yes	no	Intellectual disability (confidence 3) | Leigh syndrome (Definitive) | SURF1-related Leigh syndrome () | mitochondrial disease (Definitive)
SUZ12	1	2	PanelApp,gene2phenotype	yes	no	Beckwith-Wiedemann syndrome (BWS) and other congenital overgrowth disorders (confidence 3) | Intellectual disability (confidence 3) | SUZ12-related Weaver-like overgrowth syndrome ()
SYN1	1	3	ClinGen,PanelApp,gene2phenotype	yes	no	Intellectual disability (confidence 3) | SYN1-related epilepsy with variable learning disabilities and behaviour disorders () | X-linked complex neurodevelopmental disorder (Definitive)
SYNCRIP	1	3	ClinGen,PanelApp,gene2phenotype	yes	no	Intellectual disability (confidence 3) | SYNCRIP-related developmental disorder () | SYNCRIP-related neurodevelopmental disorder (Definitive)
SYNE1	1	3	ClinGen,PanelApp,gene2phenotype	yes	no	Intellectual disability (confidence 1) | SYNE1-related spinocerebellar ataxia () | arthrogryposis multiplex congenita 3, myogenic type (Moderate) | autosomal recessive ataxia, Beauce type (Definitive)
SYNGAP1	1	3	ClinGen,PanelApp,gene2phenotype	yes	no	Intellectual disability (confidence 3) | SYNGAP1-related intellectual developmental disorder () | complex neurodevelopmental disorder (Definitive)
SYNJ1	1	2	ClinGen,PanelApp	yes	no	Intellectual disability (confidence 3) | genetic developmental and epileptic encephalopathy (Definitive)
SYP	1	3	ClinGen,PanelApp,gene2phenotype	yes	no	Intellectual disability (confidence 3) | SYP-related intellectual developmental disorder, X-linked () | non-syndromic X-linked intellectual disability (Moderate)
SYT1	1	2	PanelApp,gene2phenotype	yes	no	Intellectual disability (confidence 3) | SYT1-related intellectual disability ()
SYT2	1	2	ClinGen,gene2phenotype	yes	no	SYT2-related congenital onset presynaptic myasthenic syndrome () | congenital myasthenic syndrome 7 (Moderate)
SZT2	1	3	ClinGen,PanelApp,gene2phenotype	yes	no	Intellectual disability (confidence 3) | SZT2-related infantile encephalopathy with epilepsy and dysmorphic corpus callosum () | genetic developmental and epileptic encephalopathy (Definitive)
TAB2	1	3	ClinGen,PanelApp,gene2phenotype	yes	no	Intellectual disability (confidence 2) | TAB2-related nonsyndromic congenital heart disease () | congenital heart defects, multiple types, 2 (Definitive)
TACO1	1	3	ClinGen,PanelApp,gene2phenotype	yes	no	Intellectual disability (confidence 1) | Leigh syndrome (Moderate) | TACO1-related Leigh syndrome due to mitochondrial complex IV deficiency () | mitochondrial disease (Definitive)
TAF1	1	2	PanelApp,gene2phenotype	yes	no	Intellectual disability (confidence 3) | TAF1-related dysmorphic features, intellectual disability, and neurological manifestations ()
TAF2	1	2	PanelApp,gene2phenotype	yes	no	Intellectual disability (confidence 3) | TAF2-related intellectual developmental disorder ()
TAF4	1	2	PanelApp,gene2phenotype	yes	no	Intellectual disability (confidence 3) | TAF4-related neurodevelopmental disorder ()
TAF8	1	2	PanelApp,gene2phenotype	yes	no	Intellectual disability (confidence 3) | TAF8-related neurodevelopmental disorder ()
TAFAZZIN	1	2	ClinGen,gene2phenotype	yes	no	Barth syndrome (Definitive) | TAFAZZIN-related Barth syndrome ()
TANC2	1	3	ClinGen,PanelApp,gene2phenotype	yes	no	Intellectual disability (confidence 3) | TANC2-related neurodevelopmental and psychiatric disorders () | intellectual developmental disorder with autistic features and language delay, with or without seizures (Definitive)
TANGO2	1	2	PanelApp,gene2phenotype	yes	no	Intellectual disability (confidence 3) | TANGO2-related infancy-onset recurrent metabolic crises with encephalocardiomyopathy ()
TAOK1	1	3	ClinGen,PanelApp,gene2phenotype	yes	no	Intellectual disability (confidence 3) | TAOK1-related intellectual disability () | syndromic intellectual disability (Definitive)
TARDBP	1	2	ClinGen,PanelApp	yes	no	Intellectual disability (confidence 1) | amyotrophic lateral sclerosis type 10 (Definitive)
TARS2	1	3	ClinGen,PanelApp,gene2phenotype	yes	no	Intellectual disability (confidence 3) | Leigh syndrome (Limited) | TARS2-related combined oxidative phosphorylation deficiency () | mitochondrial disease (Definitive)
TASP1	1	2	PanelApp,gene2phenotype	yes	no	Intellectual disability (confidence 3) | TASP1-related neurodevelopmental disorder ()
TAT	1	3	ClinGen,PanelApp,gene2phenotype	yes	no	Intellectual disability (confidence 3) | TAT-related tyrosinemia () | tyrosinemia type II (Definitive)
TBC1D20	1	2	PanelApp,gene2phenotype	yes	no	Intellectual disability (confidence 3) | TBC1D20-related Warburg micro syndrome ()
TBC1D23	1	2	PanelApp,gene2phenotype	yes	no	Intellectual disability (confidence 3) | TBC1D23-related non-degenerative pontocerebellar hypoplasia ()
TBC1D24	1	3	ClinGen,PanelApp,gene2phenotype	yes	no	DOORS syndrome (Definitive) | Intellectual disability (confidence 3) | TBC1D24-related DOORS syndrome () | TBC1D24-related myoclonic epilepsy, infantile, familial () | nonsyndromic genetic hearing loss (Limited)
TBC1D2B	1	2	PanelApp,gene2phenotype	yes	no	Intellectual disability (confidence 3) | TBC1D2B-related neurodevelopmental disorder ()
TBC1D32	1	2	ClinGen,gene2phenotype	yes	no	TBC1D32-related ciliopathy () | ciliopathy (Definitive)
TBC1D8B	1	2	ClinGen,PanelApp	yes	no	Intellectual disability (confidence 1) | nephrotic syndrome, type 20 (Moderate)
TBCD	1	3	ClinGen,PanelApp,gene2phenotype	yes	no	Intellectual disability (confidence 3) | TBCD-related early-onset neurodegenerative encephalopathy () | early-onset progressive diffuse brain atrophy-microcephaly-muscle weakness-optic atrophy syndrome (Definitive)
TBCE	1	3	ClinGen,PanelApp,gene2phenotype	yes	no	Intellectual disability (confidence 3) | TBCE-related early-onset progressive encephalopathy with distal spinal muscular atrophy () | TBCE-related hypoparathyroidism-retardation-dysmorphism syndrome () | encephalopathy, progressive, with amyotrophy and optic atrophy (Moderate)
TBCK	1	3	ClinGen,PanelApp,gene2phenotype	yes	no	Intellectual disability (confidence 3) | TBCK-related severe infantile syndromic encephalopathy () | syndromic complex neurodevelopmental disorder (Definitive)
TBL1XR1	1	3	ClinGen,PanelApp,gene2phenotype	yes	no	Intellectual disability (confidence 3) | TBL1XR1-related Pierpont syndrome () | TBL1XR1-related intellectual disability with autism spectrum disorder () | complex neurodevelopmental disorder (Definitive)
TBR1	1	3	ClinGen,PanelApp,gene2phenotype	yes	no	Intellectual disability (confidence 3) | TBR1-related autism () | complex neurodevelopmental disorder (Definitive)
TBX20	1	3	ClinGen,PanelApp,gene2phenotype	yes	no	Intellectual disability (confidence 1) | TBX20-related atrial septal defect () | congenital heart disease (Definitive) | dilated cardiomyopathy (Strong)
TBX22	1	3	ClinGen,PanelApp,gene2phenotype	yes	no	Intellectual disability (confidence 1) | TBX22-related cleft palate () | cleft palate with or without ankyloglossia, X-linked (Definitive)
TBX3	1	3	ClinGen,PanelApp,gene2phenotype	yes	no	Intellectual disability (confidence 1) | TBX3-related Ulnar-mammary syndrome () | ulnar-mammary syndrome (Definitive)
TBX4	1	3	ClinGen,PanelApp,gene2phenotype	yes	no	Intellectual disability (confidence 1) | TBX4-related ischiocoxopodopatellar syndrome with or without pulmonary arterial hypertension () | TBX4-related posterior amelia with pelvic and pulmonary hypoplasia () | pulmonary arterial hypertension (Definitive)
TBX5	1	3	ClinGen,PanelApp,gene2phenotype	yes	no	Holt-Oram syndrome (Definitive) | Intellectual disability (confidence 1) | TBX5-related Holt-Oram syndrome ()
TBXAS1	1	3	ClinGen,PanelApp,gene2phenotype	yes	no	Intellectual disability (confidence 1) | TBXAS1-related ghosal hematodiaphyseal syndrome () | ghosal hematodiaphyseal dysplasia (Definitive)
TCEAL1	1	2	PanelApp,gene2phenotype	yes	no	Intellectual disability (confidence 3) | TCEAL1-related neurodevelopmental disorder ()
TCF12	1	3	ClinGen,PanelApp,gene2phenotype	yes	no	Intellectual disability (confidence 1) | TCF12-related craniosynostosis (Definitive) | TCF12-related neurodevelopmental disorder with coronal craniosynostosis ()
TCF20	1	3	ClinGen,PanelApp,gene2phenotype	yes	no	Intellectual disability (confidence 3) | TCF20-related developmental delay with variable intellectual impairment and behavioural abnormalities () | developmental delay with variable intellectual impairment and behavioral abnormalities (Definitive)
TCF4	1	3	ClinGen,PanelApp,gene2phenotype	yes	no	Intellectual disability (confidence 3) | Pitt-Hopkins syndrome (Definitive) | Severe microcephaly (confidence 1) | TCF4-related Pitt-Hopkins syndrome ()
TCF7L2	1	3	ClinGen,PanelApp,gene2phenotype	yes	no	Intellectual disability (confidence 3) | TCF7L2-related developmental disorder () | complex neurodevelopmental disorder (Definitive)
TCN2	1	3	ClinGen,PanelApp,gene2phenotype	yes	no	Intellectual disability (confidence 3) | TCN2-related transcobalamin II deficiency () | transcobalamin II deficiency (Definitive)
TCOF1	1	3	ClinGen,PanelApp,gene2phenotype	yes	no	Intellectual disability (confidence 1) | TCOF1-related Treacher Collins syndrome () | Treacher-Collins syndrome (Definitive)
TCTN1	1	2	PanelApp,gene2phenotype	yes	no	Cystic renal disease (confidence 1) | Cystic renal disease (confidence 3) | Intellectual disability (confidence 1) | TCTN1-related Joubert syndrome and related disorders ()
TCTN2	1	3	ClinGen,PanelApp,gene2phenotype	yes	no	Cystic renal disease (confidence 3) | Intellectual disability (confidence 3) | Joubert syndrome 24 (Definitive) | TCTN2-related Joubert syndrome and related disorders ()
TCTN3	1	3	ClinGen,PanelApp,gene2phenotype	yes	no	Cystic renal disease (confidence 1) | Cystic renal disease (confidence 3) | Intellectual disability (confidence 3) | TCTN3-related Mohr-Majewski syndrome () | ciliopathy (Definitive)
TDP2	1	3	ClinGen,PanelApp,gene2phenotype	yes	no	Intellectual disability (confidence 3) | TDP2-related spinocerebellar ataxia with seizures and developmental delay () | spinocerebellar ataxia, autosomal recessive 23 (Definitive)
TECPR2	1	2	PanelApp,gene2phenotype	yes	no	Intellectual disability (confidence 3) | TECPR2-related hereditary spastic paraparesis ()
TEK	1	3	ClinGen,PanelApp,gene2phenotype	yes	no	Intellectual disability (confidence 1) | TEK-related primary glaucoma (Definitive) | TEK-related venous malformations, multiple cutaneous and mucosal ()
TELO2	1	3	ClinGen,PanelApp,gene2phenotype	yes	no	Intellectual disability (confidence 3) | TELO2-related intellectual disability-neurodevelopmental disorder (Definitive) | TELO2-related syndromic intellectual disability disorder ()
TERC	1	3	ClinGen,PanelApp,gene2phenotype	yes	no	Childhood solid tumours (confidence 3) | TERC-related dyskeratosis congenita () | dyskeratosis congenita, autosomal dominant 1 (Definitive)
TERT	1	3	ClinGen,PanelApp,gene2phenotype	yes	no	Childhood solid tumours (confidence 3) | Childhood solid tumours cancer susceptibility (confidence 3) | Intellectual disability (confidence 2) | TERT-related dyskeratosis congenita (biallelic) () | TERT-related dyskeratosis congenita (monoallelic) () | dyskeratosis congenita, autosomal dominant 2 (Definitive)
TET3	1	3	ClinGen,PanelApp,gene2phenotype	yes	no	Beck-Fahrner syndrome (Definitive) | Beck-Fahrner syndrome (Limited) | Intellectual disability (confidence 3) | TET3-related DNA demethylation disorder ()
TFAP2B	1	3	ClinGen,PanelApp,gene2phenotype	yes	no	Intellectual disability (confidence 1) | TFAP2B-related Char syndrome () | TFAP2B-related congenital heart disease spectrum disorder (Definitive)
TFE3	1	3	ClinGen,PanelApp,gene2phenotype	yes	no	Intellectual disability (confidence 3) | TFE3-related intellectual disability with pigmentary mosaicism and coarse features () | X-linked syndromic complex neurodevelopmental disorder (Definitive)
TFRC	1	2	ClinGen,gene2phenotype	yes	no	TFRC-related combined immunodeficiency () | TFRC-related combined immunodeficiency (Definitive)
TGDS	1	3	ClinGen,PanelApp,gene2phenotype	yes	no	Catel-Manzke syndrome (Definitive) | Intellectual disability (confidence 1) | TGDS-related Catel-Manzke syndrome ()
TGFB2	1	3	ClinGen,PanelApp,gene2phenotype	yes	no	Intellectual disability (confidence 1) | TGFB2-related Loeys-Dietz syndrome () | familial thoracic aortic aneurysm and aortic dissection (Definitive)
TGFBR1	1	3	ClinGen,PanelApp,gene2phenotype	yes	no	Intellectual disability (confidence 1) | Loeys-Dietz syndrome (Definitive) | TGFBR1-related Loeys-Dietz syndrome () | multiple self-healing squamous epithelioma (Definitive)
TGFBR2	1	3	ClinGen,PanelApp,gene2phenotype	yes	no	Intellectual disability (confidence 1) | Loeys-Dietz syndrome 2 (Definitive) | TGFBR2-related Loeys-Dietz syndrome ()
TGIF1	1	2	PanelApp,gene2phenotype	yes	no	Intellectual disability (confidence 3) | TGIF1-related holoprosencephaly ()
TH	1	3	ClinGen,PanelApp,gene2phenotype	yes	no	Intellectual disability (confidence 3) | TH-related DOPA-responsive dystonia () | tyrosine hydroxylase deficiency (Definitive)
THOC2	1	3	ClinGen,PanelApp,gene2phenotype	yes	no	Intellectual disability (confidence 3) | THOC2-related intellectual developmental disorder () | X-linked complex neurodevelopmental disorder (Definitive)
THOC6	1	3	ClinGen,PanelApp,gene2phenotype	yes	no	Intellectual disability (confidence 3) | THOC6-related Beaulieu-Boycott-Innes syndrome () | THOC6-related developmental delay-microcephaly-facial dysmorphism syndrome (Definitive)
THRA	1	2	PanelApp,gene2phenotype	yes	no	Intellectual disability (confidence 3) | THRA-related hypothyroidism, congenital, nongoitrous ()
THUMPD1	1	2	PanelApp,gene2phenotype	yes	no	Intellectual disability (confidence 3) | THUMPD1-related neurodevelopment disorder ()
TIMM50	1	2	ClinGen,PanelApp	yes	no	3-methylglutaconic aciduria type 9 (Definitive) | Intellectual disability (confidence 3)
TIMM8A	1	3	ClinGen,PanelApp,gene2phenotype	yes	no	Intellectual disability (confidence 1) | TIMM8A-related Mohr-Tranebjaerg syndrome () | deafness dystonia syndrome (Definitive)
TINF2	1	3	ClinGen,PanelApp,gene2phenotype	yes	no	Childhood solid tumours (confidence 2) | Intellectual disability (confidence 1) | TINF2-related exudative retinopathy with bone marrow failure () | dyskeratosis congenita, autosomal dominant 3 (Definitive)
TK2	1	3	ClinGen,PanelApp,gene2phenotype	yes	no	Intellectual disability (confidence 1) | TK2-related mitochondrial DNA depletion syndrome, myopathic form () | mitochondrial disease (Definitive)
TLK2	1	3	ClinGen,PanelApp,gene2phenotype	yes	no	Intellectual disability (confidence 3) | TLK2-related intellectual developmental disorder () | complex neurodevelopmental disorder (Definitive)
TMCO1	1	2	PanelApp,gene2phenotype	yes	no	Intellectual disability (confidence 3) | TMCO1-related craniofacial dysmorphism, skeletal anomalies, and intellectual developmental disorder syndrome ()
TMEM106B	1	3	ClinGen,PanelApp,gene2phenotype	yes	no	Intellectual disability (confidence 3) | TMEM106B related hypomyelinating leukodystrophy () | leukodystrophy, hypomyelinating, 16 (Definitive)
TMEM126B	1	3	ClinGen,PanelApp,gene2phenotype	yes	no	Intellectual disability (confidence 1) | TMEM126B-related muscle weakness and isolated complex I deficiency () | mitochondrial disease (Definitive)
TMEM138	1	2	ClinGen,PanelApp	yes	no	Cystic renal disease (confidence 1) | Cystic renal disease (confidence 3) | ciliopathy (Moderate)
TMEM147	1	2	PanelApp,gene2phenotype	yes	no	Intellectual disability (confidence 3) | TMEM147-related developmental disorder ()
TMEM163	1	2	ClinGen,gene2phenotype	yes	no	TMEM163-related hypomyelinating leukodystrophy () | leukodystrophy, hypomyelinating, 25 (Moderate)
TMEM165	1	3	ClinGen,PanelApp,gene2phenotype	yes	no	Intellectual disability (confidence 3) | TMEM165-congenital disorder of glycosylation (Moderate) | TMEM165-related congenital disorder of glycosylation ()
TMEM216	1	3	ClinGen,PanelApp,gene2phenotype	yes	no	Cystic renal disease (confidence 1) | Cystic renal disease (confidence 3) | Intellectual disability (confidence 3) | TMEM216-related Joubert syndrome () | ciliopathy (Definitive)
TMEM222	1	2	PanelApp,gene2phenotype	yes	no	Intellectual disability (confidence 3) | TMEM222-related neurodevelopmental disorder with motor and speech delay and behavioural abnormalities ()
TMEM231	1	2	ClinGen,PanelApp	yes	no	Cystic renal disease (confidence 1) | Cystic renal disease (confidence 3) | Intellectual disability (confidence 2) | ciliopathy (Definitive)
TMEM237	1	3	ClinGen,PanelApp,gene2phenotype	yes	no	Cystic renal disease (confidence 1) | Cystic renal disease (confidence 3) | Intellectual disability (confidence 3) | Joubert syndrome 14 (Definitive) | TMEM237-related Joubert syndrome ()
TMEM240	1	2	PanelApp,gene2phenotype	yes	no	Intellectual disability (confidence 3) | TMEM240-related spinocerebellar ataxia and intellectual disability ()
TMEM63B	1	2	PanelApp,gene2phenotype	yes	no	Intellectual disability (confidence 3) | TMEM63B-related developmental and epileptic encephalopathy with anemia ()
TMEM63C	1	2	PanelApp,gene2phenotype	yes	no	Intellectual disability (confidence 3) | TMEM63C-related hereditary spastic paraplegia ()
TMEM67	1	4	ClinGen,PanelApp,gene2phenotype,mitotic_panel	yes	yes	Cystic renal disease (confidence 3) | Intellectual disability (confidence 3) | TMEM67-related COACH syndrome () | TMEM67-related nephronophthisis () | ciliopathy (Definitive) | tier 4
TMEM70	1	3	ClinGen,PanelApp,gene2phenotype	yes	no	Intellectual disability (confidence 3) | TMEM70-related mitochondrial complex V (ATP synthase) deficiency, nuclear () | mitochondrial disease (Definitive)
TMEM94	1	3	ClinGen,PanelApp,gene2phenotype	yes	no	Intellectual disability (confidence 3) | TMEM94-related neurodevelopmental delay, congenital heart defects, and distinct facial dysmorphism () | intellectual developmental disorder with cardiac defects and dysmorphic facies (Definitive)
TMPRSS6	1	3	ClinGen,PanelApp,gene2phenotype	yes	no	IRIDA syndrome (Definitive) | Intellectual disability (confidence 1) | TMPRSS6-related iron-refractory iron deficiency anemia ()
TMTC3	1	2	PanelApp,gene2phenotype	yes	no	Intellectual disability (confidence 3) | TMTC3-related cobblestone lissencephaly ()
TMX2	1	2	PanelApp,gene2phenotype	yes	no	Intellectual disability (confidence 3) | Severe microcephaly (confidence 3) | TMX2-related primary microcephaly, cortical malformation, and epileptic encephalopathy ()
TNFRSF13B	1	2	ClinGen,gene2phenotype	yes	no	TNFRSF13B-related immunodeficiency, common variable () | immunodeficiency, common variable, 2 (Definitive)
TNPO2	1	2	PanelApp,gene2phenotype	yes	no	Intellectual disability (confidence 3) | Severe microcephaly (confidence 3) | TNPO2-related intellectual disability ()
TNR	1	2	ClinGen,PanelApp	yes	no	Intellectual disability (confidence 3) | neurodevelopmental disorder, nonprogressive, with spasticity and transient opisthotonus (Definitive)
TNRC6B	1	3	ClinGen,PanelApp,gene2phenotype	yes	no	Intellectual disability (confidence 3) | TNRC6B-related neurodevelopmental disorder () | complex neurodevelopmental disorder (Definitive)
TOE1	1	2	PanelApp,gene2phenotype	yes	no	Intellectual disability (confidence 3) | TOE1-related pontocerebellar hypoplasia ()
TOP3A	1	3	PanelApp,gene2phenotype,mitotic_panel	yes	yes	Fanconi anaemia or Bloom syndrome (confidence 3) | Severe microcephaly (confidence 3) | TOP3A-related Bloom syndrome like disorder () | tier 3
TOR1A	1	2	PanelApp,gene2phenotype	yes	no	Intellectual disability (confidence 3) | TOR1A-related arthrogryposis multiplex congenita ()
TP53	1	2	ClinGen,PanelApp	yes	no	Childhood solid tumours (confidence 3) | Childhood solid tumours cancer susceptibility (confidence 3) | Familial rhabdomyosarcoma (confidence 3) | Li-Fraumeni syndrome (Definitive)
TP53RK	1	2	PanelApp,gene2phenotype	yes	no	Severe microcephaly (confidence 3) | TP53RK-related Galloway-Mowat syndrome ()
TP63	1	3	ClinGen,PanelApp,gene2phenotype	yes	no	Intellectual disability (confidence 1) | TP63-related ectrodactyly, ectodermal dysplasia, and cleft lip/palate syndrome () | TP63-related limb-mammary syndrome () | ectrodactyly, ectodermal dysplasia, and cleft lip-palate syndrome 3 (Definitive)
TP73	1	3	ClinGen,PanelApp,gene2phenotype	yes	no	Intellectual disability (confidence 3) | TP73-related ciliary dyskinesia and lissencephaly () | ciliary dyskinesia, primary, 47, and lissencephaly (Strong)
TPK1	1	2	ClinGen,PanelApp	yes	no	Intellectual disability (confidence 1) | Leigh syndrome (Moderate)
TPM2	1	2	ClinGen,gene2phenotype	yes	no	TPM2-related arthrogryposis, distal () | TPM2-related myopathy (Definitive)
TPM3	1	2	ClinGen,gene2phenotype	yes	no	TPM3-related congenital myopathy () | TPM3-related myopathy (Definitive)
TPP1	1	3	ClinGen,PanelApp,gene2phenotype	yes	no	Intellectual disability (confidence 3) | TPP1-related neuronal ceroid lipofuscinosis () | neuronal ceroid lipofuscinosis (Definitive)
TPP2	1	3	ClinGen,PanelApp,gene2phenotype	yes	no	Intellectual disability (confidence 3) | TPP2-related immune deficiency, autoimmune disease and intellectual disability () | immunodeficiency 78 with autoimmunity and developmental delay (Definitive)
TRA2B	1	3	ClinGen,PanelApp,gene2phenotype	yes	no	Intellectual disability (confidence 3) | Severe microcephaly (confidence 2) | TRA2B-related neurodevelopmental syndrome () | syndromic complex neurodevelopmental disorder (Definitive)
TRAF7	1	3	ClinGen,PanelApp,gene2phenotype	yes	no	Intellectual disability (confidence 3) | TRAF7-related developmental delay congenital anomalies and dysmorphic features () | syndromic complex neurodevelopmental disorder (Definitive)
TRAIP	1	2	PanelApp,gene2phenotype	yes	no	Intellectual disability (confidence 3) | Severe microcephaly (confidence 3) | TRAIP-related primordial dwarfism ()
TRAPPC10	1	2	PanelApp,gene2phenotype	yes	no	Intellectual disability (confidence 2) | Severe microcephaly (confidence 3) | TRAPPC10-related intellectual disability ()
TRAPPC11	1	3	ClinGen,PanelApp,gene2phenotype	yes	no	Intellectual disability (confidence 2) | TRAPPC11-related muscular dystrophy, limb-girdle () | autosomal recessive limb-girdle muscular dystrophy (Definitive)
TRAPPC12	1	3	PanelApp,gene2phenotype,mitotic_panel	yes	yes	Intellectual disability (confidence 3) | Severe microcephaly (confidence 3) | TRAPPC12-related progressive childhood encephalopathy and Golgi dysfunction () | tier 4
TRAPPC4	1	3	ClinGen,PanelApp,gene2phenotype	yes	no	Intellectual disability (confidence 3) | TRAPPC4-related neurodevelopmental disorder with epilepsy, spasticity, and brain atrophy () | neurodevelopmental disorder with epilepsy, spasticity, and brain atrophy (Definitive)
TRAPPC6B	1	3	ClinGen,PanelApp,gene2phenotype	yes	no	Intellectual disability (confidence 3) | Severe microcephaly (confidence 3) | TRAPPC6B-related neurodevelopmental disorder with microcephaly, epilepsy, and brain atrophy () | neurodevelopmental disorder with microcephaly, epilepsy, and brain atrophy (Definitive)
TRAPPC9	1	3	ClinGen,PanelApp,gene2phenotype	yes	no	Intellectual disability (confidence 3) | Severe microcephaly (confidence 3) | TRAPPC9-related intellectual developmental disorder () | intellectual disability-obesity-brain malformations-facial dysmorphism syndrome (Definitive)
TREX1	1	3	ClinGen,PanelApp,gene2phenotype	yes	no	Intellectual disability (confidence 3) | TREX1-related Aicardi-Goutieres syndrome () | TREX1-related type 1 interferonopathy (Definitive) | retinal vasculopathy with cerebral leukoencephalopathy and systemic manifestations (Definitive)
TRIM32	1	3	ClinGen,PanelApp,gene2phenotype	yes	no	Bardet-Biedl syndrome 11 (Limited) | Cystic renal disease (confidence 1) | Intellectual disability (confidence 1) | TRIM32-related Bardet-Biedl syndrome () | TRIM32-related limb-girdle muscular dystrophy () | autosomal recessive limb-girdle muscular dystrophy (Definitive)
TRIM37	1	4	ClinGen,PanelApp,gene2phenotype,mitotic_panel	yes	yes	Childhood solid tumours (confidence 3) | Childhood solid tumours cancer susceptibility (confidence 2) | Intellectual disability (confidence 1) | TRIM37-related mulibrey nanism () | mulibrey nanism (Definitive) | tier 4
TRIM8	1	3	ClinGen,PanelApp,gene2phenotype	yes	no	Intellectual disability (confidence 3) | TRIM8-related neurodevelopmental disorder () | focal segmental glomerulosclerosis and neurodevelopmental syndrome (Definitive)
TRIO	1	3	ClinGen,PanelApp,gene2phenotype	yes	no	Intellectual disability (confidence 3) | Severe microcephaly (confidence 3) | TRIO-related intellectual disability () | syndromic intellectual disability (Definitive)
TRIP11	1	3	ClinGen,PanelApp,gene2phenotype	yes	no	Intellectual disability (confidence 1) | TRIP11-related achondrogenesis () | TRIP11-related skeletal dysplasia (Definitive)
TRIP12	1	3	ClinGen,PanelApp,gene2phenotype	yes	no	Intellectual disability (confidence 3) | TRIP12-related intellectual disability with or without autism spectrum disorder () | complex neurodevelopmental disorder (Definitive)
TRIP13	1	3	PanelApp,gene2phenotype,mitotic_panel	yes	yes	Childhood solid tumours (confidence 3) | Childhood solid tumours cancer susceptibility (confidence 3) | Intellectual disability (confidence 1) | Severe microcephaly (confidence 2) | TRIP13-related mosaic variegated aneuploidy and Wilms tumour () | tier 1
TRIT1	1	3	ClinGen,PanelApp,gene2phenotype	yes	no	Intellectual disability (confidence 3) | TRIT1-related tRNA isopentenyltransferase deficiency () | mitochondrial disease (Definitive)
TRMT1	1	3	ClinGen,PanelApp,gene2phenotype	yes	no	Intellectual disability (confidence 3) | Severe microcephaly (confidence 1) | TRMT1-related intellectual developmental disorder () | complex neurodevelopmental disorder (Definitive)
TRMT10A	1	2	PanelApp,gene2phenotype	yes	no	Intellectual disability (confidence 3) | Severe microcephaly (confidence 3) | TRMT10A-related intellectual developmental disorder ()
TRMT10C	1	2	ClinGen,gene2phenotype	yes	no	TRMT10C-related mitochondrial RNA processing and multiple respiratory chain deficiencies () | mitochondrial disease (Moderate)
TRMT5	1	2	ClinGen,PanelApp	yes	no	Intellectual disability (confidence 3) | mitochondrial disease (Definitive)
TRNT1	1	3	ClinGen,PanelApp,gene2phenotype	yes	no	Intellectual disability (confidence 3) | TRNT1-related retinitis pigmentosa and erythrocytic microcytosis () | congenital sideroblastic anemia-B-cell immunodeficiency-periodic fever-developmental delay syndrome (Definitive)
TRPM1	1	3	ClinGen,PanelApp,gene2phenotype	yes	no	Intellectual disability (confidence 1) | TRPM1-related night blindness, congenital stationary () | TRPM1-related retinopathy (Definitive)
TRPM3	1	3	ClinGen,PanelApp,gene2phenotype	yes	no	Intellectual disability (confidence 3) | TRPM3-related developmental disorder () | cataract 50 with or without glaucoma (Moderate) | syndromic complex neurodevelopmental disorder (Definitive)
TRPV4	1	3	ClinGen,PanelApp,gene2phenotype	yes	no	Intellectual disability (confidence 1) | TRPV4-related bone disorder (Definitive) | TRPV4-related metatropic dysplasia () | TRPV4-related spondylometaphyseal dysplasia, Kozlowski type () | neuromuscular disease (Definitive)
TRRAP	1	3	ClinGen,PanelApp,gene2phenotype	yes	no	Intellectual disability (confidence 3) | TRRAP-related autism and syndromic intellectual disability () | complex neurodevelopmental disorder with or without congenital anomalies (Definitive)
TSC1	1	2	PanelApp,gene2phenotype	yes	no	Childhood solid tumours (confidence 3) | Childhood solid tumours cancer susceptibility (confidence 3) | Cystic renal disease (confidence 3) | Intellectual disability (confidence 3) | TSC1-related tuberous sclerosis ()
TSC2	1	2	PanelApp,gene2phenotype	yes	no	Childhood solid tumours (confidence 3) | Childhood solid tumours cancer susceptibility (confidence 3) | Cystic renal disease (confidence 3) | Intellectual disability (confidence 3) | TSC2-related tuberous sclerosis ()
TSEN15	1	2	PanelApp,gene2phenotype	yes	no	Intellectual disability (confidence 2) | Severe microcephaly (confidence 3) | TSEN15-related pontocerebellar hypoplasia and progressive microcephaly ()
TSEN2	1	2	PanelApp,gene2phenotype	yes	no	Intellectual disability (confidence 3) | TSEN2-related pontocerebellar hypoplasia ()
TSEN34	1	2	PanelApp,gene2phenotype	yes	no	Intellectual disability (confidence 3) | TSEN34-related pontocerebellar hypoplasia ()
TSEN54	1	2	PanelApp,gene2phenotype	yes	no	Intellectual disability (confidence 3) | Severe microcephaly (confidence 3) | TSEN54-related pontocerebellar hypoplasia ()
TSFM	1	2	ClinGen,PanelApp	yes	no	Intellectual disability (confidence 3) | Leigh syndrome (Moderate) | mitochondrial disease (Definitive)
TSHB	1	2	PanelApp,gene2phenotype	yes	no	Intellectual disability (confidence 3) | TSHB-related hypothryoidism, congenital, nongoitrous ()
TSPAN7	1	3	ClinGen,PanelApp,gene2phenotype	yes	no	Intellectual disability (confidence 2) | TSPAN7-related intellectual developmental disorder () | non-syndromic X-linked intellectual disability (Moderate)
TTC12	1	2	ClinGen,gene2phenotype	yes	no	TTC12-related primary ciliary dyskinesia () | ciliary dyskinesia, primary, 45 (Definitive)
TTC19	1	3	ClinGen,PanelApp,gene2phenotype	yes	no	Intellectual disability (confidence 3) | Leigh syndrome (Definitive) | TTC19-related mitochondrial complex III deficiency () | mitochondrial disease (Definitive)
TTC21B	1	2	ClinGen,PanelApp	yes	no	Cystic renal disease (confidence 3) | nephronophthisis 12 (Definitive)
TTC5	1	2	PanelApp,gene2phenotype	yes	no	Intellectual disability (confidence 3) | Severe microcephaly (confidence 3) | TTC5-related neurodevelopmental disorder ()
TTC7A	1	3	ClinGen,PanelApp,gene2phenotype	yes	no	Intellectual disability (confidence 1) | TTC7A-related intestinal atresia, inflammatory bowel disease and immunodeficiency () | multiple intestinal atresia (Definitive)
TTC8	1	3	ClinGen,PanelApp,gene2phenotype	yes	no	Cystic renal disease (confidence 1) | Cystic renal disease (confidence 3) | Intellectual disability (confidence 3) | TTC8-related Bardet-Biedl syndrome () | TTC8-related ciliopathy (Definitive) | TTC8-related retinitis pigmentosa ()
TTI1	1	2	PanelApp,gene2phenotype	yes	no	Intellectual disability (confidence 3) | Severe microcephaly (confidence 3) | TTI1-related microcephaly, intellectual disability and ataxia ()
TTI2	1	2	PanelApp,gene2phenotype	yes	no	Intellectual disability (confidence 3) | TTI2-related intellectual developmental disorder ()
TTN	1	3	ClinGen,PanelApp,gene2phenotype	yes	no	Intellectual disability (confidence 1) | TTN-related myopathy (Definitive) | TTN-related myopathy, dominant-negative TTNsv (Moderate) | TTN-related titinopathy with arthrogryposis and/or myopathy () | arrhythmogenic right ventricular cardiomyopathy (Disputed) | dilated cardiomyopathy 1G (Definitive)
TTR	1	2	ClinGen,PanelApp	yes	no	Intellectual disability (confidence 1) | obsolete hereditary ATTR amyloidosis (Definitive)
TUBA1A	1	4	ClinGen,PanelApp,gene2phenotype,mitotic_panel	yes	yes	Intellectual disability (confidence 3) | TUBA1A-related tubulinopathy () | tier 3 | tubulinopathy (Definitive)
TUBB	1	2	PanelApp,gene2phenotype	yes	no	Intellectual disability (confidence 3) | TUBB-related developmental disorder with cleft palate, cranial malformations and circumferential skin creases (Kunze type) ()
TUBB2A	1	3	ClinGen,PanelApp,gene2phenotype	yes	no	Intellectual disability (confidence 3) | TUBB2A-related cortical dysplasia, complex, with other brain malformations () | tubulinopathy (Definitive)
TUBB2B	1	3	ClinGen,PanelApp,gene2phenotype	yes	no	Intellectual disability (confidence 3) | TUBB2B-related polymicrogyria asymmetric () | complex cortical dysplasia with other brain malformations (Definitive)
TUBB3	1	3	ClinGen,PanelApp,gene2phenotype	yes	no	Intellectual disability (confidence 3) | TUBB3-related cortical dysplasia, complex, with other brain malformations () | TUBB3-related tubulinopathy (Definitive)
TUBB4A	1	3	ClinGen,PanelApp,gene2phenotype	yes	no	Intellectual disability (confidence 3) | TUBB4A-related hypomyelination with atrophy of the basal ganglia and cerebellum () | TUBB4A-related neurologic disorder (Definitive)
TUBG1	1	4	ClinGen,PanelApp,gene2phenotype,mitotic_panel	yes	yes	Intellectual disability (confidence 3) | Severe microcephaly (confidence 3) | TUBG1-related posteriorly predominant pachygyria and severe microcephaly () | lissencephaly spectrum disorders (Definitive) | tier 3
TUBGCP2	1	3	PanelApp,gene2phenotype,mitotic_panel	yes	yes	Intellectual disability (confidence 3) | Severe microcephaly (confidence 3) | TUBGCP2-related microcephaly and lissencephaly spectrum disorders () | tier 3
TUBGCP4	1	3	PanelApp,gene2phenotype,mitotic_panel	yes	yes	Intellectual disability (confidence 2) | Severe microcephaly (confidence 3) | TUBGCP4-related microcephaly with chorioretinopathy () | tier 3
TUBGCP6	1	4	ClinGen,PanelApp,gene2phenotype,mitotic_panel	yes	yes	Intellectual disability (confidence 3) | Severe microcephaly (confidence 3) | TUBGCP6-related microcephaly with chorioretinopathy with or without developmental delay () | microcephaly and chorioretinopathy 1 (Definitive) | tier 3
TUFM	1	3	ClinGen,PanelApp,gene2phenotype	yes	no	Intellectual disability (confidence 1) | TUFM-related combined oxidative phosphorylation deficiency () | mitochondrial disease (Moderate)
TULP3	1	2	ClinGen,PanelApp	yes	no	Cystic renal disease (confidence 3) | ciliopathy (Strong)
TUSC3	1	3	ClinGen,PanelApp,gene2phenotype	yes	no	Intellectual disability (confidence 3) | TUSC3-related intellectual developmental disorder () | intellectual disability (Definitive)
TWIST1	1	3	ClinGen,PanelApp,gene2phenotype	yes	no	Intellectual disability (confidence 3) | Saethre-Chotzen syndrome (Definitive) | Sweeney-Cox syndrome (Limited) | TWIST1-related Saethre-Chotzen syndrome () | TWIST1-related craniosynostosis (Moderate)
TXNDC15	1	2	ClinGen,PanelApp	yes	no	Cystic renal disease (confidence 3) | ciliopathy (Strong)
TXNL4A	1	3	ClinGen,PanelApp,gene2phenotype	yes	no	Intellectual disability (confidence 1) | TXNL4A-related Burn Mckeown syndrome () | choanal atresia-hearing loss-cardiac defects-craniofacial dysmorphism syndrome (Definitive)
TYR	1	3	ClinGen,PanelApp,gene2phenotype	yes	no	Intellectual disability (confidence 1) | TYR-related oculocutaneous albinism () | oculocutaneous albinism type 1 (Definitive)
U2AF2	1	2	PanelApp,gene2phenotype	yes	no	Intellectual disability (confidence 3) | U2AF2-related neurodevelopmental disorder ()
UBA2	1	2	ClinGen,gene2phenotype	yes	no	ACCES syndrome (Definitive) | UBA2-related congenital anomalies with or without aplasia cutis congenita and ectrodactyly and variable developmental delay ()
UBA5	1	3	ClinGen,PanelApp,gene2phenotype	yes	no	Intellectual disability (confidence 3) | Severe microcephaly (confidence 3) | UBA5-related severe infantile-onset encephalopathy () | genetic developmental and epileptic encephalopathy (Definitive)
UBAP2L	1	2	PanelApp,gene2phenotype	yes	no	Intellectual disability (confidence 3) | UBAP2L-related neurodevelopmental disorder ()
UBE2A	1	3	ClinGen,PanelApp,gene2phenotype	yes	no	Intellectual disability (confidence 3) | UBE2A-related syndromic intellectual developmental disorder () | syndromic X-linked intellectual disability Nascimento type (Definitive)
UBE2T	1	2	PanelApp,gene2phenotype	yes	no	Fanconi anaemia or Bloom syndrome (confidence 3) | UBE2T-related Fanconi anemia ()
UBE3A	1	3	ClinGen,PanelApp,gene2phenotype	yes	no	Angelman syndrome (Definitive) | Intellectual disability (confidence 3) | Severe microcephaly (confidence 2) | UBE3A-related Angelman syndrome ()
UBE3B	1	3	ClinGen,PanelApp,gene2phenotype	yes	no	Intellectual disability (confidence 3) | UBE3B-related blepharophimosis-intellectual developmental disorder () | oculocerebrofacial syndrome, Kaufman type (Definitive)
UBE4A	1	2	PanelApp,gene2phenotype	yes	no	Intellectual disability (confidence 3) | UBE4A-related neurodevelopmental disorder ()
UBR1	1	3	ClinGen,PanelApp,gene2phenotype	yes	no	Intellectual disability (confidence 3) | Johanson-Blizzard syndrome (Definitive) | UBR1-related Johanson-Blizzard syndrome ()
UBR5	1	2	PanelApp,gene2phenotype	yes	no	Intellectual disability (confidence 3) | UBR5-related neurodevelopmental disorder ()
UBR7	1	2	PanelApp,gene2phenotype	yes	no	Intellectual disability (confidence 3) | UBR7-related intellectual developmental disorder ()
UBTF	1	3	ClinGen,PanelApp,gene2phenotype	yes	no	Intellectual disability (confidence 3) | UBTF-related childhood-onset neurodegeneration () | childhood-onset motor and cognitive regression syndrome with extrapyramidal movement disorder (Definitive)
UFC1	1	2	PanelApp,gene2phenotype	yes	no	Intellectual disability (confidence 2) | Severe microcephaly (confidence 3) | UFC1-related severe early-onset encephalopathy with progressive microcephaly ()
UFM1	1	3	ClinGen,PanelApp,gene2phenotype	yes	no	Intellectual disability (confidence 3) | Severe microcephaly (confidence 3) | UFM1-related severe early-onset encephalopathy with progressive microcephaly () | leukodystrophy, hypomyelinating, 14 (Definitive)
UFSP2	1	2	PanelApp,gene2phenotype	yes	no	Intellectual disability (confidence 3) | UFSP2-related developmental delay and epilepsy ()
UGDH	1	2	ClinGen,PanelApp	yes	no	Intellectual disability (confidence 3) | congenital heart disease (Disputed)
UGGT1	1	2	PanelApp,gene2phenotype	yes	no	Intellectual disability (confidence 3) | Severe microcephaly (confidence 2) | UGGT1-related congenital disorder of glycosylation with neurodevelopmental impairment ()
UGP2	1	2	PanelApp,gene2phenotype	yes	no	Intellectual disability (confidence 3) | Severe microcephaly (confidence 3) | UGP2-related epileptic encephalopathy ()
UMOD	1	2	ClinGen,PanelApp	yes	no	Cystic renal disease (confidence 1) | Cystic renal disease (confidence 3) | autosomal dominant medullary cystic kidney disease with or without hyperuricemia (Definitive)
UMPS	1	2	PanelApp,gene2phenotype	yes	no	Intellectual disability (confidence 3) | UMPS-related orotic aciduria ()
UNC13A	1	3	ClinGen,PanelApp,gene2phenotype	yes	no	Intellectual disability (confidence 3) | UNC13A-related congenital epileptic encephalopathy and severe neuromuscular disorder () | UNC13A-related neurodevelopmental disorder with ataxia and tremor or dyskinetic movements () | neurodevelopmental disorder with hypotonia, epilepsy, and absent speech (Definitive) | neurodevelopmental disorder with speech delay, movement abnormalities, and seizures (De
UNC80	1	3	ClinGen,PanelApp,gene2phenotype	yes	no	Intellectual disability (confidence 3) | Severe microcephaly (confidence 3) | UNC80-related persistent hypotonia, encephalopathy, growth retardation, and severe intellectual disability () | hypotonia, infantile, with psychomotor retardation and characteristic facies 2 (Definitive)
UPF1	1	2	PanelApp,gene2phenotype	yes	no	Intellectual disability (confidence 3) | UPF1-related developmental disorder ()
UPF3B	1	3	ClinGen,PanelApp,gene2phenotype	yes	no	Intellectual disability (confidence 3) | UPF3B-related syndromic intellectual developmental disorder () | X-linked complex neurodevelopmental disorder (Definitive)
UQCRFS1	1	2	ClinGen,gene2phenotype	yes	no	UQCRFS1-related mitochondrial complex III deficiency, cardiomyopathy, and alopecia totalis () | mitochondrial disease (Moderate)
UROC1	1	3	ClinGen,PanelApp,gene2phenotype	yes	no	Intellectual disability (confidence 3) | UROC1-related urocanase deficiency () | urocanic aciduria (Limited)
UROS	1	3	ClinGen,PanelApp,gene2phenotype	yes	no	Intellectual disability (confidence 1) | UROS-related congenital erythropoietic porphyria () | cutaneous porphyria (Definitive)
USP27X	1	3	ClinGen,PanelApp,gene2phenotype	yes	no	Intellectual disability (confidence 2) | USP27X-related intellectual disability () | X-linked complex neurodevelopmental disorder (Moderate)
USP7	1	3	ClinGen,PanelApp,gene2phenotype	yes	no	Hao-Fountain syndrome (Definitive) | Intellectual disability (confidence 3) | USP7-related developmental disorder ()
USP9X	1	3	ClinGen,PanelApp,gene2phenotype	yes	no	Intellectual disability (confidence 3) | USP9X-related intellectual developmental disorder (hemizygous) () | USP9X-related intellectual developmental disorder (heterozygous) () | X-linked syndromic intellectual disability (Definitive)
VAMP2	1	2	PanelApp,gene2phenotype	yes	no	Intellectual disability (confidence 3) | VAMP2-related intellectual disability ()
VARS2	1	2	ClinGen,PanelApp	yes	no	Intellectual disability (confidence 3) | mitochondrial disease (Definitive)
VCP	1	3	ClinGen,PanelApp,gene2phenotype	yes	no	Intellectual disability (confidence 3) | VCP-related neurodevelopmental disorder () | inclusion body myopathy with Paget disease of bone and frontotemporal dementia (Definitive)
VHL	1	2	ClinGen,PanelApp	yes	no	Additional findings health related - children (confidence 3) | Childhood solid tumours (confidence 3) | Childhood solid tumours cancer susceptibility (confidence 3) | Cystic renal disease (confidence 3) | von Hippel-Lindau disease (Definitive)
VIPAS39	1	3	ClinGen,PanelApp,gene2phenotype	yes	no	Intellectual disability (confidence 2) | Nephrocalcinosis or nephrolithiasis (confidence 3) | VIPAS39-related arthrogryposis, renal dysfunction, and cholestasis () | arthrogryposis, renal dysfunction, and cholestasis 2 (Definitive)
VLDLR	1	3	ClinGen,PanelApp,gene2phenotype	yes	no	Intellectual disability (confidence 3) | VLDLR-related cerebellar ataxia, intellectual developmental disorder, and dysequilibrium syndrome () | cerebellar ataxia, intellectual disability, and dysequilibrium syndrome 1 (Definitive)
VMA22	1	2	ClinGen,PanelApp	yes	no	CCDC115-CDG (Moderate) | Intellectual disability (confidence 1)
VPS11	1	2	ClinGen,PanelApp	yes	no	Intellectual disability (confidence 3) | VPS11-related neurological disorder (Definitive)
VPS13B	1	3	ClinGen,PanelApp,gene2phenotype	yes	no	Cohen syndrome (Definitive) | Intellectual disability (confidence 3) | VPS13B-related Cohen syndrome ()
VPS33A	1	2	ClinGen,PanelApp	yes	no	Intellectual disability (confidence 3) | mucopolysaccharidosis-plus syndrome (Definitive)
VPS33B	1	3	ClinGen,PanelApp,gene2phenotype	yes	no	Intellectual disability (confidence 2) | Nephrocalcinosis or nephrolithiasis (confidence 3) | VPS33B-related arthrogryposis, renal dysfunction, and cholestasis () | arthrogryposis, renal dysfunction, and cholestasis 1 (Definitive)
VPS35	1	2	ClinGen,PanelApp	yes	no	Intellectual disability (confidence 1) | Parkinson disease (Definitive)
VPS4A	1	2	PanelApp,gene2phenotype	yes	no	Intellectual disability (confidence 3) | VPS4A-related CIMDAG Syndrome (biallelic) () | VPS4A-related CIMDAG Syndrome (monoallelic) ()
VPS53	1	2	PanelApp,gene2phenotype	yes	no	Intellectual disability (confidence 3) | VPS53-related progressive cerebello-cerebral atrophy ()
VRK1	1	2	PanelApp,gene2phenotype	yes	no	Intellectual disability (confidence 3) | Severe microcephaly (confidence 3) | VRK1-related pontocerebellar hypoplasia ()
WAC	1	3	ClinGen,PanelApp,gene2phenotype	yes	no	DeSanto-Shinawi syndrome (Definitive) | Intellectual disability (confidence 3) | WAC-related Desanto-Shinawi syndrome ()
WARS2	1	2	ClinGen,PanelApp	yes	no	Intellectual disability (confidence 3) | mitochondrial disease (Definitive)
WASF1	1	2	PanelApp,gene2phenotype	yes	no	Intellectual disability (confidence 3) | WASF1-related intellectual disability with seizures () | WASF1-related neurodevelopmental disorder ()
WASHC5	1	3	ClinGen,PanelApp,gene2phenotype	yes	no	Intellectual disability (confidence 2) | Ritscher-Schinzel syndrome 1 (Limited) | WASHC5-related intellectual disability, congenital cardiac malformation, and Dandy-Walker malformation () | hereditary spastic paraplegia 8 (Moderate)
WBP4	1	2	PanelApp,gene2phenotype	yes	no	Intellectual disability (confidence 3) | WBP4-related neurodevelopmental disorder with hypotonia, feeding difficulties, facial dysmorphism, and brain abnormalities ()
WDFY3	1	3	ClinGen,PanelApp,gene2phenotype	yes	no	Intellectual disability (confidence 3) | Severe microcephaly (confidence 1) | WDFY3-related primary microcephaly or macrocephaly with developmental delay () | syndromic intellectual disability (Definitive)
WDPCP	1	3	ClinGen,PanelApp,gene2phenotype	yes	no	Cystic renal disease (confidence 1) | Cystic renal disease (confidence 3) | Intellectual disability (confidence 3) | WDPCP-related Bardet-Biedl syndrome () | ciliopathy (Definitive)
WDR11	1	2	PanelApp,gene2phenotype	yes	no	Intellectual disability (confidence 2) | Severe microcephaly (confidence 3) | WDR11-related intellectual disability and microcephaly ()
WDR19	1	3	ClinGen,PanelApp,gene2phenotype	yes	no	Cystic renal disease (confidence 3) | Intellectual disability (confidence 1) | WDR19-related cranioectodermal dysplasia () | WDR19-related short-rib thoracic dysplasia with or without polydactyly () | ciliopathy (Definitive)
WDR26	1	3	ClinGen,PanelApp,gene2phenotype	yes	no	Intellectual disability (confidence 3) | Skraban-Deardorff syndrome (Definitive) | WDR26-related intellectual disability, seizures, abnormal gait, and distinctive facial features ()
WDR35	1	3	ClinGen,PanelApp,gene2phenotype	yes	no	Cystic renal disease (confidence 3) | Intellectual disability (confidence 1) | WDR35-related cranioectodermal dysplasia () | cranioectodermal dysplasia 2 (Definitive) | short-rib thoracic dysplasia 7 with or without polydactyly (Definitive)
WDR37	1	3	ClinGen,PanelApp,gene2phenotype	yes	no	Intellectual disability (confidence 3) | Severe microcephaly (confidence 3) | WDR37-related syndromic intellectual disability () | neurooculocardiogenitourinary syndrome (Definitive)
WDR4	1	2	PanelApp,gene2phenotype	yes	no	Intellectual disability (confidence 3) | Severe microcephaly (confidence 3) | WDR4-related Galloway-Mowat syndrome ()
WDR45	1	3	ClinGen,PanelApp,gene2phenotype	yes	no	Intellectual disability (confidence 3) | WDR45-related neurodegeneration with brain iron accumulation () | X-linked complex neurodevelopmental disorder (Definitive)
WDR45B	1	2	PanelApp,gene2phenotype	yes	no	Intellectual disability (confidence 3) | WDR45B-related intellectual developmental disorder ()
WDR5	1	3	ClinGen,PanelApp,gene2phenotype	yes	no	Intellectual disability (confidence 3) | WDR5-related neurodevelopmental disorder () | congenital heart disease (Limited)
WDR62	1	4	ClinGen,PanelApp,gene2phenotype,mitotic_panel	yes	yes	Intellectual disability (confidence 3) | Severe microcephaly (confidence 3) | WDR62-related microcephaly, cortical malformations, and intellectual developmental disorder () | microcephaly 2, primary, autosomal recessive, with or without cortical malformations (Definitive) | tier 4
WDR72	1	2	ClinGen,PanelApp	yes	no	Nephrocalcinosis or nephrolithiasis (confidence 3) | amelogenesis imperfecta (Definitive)
WDR73	1	2	PanelApp,gene2phenotype	yes	no	Intellectual disability (confidence 3) | Severe microcephaly (confidence 3) | WDR73-related Galloway-Mowat Syndrome: microcephaly and steroid-resistant nephrotic syndrome ()
WDR81	1	2	PanelApp,gene2phenotype	yes	no	Intellectual disability (confidence 3) | WDR81-related cerebellar ataxia, intellectual developmental disorder, and dysequilibrium syndrome ()
WDR83OS	1	2	PanelApp,gene2phenotype	yes	no	Intellectual disability (confidence 3) | WDR83OS-related neurodevelopmental disorder with hypercholanemia ()
WFS1	1	3	ClinGen,PanelApp,gene2phenotype	yes	no	Intellectual disability (confidence 1) | WFS1-related Wolfram syndrome (biallelic) () | WFS1-related Wolfram-like syndrome (monoallelic) () | Wolfram syndrome (Definitive) | Wolfram-like syndrome (Definitive) | nonsyndromic genetic hearing loss (Definitive)
WIPI2	1	2	PanelApp,gene2phenotype	yes	no	Intellectual disability (confidence 3) | WIPI2-related neurodevelopmental disorder with white matter loss and hypoplasia of vermis and corpus callosum ()
WNK3	1	2	PanelApp,gene2phenotype	yes	no	Intellectual disability (confidence 3) | WNK3-related neurodevelopmental disorder ()
WNT1	1	2	PanelApp,gene2phenotype	yes	no	Intellectual disability (confidence 3) | WNT1-related osteogenesis imperfecta ()
WNT5A	1	3	ClinGen,PanelApp,gene2phenotype	yes	no	Intellectual disability (confidence 1) | WNT5A-related Robinow syndrome () | autosomal dominant Robinow syndrome (Moderate)
WRAP53	1	3	ClinGen,PanelApp,gene2phenotype	yes	no	Childhood solid tumours (confidence 3) | Intellectual disability (confidence 1) | WRAP53-related dyskeratosis congenita () | dyskeratosis congenita, autosomal recessive 3 (Moderate)
WRN	1	2	ClinGen,PanelApp	yes	no	Childhood solid tumours (confidence 3) | Childhood solid tumours cancer susceptibility (confidence 3) | Intellectual disability (confidence 1) | Werner syndrome (Definitive)
WT1	1	3	ClinGen,PanelApp,gene2phenotype	yes	no	Childhood solid tumours (confidence 3) | Childhood solid tumours cancer susceptibility (confidence 3) | Denys-Drash syndrome (Definitive) | Familial rhabdomyosarcoma (confidence 1) | Intellectual disability (confidence 1) | WT1-related Denys-Drash syndrome ()
WWOX	1	3	ClinGen,PanelApp,gene2phenotype	yes	no	Intellectual disability (confidence 3) | WWOX-related epileptic encephalopathy, early infantile () | WWOX-related spinocerebellar ataxia () | genetic developmental and epileptic encephalopathy (Definitive)
XIAP	1	2	ClinGen,PanelApp	yes	no	Intellectual disability (confidence 1) | X-linked lymphoproliferative disease due to XIAP deficiency (Definitive)
XPA	1	3	ClinGen,PanelApp,gene2phenotype	yes	no	Childhood solid tumours (confidence 3) | Childhood solid tumours cancer susceptibility (confidence 3) | Intellectual disability (confidence 2) | XPA-related xeroderma pigmentosum () | xeroderma pigmentosum group A (Definitive)
XPC	1	3	ClinGen,PanelApp,gene2phenotype	yes	no	Childhood solid tumours (confidence 3) | Childhood solid tumours cancer susceptibility (confidence 3) | Intellectual disability (confidence 1) | XPC-related xeroderma pigmentosum () | xeroderma pigmentosum group C (Definitive)
XPNPEP3	1	3	ClinGen,PanelApp,gene2phenotype	yes	no	Cystic renal disease (confidence 3) | Intellectual disability (confidence 1) | XPNPEP3-related nephronophthisis-like nephropathy () | nephronophthisis-like nephropathy 1 (Definitive)
XRCC4	1	3	ClinGen,PanelApp,gene2phenotype	yes	no	Intellectual disability (confidence 3) | Severe microcephaly (confidence 3) | XRCC4-related primordial dwarfism () | hereditary nonpolyposis colon cancer (Limited)
XYLT1	1	2	PanelApp,gene2phenotype	yes	no	Intellectual disability (confidence 3) | XYLT1-related Desbuquois dysplasia ()
YARS2	1	2	ClinGen,gene2phenotype	yes	no	YARS2-related myopathy, lactic acidosis, and sideroblastic anemia () | mitochondrial disease (Definitive)
YIF1B	1	2	ClinGen,PanelApp	yes	no	Intellectual disability (confidence 3) | Kaya-Barakat-Masson syndrome (Definitive) | Severe microcephaly (confidence 2)
YWHAG	1	2	PanelApp,gene2phenotype	yes	no	Intellectual disability (confidence 3) | YWHAG-related early-onset epilepsy ()
YWHAZ	1	3	ClinGen,PanelApp,gene2phenotype	yes	no	Intellectual disability (confidence 1) | YWHAZ-related developmental delay with simplified gyral pattern () | complex neurodevelopmental disorder (Moderate)
YY1	1	3	ClinGen,PanelApp,gene2phenotype	yes	no	Intellectual disability (confidence 3) | YY1-related intellectual disability () | complex neurodevelopmental disorder (Definitive)
ZBTB11	1	3	ClinGen,PanelApp,gene2phenotype	yes	no	Intellectual disability (confidence 2) | ZBTB11-related neurodevelopmental disorder with or without cataracts and movement disorder () | syndromic complex neurodevelopmental disorder (Definitive)
ZBTB18	1	3	ClinGen,PanelApp,gene2phenotype	yes	no	Intellectual disability (confidence 3) | ZBTB18-related intellectual developmental disorder () | complex neurodevelopmental disorder (Definitive)
ZBTB20	1	3	ClinGen,PanelApp,gene2phenotype	yes	no	Intellectual disability (confidence 3) | Primrose syndrome (Definitive) | ZBTB20-related Primrose syndrome ()
ZBTB24	1	2	ClinGen,PanelApp	yes	no	Intellectual disability (confidence 3) | immunodeficiency-centromeric instability-facial anomalies syndrome 2 (Definitive)
ZBTB47	1	2	PanelApp,gene2phenotype	yes	no	Intellectual disability (confidence 3) | ZBTB47-related developmental delay, intellectual disability, hypotonia and seizures ()
ZBTB7A	1	2	PanelApp,gene2phenotype	yes	no	Beckwith-Wiedemann syndrome (BWS) and other congenital overgrowth disorders (confidence 3) | Intellectual disability (confidence 3) | ZBTB7A-related developmental disorder with macrocephaly, obstructive sleep apnea, and persistent fetal hemoglobin ()
ZC4H2	1	3	ClinGen,PanelApp,gene2phenotype	yes	no	Intellectual disability (confidence 3) | X-linked syndromic intellectual disability (Definitive) | ZC4H2-related arthrogryposis multiplex congenita and intellectual disability ()
ZCCHC8	1	3	ClinGen,PanelApp,gene2phenotype	yes	no	Intellectual disability (confidence 1) | ZCCHC8-related intellectual developmental disorder () | pulmonary fibrosis and/or bone marrow failure, telomere-related, 5 (Moderate)
ZDHHC9	1	3	ClinGen,PanelApp,gene2phenotype	yes	no	Intellectual disability (confidence 3) | ZDHHC9-related syndromic intellectual developmental disorder () | syndromic X-linked intellectual disability Raymond type (Definitive)
ZEB2	1	3	ClinGen,PanelApp,gene2phenotype	yes	no	Intellectual disability (confidence 3) | Mowat-Wilson syndrome (Definitive) | Severe microcephaly (confidence 3) | ZEB2-related Mowat-Wilson syndrome ()
ZFHX3	1	2	PanelApp,gene2phenotype	yes	no	Intellectual disability (confidence 3) | ZFHX3-related neurodevelopmental disorder ()
ZFHX4	1	3	ClinGen,PanelApp,gene2phenotype	yes	no	Intellectual disability (confidence 3) | ZFHX4-related developmental disorder () | syndromic complex neurodevelopmental disorder (Strong)
ZFX	1	3	ClinGen,PanelApp,gene2phenotype	yes	no	Intellectual disability (confidence 3) | X-linked syndromic complex neurodevelopmental disorder (Strong) | ZFX-related neurodevelopmental disorder with hypotonia, congenital anomalies and facial dysmorphism with or without hyperparathyroidism ()
ZFYVE26	1	2	PanelApp,gene2phenotype	yes	no	Intellectual disability (confidence 3) | ZFYVE26-related spastic paraplegia ()
ZIC1	1	3	ClinGen,PanelApp,gene2phenotype	yes	no	Intellectual disability (confidence 3) | ZIC1-related craniosynostosis () | craniosynostosis 6 (Definitive)
ZIC2	1	2	PanelApp,gene2phenotype	yes	no	Intellectual disability (confidence 3) | ZIC2-related holoprosencephaly ()
ZIC3	1	3	ClinGen,PanelApp,gene2phenotype	yes	no	Intellectual disability (confidence 1) | ZIC3-related VACTERL association with or without hydrocephalus () | ZIC3-related heterotaxy syndrome () | congenital heart disease with heterotaxy syndrome (Definitive)
ZMIZ1	1	3	ClinGen,PanelApp,gene2phenotype	yes	no	Intellectual disability (confidence 3) | ZMIZ1-related syndromic neurodevelopmental disorder () | complex neurodevelopmental disorder (Definitive)
ZMPSTE24	1	3	ClinGen,PanelApp,gene2phenotype	yes	no	Intellectual disability (confidence 1) | ZMPSTE24-related lethal restrictive dermopathy () | mandibuloacral dysplasia with type B lipodystrophy (Definitive) | obsolete lethal restrictive dermopathy (Definitive)
ZMYM2	1	3	ClinGen,PanelApp,gene2phenotype	yes	no	Intellectual disability (confidence 3) | ZMYM2-related developmental disorder () | syndromic complex neurodevelopmental disorder (Definitive)
ZMYM3	1	2	PanelApp,gene2phenotype	yes	no	Intellectual disability (confidence 3) | ZMYM3-related neurodevelopmental disorder ()
ZMYND10	1	2	ClinGen,gene2phenotype	yes	no	ZMYND10-related primary ciliary dyskinesia () | primary ciliary dyskinesia 22 (Definitive)
ZMYND11	1	3	ClinGen,PanelApp,gene2phenotype	yes	no	Intellectual disability (confidence 3) | ZMYND11-related intellectual disability () | syndromic complex neurodevelopmental disorder (Definitive)
ZMYND8	1	3	ClinGen,PanelApp,gene2phenotype	yes	no	Intellectual disability (confidence 3) | ZMYND8-related neurodevelopmental disorder () | syndromic complex neurodevelopmental disorder (Definitive)
ZNF142	1	2	PanelApp,gene2phenotype	yes	no	Intellectual disability (confidence 3) | ZNF142-related neurodevelopmental disorder ()
ZNF292	1	3	ClinGen,PanelApp,gene2phenotype	yes	no	Intellectual disability (confidence 3) | ZNF292-related developmental disorder () | complex neurodevelopmental disorder (Definitive)
ZNF335	1	2	PanelApp,gene2phenotype	yes	no	Intellectual disability (confidence 3) | Severe microcephaly (confidence 3) | ZNF335-related microcephaly, epilepsy, cerebral and/or cerebellar atrophy and short stature ()
ZNF423	1	2	ClinGen,PanelApp	yes	no	Cystic renal disease (confidence 2) | ciliopathy (Moderate)
ZNF462	1	3	ClinGen,PanelApp,gene2phenotype	yes	no	Intellectual disability (confidence 3) | Weiss-Kruszka syndrome (Definitive) | ZNF462-related craniofacial anomalies, corpus callosum dysgenesis, ptosis, and developmental delay ()
ZNF526	1	2	PanelApp,gene2phenotype	yes	no	Intellectual disability (confidence 3) | Severe microcephaly (confidence 3) | ZNF526-related intellectual developmental disorder ()
ZNF699	1	2	PanelApp,gene2phenotype	yes	no	Intellectual disability (confidence 3) | ZNF699-related developmental delay with gastrointestinal, cardiovascular, genitourinary, and skeletal abnormalities (DEGCAGS syndrome) ()
ZNF711	1	3	ClinGen,PanelApp,gene2phenotype	yes	no	Intellectual disability (confidence 3) | X-linked complex neurodevelopmental disorder (Definitive) | ZNF711-related intellectual developmental disorder ()
ZSWIM6	1	3	ClinGen,PanelApp,gene2phenotype	yes	no	Intellectual disability (confidence 3) | ZSWIM6-related acromelic frontonasal dysostosis () | acromelic frontonasal dysostosis (Definitive)
A4GALT	2	1	ClinGen	yes	no	A4GALT-congenital disorder of glycosylation (Definitive)
AARS2	2	1	ClinGen	yes	no	mitochondrial disease (Definitive)
ABCA3	2	1	ClinGen	yes	no	interstitial lung disease due to ABCA3 deficiency (Definitive)
ABCA4	2	1	ClinGen	yes	no	ABCA4-related retinopathy (Definitive) | age related macular degeneration 2 (Disputed)
ABCB4	2	1	ClinGen	yes	no	progressive familial intrahepatic cholestasis type 3 (Definitive)
ABCC4	2	1	ClinGen	yes	no	qualitative platelet defect (Moderate)
ABCG8	2	1	ClinGen	yes	no	sitosterolemia (Definitive)
ACACA	2	1	PanelApp	yes	no	Intellectual disability (confidence 3)
ACAD8	2	1	ClinGen	yes	no	isobutyryl-CoA dehydrogenase deficiency (Definitive)
ACE	2	1	ClinGen	yes	no	renal tubular dysgenesis - ACE (Definitive)
ACTN1	2	1	ClinGen	yes	no	platelet-type bleeding disorder 15 (Definitive)
ACTN2	2	1	ClinGen	yes	no	ACTN2-related cardiac and skeletal myopathy (Definitive)
ACVRL1	2	1	ClinGen	yes	no	telangiectasia, hereditary hemorrhagic, type 2 (Definitive)
ADA2	2	1	ClinGen	yes	no	obsolete deficiency of adenosine deaminase 2 (Definitive)
ADAM17	2	1	ClinGen	yes	no	congenital heart disease (Limited) | inflammatory skin and bowel disease, neonatal, 1 (Definitive)
ADAM9	2	1	ClinGen	yes	no	ADAM9-related retinopathy (Definitive)
ADAMTS13	2	1	ClinGen	yes	no	congenital thrombotic thrombocytopenic purpura (Definitive)
ADD1	2	1	PanelApp	yes	no	Intellectual disability (confidence 3)
AFG2B	2	1	PanelApp	yes	no	Intellectual disability (confidence 3) | Severe microcephaly (confidence 3)
AGBL5	2	1	ClinGen	yes	no	inherited retinal dystrophy (Definitive)
AGRN	2	1	ClinGen	yes	no	congenital myasthenic syndrome 8 (Definitive)
AICDA	2	1	ClinGen	yes	no	hyper-IgM syndrome type 2 (Definitive)
ALAS2	2	1	ClinGen	yes	no	X-linked erythropoietic protoporphyria (Definitive)
ALB	2	1	ClinGen	yes	no	congenital analbuminemia (Definitive) | hyperthyroxinemia, familial dysalbuminemic (Moderate)
ALPK1	2	1	ClinGen	yes	no	retinal dystrophy, optic nerve edema, splenomegaly, anhidrosis, and migraine headache syndrome (Definitive)
ALPK3	2	1	ClinGen	yes	no	hypertrophic cardiomyopathy (Definitive) | hypertrophic cardiomyopathy (Strong)
AMACR	2	1	ClinGen	yes	no	alpha-methylacyl-CoA racemase deficiency (Definitive)
ANAPC11	2	1	mitotic_panel	yes	yes	tier 2
ANAPC15	2	1	mitotic_panel	yes	yes	tier 2
ANAPC16	2	1	mitotic_panel	yes	yes	tier 2
ANAPC2	2	1	mitotic_panel	yes	yes	tier 2
ANAPC4	2	1	mitotic_panel	yes	yes	tier 2
ANAPC5	2	1	mitotic_panel	yes	yes	tier 2
ANAPC7	2	1	mitotic_panel	yes	yes	tier 2
ANGPTL3	2	1	ClinGen	yes	no	familial hypobetalipoproteinemia 2 (Definitive)
ANK1	2	1	ClinGen	yes	no	hereditary spherocytosis (Definitive) | hereditary spherocytosis (Limited)
ANKLE2	2	1	PanelApp	yes	no	Severe microcephaly (confidence 3)
ANO4	2	1	PanelApp	yes	no	Intellectual disability (confidence 3)
ANO6	2	1	ClinGen	yes	no	Scott syndrome (Moderate)
ANOS1	2	1	ClinGen	yes	no	hypogonadotropic hypogonadism 1 with or without anosmia (Definitive)
ANTXR2	2	1	ClinGen	yes	no	hyaline fibromatosis syndrome (Definitive)
ANXA11	2	1	ClinGen	yes	no	amyotrophic lateral sclerosis type 23 (Definitive)
AP3D1	2	1	ClinGen	yes	no	Hermansky-Pudlak syndrome 10 (Moderate)
APOL1	2	1	ClinGen	yes	no	focal segmental glomerulosclerosis 4, susceptibility to (Definitive)
APP	2	1	ClinGen	yes	no	cerebral amyloid angiopathy, APP-related (Definitive)
APRT	2	1	PanelApp	yes	no	Nephrocalcinosis or nephrolithiasis (confidence 3)
ARHGAP29	2	1	ClinGen	yes	no	ARHGAP29-related non-syndromic orofacial cleft (Definitive)
ARHGDIA	2	1	ClinGen	yes	no	nephrotic syndrome, type 8 (Moderate)
ARHGEF18	2	1	ClinGen	yes	no	inherited retinal dystrophy (Moderate)
ARL2BP	2	1	ClinGen	yes	no	ciliopathy (Definitive)
ARL6IP1	2	1	ClinGen	yes	no	hereditary spastic paraplegia (Definitive)
ARMC2	2	1	ClinGen	yes	no	spermatogenic failure 38 (Definitive)
ARPC1B	2	1	ClinGen	yes	no	platelet abnormalities with eosinophilia and immune-mediated inflammatory disease (Definitive)
ARV1	2	1	PanelApp	yes	no	Intellectual disability (confidence 3)
ATAD1	2	1	PanelApp	yes	no	Intellectual disability (confidence 3)
ATF6	2	1	ClinGen	yes	no	ATF6-related retinopathy (Definitive)
ATL3	2	1	ClinGen	yes	no	neuropathy, hereditary sensory, type 1F (Moderate)
ATP13A3	2	1	ClinGen	yes	no	pulmonary arterial hypertension (Definitive)
ATP5MK	2	1	ClinGen	yes	no	Leigh syndrome (Moderate) | mitochondrial disease (Moderate)
ATP5PO	2	1	ClinGen	yes	no	mitochondrial disease (Strong)
ATP6V0A4	2	1	PanelApp	yes	no	Nephrocalcinosis or nephrolithiasis (confidence 3)
AURKB	2	1	mitotic_panel	yes	yes	tier 2
B4GAT1	2	1	ClinGen	yes	no	muscular dystrophy-dystroglycanopathy (congenital with brain and eye anomalies), type A13 (Moderate)
BAAT	2	1	ClinGen	yes	no	bile acid CoA:amino acid N-acyltransferase deficiency (Moderate)
BACH2	2	1	ClinGen	yes	no	immunodeficiency 60 (Moderate)
BAG3	2	1	ClinGen	yes	no	dilated cardiomyopathy 1HH (Definitive) | myofibrillar myopathy (Definitive)
BAG5	2	1	ClinGen	yes	no	cardiomyopathy, dilated, 2F (Moderate)
BARD1	2	1	ClinGen	yes	no	BARD1-related cancer predisposition (Definitive) | familial ovarian cancer (Disputed)
BCAT2	2	1	ClinGen	yes	no	hypervalinemia and hyperleucine-isoleucinemia (Definitive)
BCL10	2	1	ClinGen	yes	no	immunodeficiency 37 (Definitive)
BEST1	2	1	ClinGen	yes	no	BEST1-related dominant retinopathy (Definitive)
BICC1	2	1	ClinGen	yes	no	renal dysplasia, cystic, susceptibility to (Moderate)
BIRC5	2	1	mitotic_panel	yes	yes	tier 2
BLNK	2	1	ClinGen	yes	no	agammaglobulinemia 4, autosomal recessive (Definitive)
BLOC1S3	2	1	ClinGen	yes	no	Hermansky-Pudlak syndrome 8 (Moderate)
BLOC1S5	2	1	ClinGen	yes	no	Hermansky-Pudlak syndrome 11 (Definitive)
BLVRA	2	1	ClinGen	yes	no	hyperbiliverdinemia (Moderate)
BMPR2	2	1	ClinGen	yes	no	congenital heart disease (Limited) | pulmonary arterial hypertension (Definitive)
BUB3	2	1	mitotic_panel	yes	yes	tier 1
C1QB	2	1	ClinGen	yes	no	C1Q deficiency (Definitive)
C1QTNF5	2	1	ClinGen	yes	no	inherited retinal dystrophy (Definitive)
C2orf69	2	1	PanelApp	yes	no	Intellectual disability (confidence 3)
C3	2	1	ClinGen	yes	no	C3 glomerulonephritis (Moderate) | atypical hemolytic-uremic syndrome with C3 anomaly (Definitive)
CABP2	2	1	ClinGen	yes	no	nonsyndromic genetic hearing loss (Definitive)
CACNA1I	2	1	PanelApp	yes	no	Intellectual disability (confidence 3)
CACNA2D4	2	1	ClinGen	yes	no	CACNA2D4-related retinopathy (Definitive)
CADM3	2	1	ClinGen	yes	no	Charcot-Marie-Tooth disease, axonal, type 2FF (Moderate)
CALM1	2	1	ClinGen	yes	no	catecholaminergic polymorphic ventricular tachycardia (Moderate) | long QT syndrome (Definitive)
CALM2	2	1	ClinGen	yes	no	catecholaminergic polymorphic ventricular tachycardia (Moderate) | long QT syndrome (Definitive)
CALM3	2	1	ClinGen	yes	no	catecholaminergic polymorphic ventricular tachycardia (Moderate) | long QT syndrome (Definitive)
CAMK4	2	1	PanelApp	yes	no	Intellectual disability (confidence 3)
CAPN3	2	1	ClinGen	yes	no	autosomal recessive limb-girdle muscular dystrophy (Definitive) | muscular dystrophy, limb-girdle, autosomal dominant (Definitive)
CAPN5	2	1	ClinGen	yes	no	CAPN5-related vitreoretinopathy (Definitive)
CARD11	2	1	ClinGen	yes	no	BENTA disease (Definitive) | immunodeficiency 11b with atopic dermatitis (Definitive) | severe combined immunodeficiency due to CARD11 deficiency (Definitive)
CARMIL2	2	1	ClinGen	yes	no	severe combined immunodeficiency due to CARMIL2 deficiency (Definitive)
CARS1	2	1	PanelApp	yes	no	Intellectual disability (confidence 3)
CASP8	2	1	ClinGen	yes	no	autoimmune lymphoproliferative syndrome type 2B (Definitive)
CASQ2	2	1	ClinGen	yes	no	catecholaminergic polymorphic ventricular tachycardia (Definitive) | catecholaminergic polymorphic ventricular tachycardia (Moderate) | hypertrophic cardiomyopathy (Disputed)
CAT	2	1	ClinGen	yes	no	acatalasia (Moderate)
CAV3	2	1	ClinGen	yes	no	caveolinopathy (Definitive) | long QT syndrome (Limited)
CAVIN1	2	1	ClinGen	yes	no	lipodystrophy (Definitive)
CCDC82	2	1	PanelApp	yes	no	Intellectual disability (confidence 3)
CCM2	2	1	ClinGen	yes	no	cerebral cavernous malformation 2 (Definitive)
CCN6	2	1	ClinGen	yes	no	progressive pseudorheumatoid arthropathy of childhood (Definitive)
CCNB1	2	1	mitotic_panel	yes	yes	tier 2
CD164	2	1	ClinGen	yes	no	autosomal dominant nonsyndromic hearing loss (Moderate)
CD19	2	1	ClinGen	yes	no	immunodeficiency, common variable, 3 (Definitive)
CD247	2	1	ClinGen	yes	no	immunodeficiency 25 (Definitive)
CD27	2	1	ClinGen	yes	no	lymphoproliferative syndrome 2 (Definitive)
CD28	2	1	ClinGen	yes	no	immunodeficiency 123 with HPV-related verrucosis (Moderate)
CD2AP	2	1	ClinGen	yes	no	focal segmental glomerulosclerosis 3, susceptibility to (Definitive) | inherited focal segmental glomerulosclerosis (Moderate)
CD320	2	1	ClinGen	yes	no	methylmalonic acidemia due to transcobalamin receptor defect (Definitive)
CD3D	2	1	ClinGen	yes	no	immunodeficiency 19 (Definitive)
CD3E	2	1	ClinGen	yes	no	immunodeficiency 18 (Definitive)
CD3G	2	1	ClinGen	yes	no	combined immunodeficiency due to CD3gamma deficiency (Definitive)
CD40	2	1	ClinGen	yes	no	hyper-IgM syndrome type 3 (Definitive)
CD40LG	2	1	ClinGen	yes	no	hyper-IgM syndrome type 1 (Definitive)
CD46	2	1	ClinGen	yes	no	atypical hemolytic-uremic syndrome (Definitive)
CD70	2	1	ClinGen	yes	no	severe combined immunodeficiency due to CD70 deficiency (Definitive)
CD79A	2	1	ClinGen	yes	no	agammaglobulinemia 3, autosomal recessive (Definitive)
CD79B	2	1	ClinGen	yes	no	agammaglobulinemia 6, autosomal recessive (Definitive)
CDAN1	2	1	ClinGen	yes	no	anemia, congenital dyserythropoietic, type 1a (Definitive)
CDC14A	2	1	ClinGen	yes	no	hearing impairment and infertile male syndrome (Strong) | nonsyndromic genetic hearing loss (Definitive)
CDC16	2	1	mitotic_panel	yes	yes	tier 2
CDC20	2	1	mitotic_panel	yes	yes	tier 2
CDC23	2	1	mitotic_panel	yes	yes	tier 2
CDC27	2	1	mitotic_panel	yes	yes	tier 2
CDCA5	2	1	mitotic_panel	yes	yes	tier 2
CDCA7	2	1	ClinGen	yes	no	immunodeficiency-centromeric instability-facial anomalies syndrome 3 (Moderate)
CDCA8	2	1	mitotic_panel	yes	yes	tier 2
CDHR1	2	1	ClinGen	yes	no	retinitis pigmentosa 65 (Definitive)
CDK1	2	1	mitotic_panel	yes	yes	tier 2
CDK4	2	1	ClinGen	yes	no	melanoma, cutaneous malignant, susceptibility to, 3 (Definitive)
CDK5	2	1	ClinGen	yes	no	lissencephaly with cerebellar hypoplasia (Moderate)
CDK9	2	1	PanelApp	yes	no	Intellectual disability (confidence 3)
CDKN1B	2	1	ClinGen	yes	no	hereditary nonpolyposis colon cancer (Limited) | multiple endocrine neoplasia type 4 (Definitive)
CEACAM16	2	1	ClinGen	yes	no	nonsyndromic genetic hearing loss (Moderate) | nonsyndromic genetic hearing loss (Strong)
CEBPA	2	1	ClinGen	yes	no	acute myeloid leukemia (Definitive)
CEL	2	1	ClinGen	yes	no	maturity-onset diabetes of the young type 8 (Moderate)
CENATAC	2	1	mitotic_panel	yes	yes	tier 1
CENPA	2	1	mitotic_panel	yes	yes	tier 2
CENPC	2	1	mitotic_panel	yes	yes	tier 2
CENPI	2	1	mitotic_panel	yes	yes	tier 2
CENPS	2	1	mitotic_panel	yes	yes	tier 2
CEP192	2	1	mitotic_panel	yes	yes	tier 1
CEP57L1	2	1	mitotic_panel	yes	yes	tier 1
CEP78	2	1	ClinGen	yes	no	cone-rod dystrophy and hearing loss (Strong)
CERKL	2	1	ClinGen	yes	no	CERKL-related retinopathy (Definitive)
CERS1	2	1	ClinGen	yes	no	progressive myoclonus epilepsy (Moderate)
CERT1	2	1	PanelApp	yes	no	Intellectual disability (confidence 3)
CFAP221	2	1	ClinGen	yes	no	primary ciliary dyskinesia (Definitive)
CFAP43	2	1	ClinGen	yes	no	normal pressure hydrocephalus (Disputed) | primary ciliary dyskinesia (Limited) | spermatogenic failure 19 (Definitive)
CFAP54	2	1	ClinGen	yes	no	ciliary dyskinesia, primary, 54 (Strong)
CFAP74	2	1	ClinGen	yes	no	ciliary dyskinesia, primary, 49, without situs inversus (Moderate)
CFB	2	1	ClinGen	yes	no	C3 glomerulonephritis (Limited) | atypical hemolytic-uremic syndrome with B factor anomaly (Moderate)
CFH	2	1	ClinGen	yes	no	C3 glomerulonephritis (Definitive) | atypical hemolytic-uremic syndrome (Definitive)
CFI	2	1	ClinGen	yes	no	C3 glomerulonephritis (Moderate) | atypical hemolytic-uremic syndrome (Definitive)
CFTR	2	1	ClinGen	yes	no	cystic fibrosis (Definitive)
CHASERR	2	1	PanelApp	yes	no	Intellectual disability (confidence 3)
CHAT	2	1	ClinGen	yes	no	congenital myasthenic syndrome 6 (Definitive)
CHCHD10	2	1	ClinGen	yes	no	frontotemporal dementia and/or amyotrophic lateral sclerosis 2 (Moderate) | mitochondrial disease (Definitive)
CHKB	2	1	PanelApp	yes	no	Intellectual disability (confidence 3)
CHN1	2	1	ClinGen	yes	no	Duane retraction syndrome 2 (Moderate)
CHST6	2	1	ClinGen	yes	no	macular corneal dystrophy (Definitive)
CIDEC	2	1	ClinGen	yes	no	CIDEC-related familial partial lipodystrophy (Moderate)
CIITA	2	1	ClinGen	yes	no	MHC class II deficiency (Definitive)
CILK1	2	1	PanelApp	yes	no	Cystic renal disease (confidence 3)
CITED2	2	1	ClinGen	yes	no	congenital heart disease (Moderate)
CKAP5	2	1	mitotic_panel	yes	yes	tier 2
CLDN14	2	1	ClinGen	yes	no	nonsyndromic genetic hearing loss (Definitive)
CLDN9	2	1	ClinGen	yes	no	hearing loss, autosomal recessive 116 (Moderate)
CLEC16A	2	1	PanelApp	yes	no	Intellectual disability (confidence 3)
CLIP1	2	1	mitotic_panel	yes	yes	tier 2
CLRN1	2	1	ClinGen	yes	no	Usher syndrome type 3 (Definitive)
CLRN2	2	1	ClinGen	yes	no	nonsyndromic genetic hearing loss (Moderate)
CLXN	2	1	ClinGen	yes	no	ciliary dyskinesia, primary, 53 (Strong)
CNGA1	2	1	ClinGen	yes	no	CNGA1-related retinopathy (Definitive)
CNGA3	2	1	ClinGen	yes	no	CNGA3-related retinopathy (Definitive)
CNGB1	2	1	ClinGen	yes	no	CNGB1-related retinopathy (Definitive)
CNGB3	2	1	ClinGen	yes	no	CNGB3-related retinopathy (Definitive)
CNNM4	2	1	ClinGen	yes	no	Jalili syndrome (Definitive)
CNTN2	2	1	ClinGen	yes	no	complex neurodevelopmental disorder (Definitive)
COA6	2	1	ClinGen	yes	no	mitochondrial disease (Definitive)
COA7	2	1	ClinGen	yes	no	mitochondrial disease (Definitive)
COCH	2	1	ClinGen	yes	no	nonsyndromic genetic hearing loss (Definitive)
COL3A1	2	1	ClinGen	yes	no	Ehlers-Danlos syndrome, vascular type (Definitive)
COL5A1	2	1	ClinGen	yes	no	Ehlers-Danlos syndrome, classic type (Definitive)
COL5A2	2	1	ClinGen	yes	no	Ehlers-Danlos syndrome, classic type (Definitive)
COL7A1	2	1	ClinGen	yes	no	recessive dystrophic epidermolysis bullosa (Definitive)
COLGALT1	2	1	ClinGen	yes	no	brain small vessel disease 3 (Moderate)
COQ6	2	1	ClinGen	yes	no	primary coenzyme Q10 deficiency 8 (Definitive)
COQ7	2	1	ClinGen	yes	no	distal hereditary motor neuropathy (Strong)
COQ8B	2	1	ClinGen	yes	no	mitochondrial disease (Definitive)
CORO1A	2	1	ClinGen	yes	no	severe combined immunodeficiency due to CORO1A deficiency (Definitive)
COX20	2	1	ClinGen	yes	no	mitochondrial disease (Definitive)
COX5A	2	1	ClinGen	yes	no	mitochondrial disease (Moderate)
COX6A1	2	1	ClinGen	yes	no	mitochondrial disease (Strong)
COX6A2	2	1	ClinGen	yes	no	mitochondrial disease (Moderate)
COXFA4	2	1	ClinGen	yes	no	mitochondrial disease (Definitive)
CPE	2	1	PanelApp	yes	no	Intellectual disability (confidence 3)
CPLX1	2	1	PanelApp	yes	no	Intellectual disability (confidence 3)
CPOX	2	1	ClinGen	yes	no	CPOX-related hereditary coproporphyria (Definitive)
CPT1A	2	1	ClinGen	yes	no	carnitine palmitoyl transferase 1A deficiency (Definitive)
CPT2	2	1	ClinGen	yes	no	carnitine palmitoyltransferase II deficiency (Definitive)
CR2	2	1	ClinGen	yes	no	immunodeficiency, common variable, 7 (Definitive)
CRNKL1	2	1	PanelApp	yes	no	Intellectual disability (confidence 3) | Severe microcephaly (confidence 3)
CSF2RB	2	1	ClinGen	yes	no	surfactant metabolism dysfunction, pulmonary, 5 (Definitive)
CSGALNACT1	2	1	ClinGen	yes	no	skeletal dysplasia, mild, with joint laxity and advanced bone age (Moderate)
CSRP3	2	1	ClinGen	yes	no	dilated cardiomyopathy 1M (Limited) | hypertrophic cardiomyopathy (Definitive)
CTH	2	1	ClinGen	yes	no	cystathioninuria (Definitive)
CTLA4	2	1	ClinGen	yes	no	autoimmune lymphoproliferative syndrome due to CTLA4 haploinsufficiency (Definitive)
CTNNA1	2	1	ClinGen	yes	no	CTNNA1-related diffuse gastric and lobular breast cancer syndrome (Definitive) | hereditary nonpolyposis colon cancer (No Known Disease Relationship)
CTPS1	2	1	ClinGen	yes	no	severe combined immunodeficiency due to CTPS1 deficiency (Definitive)
CXCR4	2	1	ClinGen	yes	no	WHIM syndrome (Definitive)
CYB5A	2	1	ClinGen	yes	no	methemoglobinemia type 4 (Definitive)
CYLD	2	1	ClinGen	yes	no	Brooke-Spiegler syndrome (Definitive) | frontotemporal dementia and/or amyotrophic lateral sclerosis 8 (Limited)
CYP11B2	2	1	ClinGen	yes	no	familial hyperreninemic hypoaldosteronism type 2 (Definitive)
CYP26B1	2	1	ClinGen	yes	no	lethal occipital encephalocele-skeletal dysplasia syndrome (Moderate)
CYP27B1	2	1	ClinGen	yes	no	vitamin D-dependent rickets, type 1A (Definitive)
CYP4V2	2	1	ClinGen	yes	no	Bietti crystalline corneoretinal dystrophy (Definitive)
DAGLA	2	1	PanelApp	yes	no	Intellectual disability (confidence 3)
DARS1	2	1	PanelApp	yes	no	Intellectual disability (confidence 3)
DCLRE1C	2	1	ClinGen	yes	no	severe combined immunodeficiency due to DCLRE1C deficiency (Definitive)
DCPS	2	1	PanelApp	yes	no	Intellectual disability (confidence 3)
DDX39B	2	1	PanelApp	yes	no	Intellectual disability (confidence 3)
DDX41	2	1	ClinGen	yes	no	DDX41-related hematologic malignancy predisposition syndrome (Definitive)
DEF6	2	1	ClinGen	yes	no	immunodeficiency 87 and autoimmunity (Moderate)
DES	2	1	ClinGen	yes	no	arrhythmogenic right ventricular cardiomyopathy (Moderate) | dilated cardiomyopathy 1I (Definitive)
DGKE	2	1	ClinGen	yes	no	atypical hemolytic-uremic syndrome with DGKE deficiency (Definitive) | membranoproliferative glomerulonephritis (Definitive)
DGUOK	2	1	ClinGen	yes	no	mitochondrial disease (Definitive)
DHRSX	2	1	PanelApp	yes	no	Intellectual disability (confidence 3)
DMRT1	2	1	ClinGen	yes	no	46 XY differences of sex development (Definitive) | spermatogenic failure (Definitive)
DNAAF1	2	1	ClinGen	yes	no	primary ciliary dyskinesia 13 (Definitive)
DNAAF2	2	1	ClinGen	yes	no	primary ciliary dyskinesia 10 (Definitive)
DNAH1	2	1	ClinGen	yes	no	primary ciliary dyskinesia (Limited) | spermatogenic failure 18 (Definitive)
DNAH10	2	1	ClinGen	yes	no	primary ciliary dyskinesia (Limited) | spermatogenic failure 56 (Moderate)
DNAH11	2	1	ClinGen	yes	no	primary ciliary dyskinesia 7 (Definitive)
DNAH12	2	1	ClinGen	yes	no	spermatogenic failure (Definitive)
DNAH17	2	1	ClinGen	yes	no	spermatogenic failure 39 (Definitive)
DNAH6	2	1	ClinGen	yes	no	primary ciliary dyskinesia (Disputed) | spermatogenic failure (Strong)
DNAH8	2	1	ClinGen	yes	no	primary ciliary dyskinesia (Disputed) | spermatogenic failure 46 (Strong)
DNAI1	2	1	ClinGen	yes	no	primary ciliary dyskinesia 1 (Definitive)
DNAI2	2	1	ClinGen	yes	no	primary ciliary dyskinesia 9 (Definitive)
DNAJB2	2	1	ClinGen	yes	no	neuronopathy, distal hereditary motor, autosomal recessive 5 (Definitive)
DNAJB6	2	1	ClinGen	yes	no	muscular dystrophy, limb-girdle, autosomal dominant (Definitive)
DNAJC21	2	1	ClinGen	yes	no	bone marrow failure syndrome 3 (Definitive)
DNAJC30	2	1	ClinGen	yes	no	Leber-like hereditary optic neuropathy, autosomal recessive 1 (Definitive)
DNAJC5	2	1	ClinGen	yes	no	adult neuronal ceroid lipofuscinosis (Moderate)
DNAL1	2	1	ClinGen	yes	no	primary ciliary dyskinesia 16 (Definitive)
DNASE1L3	2	1	ClinGen	yes	no	autosomal systemic lupus erythematosus type 16 (Definitive)
DOK7	2	1	ClinGen	yes	no	congenital myasthenic syndrome 10 (Definitive)
DONSON	2	1	PanelApp	yes	no	Intellectual disability (confidence 2) | Severe microcephaly (confidence 3)
DPY19L2	2	1	ClinGen	yes	no	male infertility due to globozoospermia (Definitive)
DPYD	2	1	PanelApp	yes	no	Intellectual disability (confidence 3)
DPYS	2	1	PanelApp	yes	no	Intellectual disability (confidence 3)
DROSHA	2	1	PanelApp	yes	no	Intellectual disability (confidence 2) | Severe microcephaly (confidence 3)
DSC2	2	1	ClinGen	yes	no	familial isolated arrhythmogenic right ventricular dysplasia (Definitive)
DSG2	2	1	ClinGen	yes	no	arrhythmogenic right ventricular cardiomyopathy (Definitive) | dilated cardiomyopathy 1BB (Limited)
DSN1	2	1	mitotic_panel	yes	yes	tier 2
DTNBP1	2	1	ClinGen	yes	no	Hermansky-Pudlak syndrome 7 (Definitive)
DTYMK	2	1	PanelApp	yes	no	Intellectual disability (confidence 3)
DYSF	2	1	ClinGen	yes	no	autosomal recessive limb-girdle muscular dystrophy (Definitive)
EDN3	2	1	ClinGen	yes	no	Waardenburg syndrome type 4B (Limited) | Waardenburg syndrome type 4B (Moderate)
EEF1D	2	1	PanelApp	yes	no	Intellectual disability (confidence 3) | Severe microcephaly (confidence 3)
EEFSEC	2	1	PanelApp	yes	no	Intellectual disability (confidence 3)
EFEMP1	2	1	ClinGen	yes	no	Doyne honeycomb retinal dystrophy (Definitive) | open-angle glaucoma (Moderate)
EGFR	2	1	ClinGen	yes	no	non-small cell lung carcinoma (Definitive)
EGLN1	2	1	ClinGen	yes	no	EGLN1-related erythrocytosis and pheochromocytoma/paraganglioma predisposition (Definitive)
EIF2AK4	2	1	ClinGen	yes	no	pulmonary veno-occlusive disease and/or pulmonary capillary haemangiomatosis (Definitive)
EIF2B1	2	1	ClinGen	yes	no	leukoencephalopathy with vanishing white matter 1 (Definitive)
EIF2B2	2	1	ClinGen	yes	no	leukoencephalopathy with vanishing white matter 2 (Definitive)
EIF2B3	2	1	ClinGen	yes	no	leukoencephalopathy with vanishing white matter 3 (Definitive)
ELANE	2	1	ClinGen	yes	no	neutropenia (Definitive)
ELF4	2	1	ClinGen	yes	no	autoinflammatory syndrome, familial, X-linked, Behcet-like 2 (Definitive)
ELP4	2	1	ClinGen	yes	no	ocular dysgenesis caused by defects in PAX6 regulation (Moderate)
EMILIN1	2	1	ClinGen	yes	no	arterial tortuosity-bone fragility syndrome (Definitive)
ENG	2	1	ClinGen	yes	no	juvenile polyposis syndrome (Limited) | telangiectasia, hereditary hemorrhagic, type 1 (Definitive)
EPS8	2	1	ClinGen	yes	no	autosomal recessive nonsyndromic hearing loss 102 (Moderate)
EPS8L2	2	1	ClinGen	yes	no	nonsyndromic genetic hearing loss (Moderate)
ERLIN1	2	1	ClinGen	yes	no	hereditary spastic paraplegia 62 (Definitive)
ESPL1	2	1	mitotic_panel	yes	yes	tier 2
ESPN	2	1	ClinGen	yes	no	nonsyndromic genetic hearing loss (Definitive) | nonsyndromic genetic hearing loss (Limited)
ESRRB	2	1	ClinGen	yes	no	nonsyndromic genetic hearing loss (Definitive)
ETS1	2	1	ClinGen	yes	no	congenital heart disease (Moderate)
ETV6	2	1	ClinGen	yes	no	thrombocytopenia 5 (Definitive)
EXOC6B	2	1	ClinGen	yes	no	spondyloepimetaphyseal dysplasia with joint laxity, type 3 (Definitive)
EYA4	2	1	ClinGen	yes	no	dilated cardiomyopathy 1J (Limited) | nonsyndromic genetic hearing loss (Definitive)
EYS	2	1	ClinGen	yes	no	EYS-related retinopathy (Definitive)
F10	2	1	ClinGen	yes	no	congenital factor X deficiency (Definitive)
F11	2	1	ClinGen	yes	no	congenital factor XI deficiency (Definitive)
F12	2	1	ClinGen	yes	no	congenital factor XII deficiency (Definitive) | hereditary angioedema type 3 (Definitive)
F13A1	2	1	ClinGen	yes	no	factor XIII, A subunit, deficiency of (Definitive)
F13B	2	1	ClinGen	yes	no	factor XIII, b subunit, deficiency of (Definitive)
F2	2	1	ClinGen	yes	no	congenital prothrombin deficiency (Definitive) | thrombophilia due to thrombin defect (Definitive)
F7	2	1	ClinGen	yes	no	factor VII deficiency (Definitive)
F8	2	1	ClinGen	yes	no	hemophilia A (Definitive)
F9	2	1	ClinGen	yes	no	hemophilia B (Definitive) | thrombophilia, X-linked, due to factor 9 defect (Limited)
FADD	2	1	ClinGen	yes	no	FADD-related immunodeficiency (Moderate)
FAM50A	2	1	PanelApp	yes	no	Intellectual disability (confidence 3)
FAN1	2	1	ClinGen	yes	no	hereditary nonpolyposis colon cancer (Limited) | karyomegalic interstitial nephritis (Definitive)
FARSA	2	1	PanelApp	yes	no	Intellectual disability (confidence 3)
FAS	2	1	ClinGen	yes	no	FAS-related autoimmune lymphoproliferative immune disorder (Definitive)
FASLG	2	1	ClinGen	yes	no	autoimmune lymphoproliferative syndrome type 1 (Definitive)
FASTKD2	2	1	ClinGen	yes	no	mitochondrial disease (Definitive)
FAT1	2	1	ClinGen	yes	no	focal segmental glomerulosclerosis (Strong)
FBRSL1	2	1	PanelApp	yes	no	Intellectual disability (confidence 3) | Severe microcephaly (confidence 3)
FBXL3	2	1	PanelApp	yes	no	Intellectual disability (confidence 3)
FBXO22	2	1	PanelApp	yes	no	Intellectual disability (confidence 3)
FBXO31	2	1	PanelApp	yes	no	Intellectual disability (confidence 3)
FBXO38	2	1	ClinGen	yes	no	distal hereditary motor neuropathy (Moderate)
FCHO1	2	1	ClinGen	yes	no	immunodeficiency 76 (Definitive)
FCSK	2	1	PanelApp	yes	no	Intellectual disability (confidence 3)
FECH	2	1	ClinGen	yes	no	protoporphyria, erythropoietic, 1 (Definitive)
FERMT1	2	1	ClinGen	yes	no	Kindler syndrome (Definitive)
FERMT3	2	1	ClinGen	yes	no	leukocyte adhesion deficiency 3 (Definitive)
FERRY3	2	1	PanelApp	yes	no	Intellectual disability (confidence 3)
FGA	2	1	ClinGen	yes	no	congenital fibrinogen deficiency (Definitive)
FGB	2	1	ClinGen	yes	no	congenital fibrinogen deficiency (Definitive)
FGF8	2	1	ClinGen	yes	no	congenital heart disease (Moderate)
FGG	2	1	ClinGen	yes	no	congenital fibrinogen deficiency (Definitive)
FHOD3	2	1	ClinGen	yes	no	hypertrophic cardiomyopathy (Definitive)
FITM2	2	1	ClinGen	yes	no	Siddiqi syndrome (Definitive)
FLI1	2	1	ClinGen	yes	no	bleeding disorder, platelet-type, 21 (Moderate)
FLII	2	1	ClinGen	yes	no	cardiomyopathy, dilated, 2j (Moderate)
FLNC	2	1	ClinGen	yes	no	dilated cardiomyopathy (Definitive) | myofibrillar myopathy (Definitive)
FMO3	2	1	ClinGen	yes	no	trimethylaminuria (Definitive)
FNIP1	2	1	ClinGen	yes	no	FNIP1-associated syndrome (Definitive)
FOXA2	2	1	ClinGen	yes	no	combined pituitary hormone deficiencies, genetic form (Moderate)
FTH1	2	1	ClinGen	yes	no	hemochromatosis type 5 (Limited) | neurodegeneration with brain iron accumulation 9 (Moderate)
FUS	2	1	ClinGen	yes	no	amyotrophic lateral sclerosis type 6 (Definitive)
FXYD2	2	1	ClinGen	yes	no	renal hypomagnesemia 2 (Moderate)
FYB1	2	1	ClinGen	yes	no	thrombocytopenia 3 (Moderate)
FZD4	2	1	ClinGen	yes	no	FZD4-related exudative vitreoretinopathy (Definitive)
G6PC1	2	1	ClinGen	yes	no	glycogen storage disease I (Definitive)
G6PD	2	1	ClinGen	yes	no	G6PD deficiency (Definitive) | anemia, nonspherocytic hemolytic, due to G6PD deficiency (Definitive)
GABRA5	2	1	PanelApp	yes	no	Intellectual disability (confidence 3)
GALM	2	1	ClinGen	yes	no	galactosemia 4 (Strong)
GALNT3	2	1	ClinGen	yes	no	tumoral calcinosis, hyperphosphatemic, familial, 1 (Definitive)
GARS1	2	1	ClinGen	yes	no	Charcot-Marie-Tooth disease type 2D (Definitive)
GATA1	2	1	ClinGen	yes	no	GATA1-Related X-Linked Cytopenia (Definitive)
GDAP2	2	1	ClinGen	yes	no	spinocerebellar ataxia, autosomal recessive 27 (Strong)
GDF2	2	1	ClinGen	yes	no	pulmonary arterial hypertension (Definitive) | telangiectasia, hereditary hemorrhagic, type 5 (Moderate)
GFI1B	2	1	ClinGen	yes	no	platelet-type bleeding disorder 17 (Definitive)
GFM2	2	1	ClinGen	yes	no	Leigh syndrome (Moderate)
GFPT1	2	1	ClinGen	yes	no	congenital myasthenic syndrome 12 (Definitive)
GGCX	2	1	ClinGen	yes	no	pulmonary arterial hypertension (Moderate) | vitamin K-dependent clotting factors, combined deficiency of, type 1 (Definitive)
GINS1	2	1	ClinGen	yes	no	combined immunodeficiency due to GINS1 deficiency (Moderate)
GINS3	2	1	PanelApp	yes	no	Severe microcephaly (confidence 3)
GIPC3	2	1	ClinGen	yes	no	nonsyndromic genetic hearing loss (Definitive)
GJB6	2	1	ClinGen	yes	no	Clouston syndrome (Definitive) | nonsyndromic genetic hearing loss (Refuted)
GLRA2	2	1	PanelApp	yes	no	Intellectual disability (confidence 3)
GNAI2	2	1	PanelApp	yes	no	Intellectual disability (confidence 3)
GNAT1	2	1	ClinGen	yes	no	inherited retinal dystrophy (Definitive)
GNAT2	2	1	ClinGen	yes	no	GNAT2-related retinopathy (Definitive)
GNB4	2	1	ClinGen	yes	no	Charcot-Marie-Tooth disease (Moderate)
GP1BA	2	1	ClinGen	yes	no	Bernard-Soulier syndrome (Definitive) | platelet-type von Willebrand disease (Definitive)
GP1BB	2	1	ClinGen	yes	no	Bernard-Soulier syndrome (Definitive)
GP6	2	1	ClinGen	yes	no	platelet-type bleeding disorder 11 (Definitive)
GP9	2	1	ClinGen	yes	no	Bernard-Soulier syndrome (Definitive)
GPR143	2	1	ClinGen	yes	no	GPR143-related foveal hypoplasia (Definitive)
GREM1	2	1	ClinGen	yes	no	hereditary mixed polyposis syndrome (Definitive)
GRHPR	2	1	PanelApp	yes	no	Nephrocalcinosis or nephrolithiasis (confidence 3)
GRK1	2	1	ClinGen	yes	no	Oguchi disease (Definitive)
GRXCR1	2	1	ClinGen	yes	no	nonsyndromic genetic hearing loss (Definitive)
GRXCR2	2	1	ClinGen	yes	no	nonsyndromic genetic hearing loss (Moderate)
GSDME	2	1	ClinGen	yes	no	nonsyndromic genetic hearing loss (Definitive)
GSTZ1	2	1	ClinGen	yes	no	maleylacetoacetate isomerase deficiency (Moderate)
GUCA1A	2	1	ClinGen	yes	no	cone dystrophy 3 (Definitive)
GUCY2D	2	1	ClinGen	yes	no	GUCY2D-related dominant retinopathy (Definitive) | GUCY2D-related recessive retinopathy (Definitive)
GYG1	2	1	ClinGen	yes	no	polyglucosan body myopathy type 2 (Definitive)
GYS1	2	1	ClinGen	yes	no	glycogen storage disease due to muscle and heart glycogen synthase deficiency (Definitive)
H3-3B	2	1	PanelApp	yes	no	Intellectual disability (confidence 3)
H4C3	2	1	PanelApp	yes	no	Intellectual disability (confidence 3) | Severe microcephaly (confidence 3)
H4C5	2	1	ClinGen	yes	no	Tessadori-Van Haaften neurodevelopmental syndrome 3 (Strong)
HAMP	2	1	ClinGen	yes	no	hemochromatosis type 2B (Definitive)
HAND1	2	1	ClinGen	yes	no	congenital heart disease (Moderate)
HAND2	2	1	ClinGen	yes	no	HAND2 related congenital heart defect (Moderate)
HAUS6	2	1	mitotic_panel	yes	yes	tier 2
HAVCR2	2	1	ClinGen	yes	no	HAVCR2-related cancer predisposition (Moderate)
HBA1	2	1	ClinGen	yes	no	HBA1-related alpha thalassemia spectrum (Definitive) | erythrocytosis, familial, 7 (Moderate) | methemoglobinemia, alpha type (Limited) | unstable hemoglobin disease (Moderate)
HBA2	2	1	ClinGen	yes	no	HBA2-related alpha thalassemia spectrum (Definitive) | erythrocytosis, familial, 7 (Limited) | methemoglobinemia, alpha type (Limited) | unstable hemoglobin disease (Limited)
HBB	2	1	ClinGen	yes	no	beta-thalassemia HBB/LCRB (Definitive) | dominant beta-thalassemia (Definitive) | erythrocytosis, familial, 6 (Definitive) | hemoglobin M disease (Definitive) | obsolete sickle cell disease and related diseases (Definitive) | unstable hemoglobin disease (Definitive)
HCN4	2	1	ClinGen	yes	no	Brugada syndrome 1 (Disputed) | sick sinus syndrome 2, autosomal dominant (Definitive)
HELLS	2	1	ClinGen	yes	no	immunodeficiency-centromeric instability-facial anomalies syndrome 4 (Moderate)
HFE	2	1	ClinGen	yes	no	hemochromatosis type 1 (Definitive)
HGD	2	1	ClinGen	yes	no	alkaptonuria (Definitive)
HGF	2	1	ClinGen	yes	no	nonsyndromic genetic hearing loss (Moderate)
HHAT	2	1	PanelApp	yes	no	Severe microcephaly (confidence 3)
HID1	2	1	PanelApp	yes	no	Intellectual disability (confidence 3)
HJV	2	1	ClinGen	yes	no	hemochromatosis type 2A (Definitive)
HMBS	2	1	ClinGen	yes	no	acute intermittent porphyria (Definitive)
HMOX1	2	1	ClinGen	yes	no	heme oxygenase 1 deficiency (Strong)
HNF1A	2	1	ClinGen	yes	no	monogenic diabetes (Definitive)
HNMT	2	1	PanelApp	yes	no	Intellectual disability (confidence 3)
HNRNPC	2	1	PanelApp	yes	no	Intellectual disability (confidence 3)
HNRNPDL	2	1	ClinGen	yes	no	muscular dystrophy, limb-girdle, autosomal dominant (Definitive)
HOMER2	2	1	ClinGen	yes	no	nonsyndromic genetic hearing loss (Moderate)
HPCA	2	1	ClinGen	yes	no	complex movement disorder with or without neurodevelopmental features (Definitive)
HPS3	2	1	ClinGen	yes	no	Hermansky-Pudlak syndrome 3 (Definitive)
HPS4	2	1	ClinGen	yes	no	Hermansky-Pudlak syndrome 4 (Definitive)
HPS5	2	1	ClinGen	yes	no	Hermansky-Pudlak syndrome 5 (Definitive)
HPS6	2	1	ClinGen	yes	no	Hermansky-Pudlak syndrome 6 (Definitive)
HRG	2	1	ClinGen	yes	no	hereditary thrombophilia due to congenital histidine-rich (poly-L) glycoprotein deficiency (Moderate)
HSD11B2	2	1	ClinGen	yes	no	apparent mineralocorticoid excess (Definitive)
HSPB1	2	1	ClinGen	yes	no	Charcot-Marie-Tooth disease axonal type 2F (Definitive)
HSPB8	2	1	ClinGen	yes	no	neuronopathy, distal hereditary motor, autosomal dominant (Definitive)
IARS1	2	1	PanelApp	yes	no	Intellectual disability (confidence 3) | Severe microcephaly (confidence 3)
ICOS	2	1	ClinGen	yes	no	common variable immunodeficiency (Definitive)
ICOSLG	2	1	ClinGen	yes	no	combined immunodeficiency (Moderate)
IDH3B	2	1	ClinGen	yes	no	IDH3B-related retinopathy (Moderate)
IFNAR1	2	1	ClinGen	yes	no	immunodeficiency 106, susceptibility to viral infections (Definitive)
IFT52	2	1	ClinGen	yes	no	short-rib thoracic dysplasia 16 with or without polydactyly (Moderate)
IFT57	2	1	ClinGen	yes	no	ciliopathy (Moderate)
IFT81	2	1	ClinGen	yes	no	short-rib thoracic dysplasia 19 with or without polydactyly (Moderate)
IGHM	2	1	ClinGen	yes	no	autosomal recessive agammaglobulinemia 1 (Definitive)
IGLL1	2	1	ClinGen	yes	no	agammaglobulinemia 2, autosomal recessive (Moderate)
IKBKB	2	1	ClinGen	yes	no	immunodeficiency 15a (Moderate) | severe combined immunodeficiency due to IKK2 deficiency (Definitive)
IKZF1	2	1	ClinGen	yes	no	autoimmune disease (Moderate) | pancytopenia due to IKZF1 mutations (Definitive)
IKZF3	2	1	ClinGen	yes	no	immunodeficiency 84 (Moderate)
IKZF5	2	1	ClinGen	yes	no	thrombocytopenia 7 (Moderate)
IL10	2	1	ClinGen	yes	no	IL10-related early-onset inflammatory bowel disease (Moderate)
IL10RA	2	1	ClinGen	yes	no	inflammatory bowel disease 28 (Definitive)
IL10RB	2	1	ClinGen	yes	no	inflammatory bowel disease 25 (Definitive)
IL21R	2	1	ClinGen	yes	no	immunodeficiency disease (Definitive)
IL2RA	2	1	ClinGen	yes	no	immunodeficiency due to CD25 deficiency (Definitive)
IL2RB	2	1	ClinGen	yes	no	immunodeficiency 63 with lymphoproliferation and autoimmunity (Moderate)
IL2RG	2	1	ClinGen	yes	no	T-B+ severe combined immunodeficiency due to gamma chain deficiency (Definitive)
IL7R	2	1	ClinGen	yes	no	immunodeficiency 104 (Definitive)
ILDR1	2	1	ClinGen	yes	no	nonsyndromic genetic hearing loss (Definitive)
IMPDH1	2	1	ClinGen	yes	no	IMPDH1-related retinopathy (Definitive)
IMPDH2	2	1	PanelApp	yes	no	Intellectual disability (confidence 3)
IMPG1	2	1	ClinGen	yes	no	IMPG1-related dominant retinopathy (Definitive) | IMPG1-related recessive retinopathy (Definitive)
IMPG2	2	1	ClinGen	yes	no	IMPG2-related recessive retinopathy (Definitive)
INCENP	2	1	mitotic_panel	yes	yes	tier 2
INS	2	1	ClinGen	yes	no	monogenic diabetes (Definitive)
INTU	2	1	ClinGen	yes	no	INTU-related skeletal ciliopathy (Definitive)
IRF4	2	1	ClinGen	yes	no	combined immunodeficiency (Definitive)
IRF9	2	1	ClinGen	yes	no	immunodeficiency 65, susceptibility to viral infections (Moderate)
ISCU	2	1	ClinGen	yes	no	mitochondrial disease (Definitive)
ISL1	2	1	ClinGen	yes	no	congenital heart disease (Definitive)
ITGA2B	2	1	ClinGen	yes	no	Glanzmann thrombasthenia (Definitive) | platelet-type bleeding disorder 16 (Definitive)
ITGB3	2	1	ClinGen	yes	no	Glanzmann thrombasthenia (Definitive) | platelet-type bleeding disorder 16 (Definitive)
ITK	2	1	ClinGen	yes	no	lymphoproliferative syndrome 1 (Definitive)
ITSN1	2	1	PanelApp	yes	no	Intellectual disability (confidence 3)
JAK1	2	1	ClinGen	yes	no	autoinflammation, immune dysregulation, and eosinophilia (Definitive)
JPH2	2	1	ClinGen	yes	no	cardiomyopathy, dilated, 2E (Strong) | dilated cardiomyopathy (Limited) | hypertrophic cardiomyopathy (Moderate)
KARS1	2	1	PanelApp	yes	no	Intellectual disability (confidence 3)
KAT8	2	1	PanelApp	yes	no	Intellectual disability (confidence 3)
KATNIP	2	1	ClinGen	yes	no	ciliopathy (Definitive)
KCNA3	2	1	PanelApp	yes	no	Intellectual disability (confidence 3)
KCNC2	2	1	ClinGen	yes	no	genetic developmental and epileptic encephalopathy (Definitive)
KCNH2	2	1	ClinGen	yes	no	Brugada syndrome (Disputed) | long QT syndrome (Definitive) | short QT syndrome (Definitive)
KCNJ13	2	1	ClinGen	yes	no	inherited retinal dystrophy (Definitive) | snowflake vitreoretinal degeneration (Moderate)
KCNJ16	2	1	ClinGen	yes	no	hypokalemic alkalosis, familial, with specific renal tubulopathy (Definitive)
KCNJ5	2	1	ClinGen	yes	no	familial hyperaldosteronism type III (Definitive) | long QT syndrome (Disputed)
KCNQ4	2	1	ClinGen	yes	no	nonsyndromic genetic hearing loss (Definitive)
KCNV2	2	1	ClinGen	yes	no	inherited retinal dystrophy (Definitive)
KCTD3	2	1	PanelApp	yes	no	Intellectual disability (confidence 3)
KDF1	2	1	ClinGen	yes	no	ectodermal dysplasia 12, hypohidrotic/hair/tooth/nail type (Definitive)
KDR	2	1	ClinGen	yes	no	pulmonary arterial hypertension (Definitive)
KDSR	2	1	ClinGen	yes	no	erythrokeratodermia variabilis et progressiva 4 (Definitive)
KIAA0753	2	1	PanelApp	yes	no	Cystic renal disease (confidence 3)
KIAA1549	2	1	ClinGen	yes	no	retinitis pigmentosa 86 (Strong)
KICS2	2	1	PanelApp	yes	no	Intellectual disability (confidence 3)
KIF21B	2	1	PanelApp	yes	no	Intellectual disability (confidence 3)
KIF2C	2	1	mitotic_panel	yes	yes	tier 2
KIZ	2	1	ClinGen	yes	no	KIZ-related retinopathy (Definitive)
KLF13	2	1	ClinGen	yes	no	congenital heart disease (Moderate)
KLHL24	2	1	ClinGen	yes	no	hypertrophic cardiomyopathy (Moderate)
KLHL3	2	1	ClinGen	yes	no	pseudohypoaldosteronism type 2D (Definitive)
KLHL41	2	1	ClinGen	yes	no	nemaline myopathy 9 (Moderate)
KLKB1	2	1	ClinGen	yes	no	inherited prekallikrein deficiency (Definitive)
KNG1	2	1	ClinGen	yes	no	congenital high-molecular-weight kininogen deficiency (Definitive)
KYNU	2	1	ClinGen	yes	no	vertebral, cardiac, renal, and limb defects syndrome 2 (Definitive)
LAMA5	2	1	ClinGen	yes	no	LAMA5-related multisystemic syndrome (Definitive)
LAMP3	2	1	ClinGen	yes	no	inherited interstitial lung disease (Strong)
LARS1	2	1	PanelApp	yes	no	Intellectual disability (confidence 3)
LAT	2	1	ClinGen	yes	no	severe combined immunodeficiency due to LAT deficiency (Definitive)
LCA5	2	1	ClinGen	yes	no	LCA5-related retinopathy (Definitive)
LCK	2	1	ClinGen	yes	no	severe combined immunodeficiency due to LCK deficiency (Definitive)
LCP2	2	1	ClinGen	yes	no	immunodeficiency 81 (Definitive)
LDLRAP1	2	1	ClinGen	yes	no	hypercholesterolemia, familial, 4 (Definitive)
LGI3	2	1	PanelApp	yes	no	Intellectual disability (confidence 3)
LHFPL5	2	1	ClinGen	yes	no	nonsyndromic genetic hearing loss (Definitive)
LIG1	2	1	ClinGen	yes	no	immunodeficiency 96 (Definitive)
LIG3	2	1	ClinGen	yes	no	mitochondrial disease (Definitive)
LINGO4	2	1	PanelApp	yes	no	Intellectual disability (confidence 3)
LIPA	2	1	ClinGen	yes	no	lysosomal acid lipase deficiency (Definitive)
LIPE	2	1	ClinGen	yes	no	LIPE-related familial partial lipodystrophy (Definitive)
LMAN1	2	1	ClinGen	yes	no	factor V and factor VIII, combined deficiency of, type 1 (Definitive)
LMX1A	2	1	ClinGen	yes	no	autosomal dominant nonsyndromic hearing loss (Definitive)
LOX	2	1	ClinGen	yes	no	familial thoracic aortic aneurysm and aortic dissection (Strong)
LPIN1	2	1	ClinGen	yes	no	myoglobinuria, acute recurrent, autosomal recessive (Definitive)
LPIN2	2	1	ClinGen	yes	no	Majeed syndrome (Definitive)
LRP12	2	1	ClinGen	yes	no	oculopharyngodistal myopathy 1 (Moderate)
LRRC7	2	1	PanelApp	yes	no	Intellectual disability (confidence 3)
LRSAM1	2	1	ClinGen	yes	no	Charcot-Marie-Tooth disease axonal type 2P (Definitive)
LRTOMT	2	1	ClinGen	yes	no	autosomal recessive nonsyndromic hearing loss 63 (Definitive)
LSS	2	1	PanelApp	yes	no	Intellectual disability (confidence 3)
MAD1L1	2	1	mitotic_panel	yes	yes	tier 2
MAD2L1	2	1	mitotic_panel	yes	yes	tier 2
MAGED2	2	1	ClinGen	yes	no	Bartter disease type 5 (Definitive)
MAK	2	1	ClinGen	yes	no	MAK-related retinopathy (Definitive)
MALT1	2	1	ClinGen	yes	no	combined immunodeficiency due to MALT1 deficiency (Definitive)
MAP3K14	2	1	ClinGen	yes	no	NIK deficiency (Moderate)
MAPRE1	2	1	mitotic_panel	yes	yes	tier 2
MARK2	2	1	PanelApp	yes	no	Intellectual disability (confidence 3)
MARVELD2	2	1	ClinGen	yes	no	nonsyndromic genetic hearing loss (Definitive)
MAST4	2	1	PanelApp	yes	no	Intellectual disability (confidence 3)
MATR3	2	1	ClinGen	yes	no	distal myopathy with vocal cord weakness (Definitive)
MBD4	2	1	ClinGen	yes	no	tumor predisposition syndrome 2 (Moderate) | uveal melanoma (Moderate)
MBTPS1	2	1	ClinGen	yes	no	spondyloepiphyseal dysplasia, kondo-fu type (Definitive)
MCFD2	2	1	ClinGen	yes	no	factor 5 and Factor VIII, combined deficiency of, 2 (Definitive)
MCIDAS	2	1	ClinGen	yes	no	ciliary dyskinesia, primary, 42 (Definitive)
MCM10	2	1	ClinGen	yes	no	immunodeficiency 80 with or without congenital cardiomyopathy (Moderate)
MCM4	2	1	ClinGen	yes	no	primary immunodeficiency with natural-killer cell deficiency and adrenal insufficiency (Moderate)
MDM4	2	1	ClinGen	yes	no	bone marrow failure syndrome 6 (Moderate)
MED16	2	1	PanelApp	yes	no	Intellectual disability (confidence 3)
MEFV	2	1	ClinGen	yes	no	familial Mediterranean fever (Definitive)
MERTK	2	1	ClinGen	yes	no	MERTK-related retinopathy (Definitive)
MESP1	2	1	ClinGen	yes	no	congenital heart disease (Moderate)
MFAP5	2	1	ClinGen	yes	no	familial thoracic aortic aneurysm and aortic dissection (Moderate)
MGME1	2	1	ClinGen	yes	no	mitochondrial disease (Definitive)
MICOS13	2	1	ClinGen	yes	no	mitochondrial disease (Definitive)
MINAR2	2	1	ClinGen	yes	no	hearing loss, autosomal recessive 120 (Strong)
MIPEP	2	1	ClinGen	yes	no	mitochondrial disease (Moderate)
MIR96	2	1	ClinGen	yes	no	nonsyndromic genetic hearing loss (Moderate)
MME	2	1	ClinGen	yes	no	Charcot-Marie-Tooth disease type 2T (Definitive)
MPC1	2	1	ClinGen	yes	no	mitochondrial disease (Definitive)
MPIG6B	2	1	ClinGen	yes	no	thrombocytopenia, anemia, and myelofibrosis (Definitive)
MPL	2	1	ClinGen	yes	no	congenital amegakaryocytic thrombocytopenia 1 (Definitive) | thrombocythemia 2 (Definitive)
MPZL2	2	1	ClinGen	yes	no	nonsyndromic genetic hearing loss (Strong)
MRPL3	2	1	ClinGen	yes	no	mitochondrial disease (Moderate)
MRPL44	2	1	ClinGen	yes	no	mitochondrial disease (Definitive)
MRPL49	2	1	PanelApp	yes	no	Intellectual disability (confidence 3) | Severe microcephaly (confidence 3)
MSH3	2	1	ClinGen	yes	no	Lynch syndrome (Disputed) | familial adenomatous polyposis 4 (Definitive)
MSMO1	2	1	PanelApp	yes	no	Intellectual disability (confidence 3) | Severe microcephaly (confidence 3)
MSN	2	1	ClinGen	yes	no	combined immunodeficiency due to moesin deficiency (Definitive)
MSRB3	2	1	ClinGen	yes	no	nonsyndromic genetic hearing loss (Definitive)
MSTO1	2	1	ClinGen	yes	no	mitochondrial disease (Definitive)
MT-CO1	2	1	ClinGen	yes	no	Leigh syndrome (Limited) | mitochondrial disease (Definitive)
MT-CO2	2	1	ClinGen	yes	no	Leigh syndrome (Limited) | mitochondrial disease (Definitive)
MT-CO3	2	1	ClinGen	yes	no	Leigh syndrome (Limited) | mitochondrial disease (Definitive)
MT-CYB	2	1	ClinGen	yes	no	mitochondrial disease (Definitive)
MT-ND2	2	1	ClinGen	yes	no	Leigh syndrome (Limited) | mitochondrial disease (Moderate)
MT-ND3	2	1	ClinGen	yes	no	Leigh syndrome (Definitive) | mitochondrial disease (Definitive)
MT-ND5	2	1	ClinGen	yes	no	Leigh syndrome (Definitive) | mitochondrial disease (Definitive)
MT-ND6	2	1	ClinGen	yes	no	Leigh syndrome (Definitive) | mitochondrial disease (Definitive)
MT-RNR1	2	1	ClinGen	yes	no	mitochondrial disease (Definitive)
MT-TA	2	1	ClinGen	yes	no	mitochondrial disease (Definitive)
MT-TD	2	1	ClinGen	yes	no	mitochondrial disease (Moderate)
MT-TE	2	1	ClinGen	yes	no	mitochondrial disease (Definitive)
MT-TF	2	1	ClinGen	yes	no	mitochondrial disease (Definitive)
MT-TG	2	1	ClinGen	yes	no	mitochondrial disease (Moderate)
MT-TH	2	1	ClinGen	yes	no	mitochondrial disease (Definitive)
MT-TI	2	1	ClinGen	yes	no	Leigh syndrome (Limited) | hypertrophic cardiomyopathy (Moderate) | mitochondrial disease (Definitive)
MT-TL2	2	1	ClinGen	yes	no	Leigh syndrome (Disputed) | mitochondrial disease (Definitive)
MT-TM	2	1	ClinGen	yes	no	mitochondrial disease (Definitive)
MT-TN	2	1	ClinGen	yes	no	mitochondrial disease (Definitive)
MT-TR	2	1	ClinGen	yes	no	mitochondrial disease (Moderate)
MT-TS1	2	1	ClinGen	yes	no	mitochondrial disease (Definitive)
MT-TS2	2	1	ClinGen	yes	no	mitochondrial disease (Definitive)
MT-TT	2	1	ClinGen	yes	no	mitochondrial disease (Moderate)
MT-TV	2	1	ClinGen	yes	no	Leigh syndrome (Moderate) | mitochondrial disease (Definitive)
MT-TW	2	1	ClinGen	yes	no	Leigh syndrome (Limited) | mitochondrial disease (Definitive)
MT-TY	2	1	ClinGen	yes	no	mitochondrial disease (Definitive)
MTHFD1	2	1	ClinGen	yes	no	combined immunodeficiency and megaloblastic anemia with or without hyperhomocysteinemia (Definitive)
MTHFS	2	1	PanelApp	yes	no	Intellectual disability (confidence 3)
MTSS2	2	1	PanelApp	yes	no	Intellectual disability (confidence 3)
MTX2	2	1	ClinGen	yes	no	mandibuloacral dysplasia progeroid syndrome (Definitive)
MUSK	2	1	ClinGen	yes	no	congenital myasthenic syndrome 9 (Definitive)
MUTYH	2	1	ClinGen	yes	no	colorectal cancer (Disputed) | familial adenomatous polyposis 2 (Definitive) | familial ovarian cancer (Disputed) | hereditary breast carcinoma (Disputed) | hereditary breast carcinoma (Refuted)
MYBPC3	2	1	ClinGen	yes	no	arrhythmogenic right ventricular cardiomyopathy (Limited) | congenital heart disease (Limited) | dilated cardiomyopathy (Limited) | hypertrophic cardiomyopathy (Definitive)
MYH14	2	1	ClinGen	yes	no	nonsyndromic genetic hearing loss (Moderate)
MYH2	2	1	ClinGen	yes	no	myopathy, proximal, and ophthalmoplegia (Definitive) | myopathy, proximal, and ophthalmoplegia (Moderate)
MYH7	2	1	ClinGen	yes	no	MYH7-related skeletal myopathy (Definitive) | arrhythmogenic right ventricular cardiomyopathy (Limited) | congenital heart disease (Limited) | dilated cardiomyopathy 1S (Definitive) | hypertrophic cardiomyopathy (Definitive)
MYL2	2	1	ClinGen	yes	no	arrhythmogenic right ventricular cardiomyopathy (No Known Disease Relationship) | dilated cardiomyopathy (Limited) | hypertrophic cardiomyopathy (Definitive)
MYL3	2	1	ClinGen	yes	no	arrhythmogenic right ventricular cardiomyopathy (Limited) | dilated cardiomyopathy (Disputed) | hypertrophic cardiomyopathy (Definitive)
MYLK3	2	1	ClinGen	yes	no	dilated cardiomyopathy (Moderate)
MYMK	2	1	ClinGen	yes	no	obsolete Carey-Fineman-Ziter syndrome (Definitive)
MYO15A	2	1	ClinGen	yes	no	nonsyndromic genetic hearing loss (Definitive)
MYO3A	2	1	ClinGen	yes	no	nonsyndromic genetic hearing loss (Definitive)
MYO6	2	1	ClinGen	yes	no	nonsyndromic genetic hearing loss (Definitive)
MYOC	2	1	ClinGen	yes	no	open-angle glaucoma (Definitive)
MYZAP	2	1	ClinGen	yes	no	cardiomyopathy, dilated, 2K (Moderate)
NAF1	2	1	ClinGen	yes	no	pulmonary fibrosis and/or bone marrow failure syndrome, telomere-related, 7 (Definitive)
NAV3	2	1	PanelApp	yes	no	Intellectual disability (confidence 3)
NBEAL2	2	1	ClinGen	yes	no	gray platelet syndrome (Definitive)
NCAPG	2	1	mitotic_panel	yes	yes	tier 2
NCKAP1L	2	1	ClinGen	yes	no	immunodeficiency 72 with autoinflammation (Moderate)
NDC80	2	1	mitotic_panel	yes	yes	tier 2
NDUFA13	2	1	ClinGen	yes	no	Leigh syndrome (Moderate) | mitochondrial disease (Moderate)
NDUFAF4	2	1	ClinGen	yes	no	Leigh syndrome (Limited) | mitochondrial disease (Definitive)
NDUFAF6	2	1	ClinGen	yes	no	Leigh syndrome (Definitive) | mitochondrial disease (Definitive)
NDUFB10	2	1	ClinGen	yes	no	mitochondrial disease (Moderate)
NDUFC2	2	1	ClinGen	yes	no	Leigh syndrome (Moderate) | mitochondrial disease (Moderate)
NDUFS6	2	1	ClinGen	yes	no	mitochondrial disease (Definitive)
NEFH	2	1	ClinGen	yes	no	Charcot-Marie-Tooth disease axonal type 2CC (Definitive) | amyotrophic lateral sclerosis (Limited)
NEK10	2	1	ClinGen	yes	no	ciliary dyskinesia, primary, 44 (Definitive)
NEK2	2	1	mitotic_panel	yes	yes	tier 2
NEUROD1	2	1	ClinGen	yes	no	monogenic diabetes (Moderate)
NEUROD2	2	1	PanelApp	yes	no	Intellectual disability (confidence 3)
NEUROG1	2	1	PanelApp	yes	no	Intellectual disability (confidence 3)
NEXN	2	1	ClinGen	yes	no	dilated cardiomyopathy 1CC (Strong) | hypertrophic cardiomyopathy (Limited)
NFASC	2	1	PanelApp	yes	no	Intellectual disability (confidence 3)
NFKB1	2	1	ClinGen	yes	no	immunodeficiency, common variable, 12 (Definitive)
NFKB2	2	1	ClinGen	yes	no	immunodeficiency, common variable, 10 (Definitive)
NFKBIA	2	1	ClinGen	yes	no	ectodermal dysplasia and immunodeficiency 2 (Definitive)
NME5	2	1	ClinGen	yes	no	ciliary dyskinesia, primary, 48, without situs inversus (Moderate)
NNT	2	1	ClinGen	yes	no	mitochondrial disease (Definitive)
NOD2	2	1	ClinGen	yes	no	Blau syndrome (Definitive)
NR2E3	2	1	ClinGen	yes	no	enhanced S-cone syndrome (Definitive) | inherited retinal dystrophy (Definitive)
NR3C2	2	1	ClinGen	yes	no	autosomal dominant pseudohypoaldosteronism type 1 (Definitive) | pseudohyperaldosteronism type 2 (Limited)
NRAP	2	1	ClinGen	yes	no	dilated cardiomyopathy (Strong)
NRL	2	1	ClinGen	yes	no	retinitis pigmentosa 27 (Definitive)
NTHL1	2	1	ClinGen	yes	no	NTHL1-deficiency tumor predisposition syndrome (Definitive)
NUP93	2	1	ClinGen	yes	no	nephrotic syndrome, type 12 (Definitive)
NUP98	2	1	mitotic_panel	yes	yes	tier 2
OAT	2	1	ClinGen	yes	no	ornithine aminotransferase deficiency (Definitive)
OCA2	2	1	ClinGen	yes	no	oculocutaneous albinism type 2 (Definitive)
OPN1LW	2	1	ClinGen	yes	no	red color blindness (Definitive)
OPN1MW	2	1	ClinGen	yes	no	red-green color blindness (Definitive)
OPTN	2	1	ClinGen	yes	no	amyotrophic lateral sclerosis type 12 (Definitive) | glaucoma, normal tension, susceptibility to (Definitive)
ORAI1	2	1	ClinGen	yes	no	tubular aggregate myopathy (Definitive)
OSBPL2	2	1	ClinGen	yes	no	nonsyndromic genetic hearing loss (Moderate)
OSTM1	2	1	ClinGen	yes	no	autosomal recessive osteopetrosis 5 (Definitive)
OTOA	2	1	ClinGen	yes	no	nonsyndromic genetic hearing loss (Definitive)
OTOF	2	1	ClinGen	yes	no	nonsyndromic genetic hearing loss (Definitive)
OTOG	2	1	ClinGen	yes	no	nonsyndromic genetic hearing loss (Definitive)
P2RX2	2	1	ClinGen	yes	no	nonsyndromic genetic hearing loss (Moderate)
P2RY12	2	1	ClinGen	yes	no	platelet-type bleeding disorder 8 (Definitive) | platelet-type bleeding disorder 8 (Moderate)
PALS1	2	1	PanelApp	yes	no	Intellectual disability (confidence 3)
PCK1	2	1	ClinGen	yes	no	phosphoenolpyruvate carboxykinase deficiency, cytosolic (Definitive)
PDE6A	2	1	ClinGen	yes	no	PDE6A-related retinopathy (Definitive)
PDE6B	2	1	ClinGen	yes	no	inherited retinal dystrophy (Definitive)
PDE6C	2	1	ClinGen	yes	no	PDE6C-related retinopathy (Definitive)
PDK3	2	1	ClinGen	yes	no	Charcot-Marie-Tooth disease X-linked dominant 6 (Definitive)
PDX1	2	1	ClinGen	yes	no	monogenic diabetes (Moderate) | pancreatic agenesis 1 (Definitive)
PDZD7	2	1	ClinGen	yes	no	hearing loss, autosomal recessive (Definitive)
PDZD8	2	1	PanelApp	yes	no	Intellectual disability (confidence 3)
PFN1	2	1	ClinGen	yes	no	amyotrophic lateral sclerosis type 18 (Definitive)
PHKB	2	1	ClinGen	yes	no	glycogen storage disease IXb (Definitive)
PHYH	2	1	ClinGen	yes	no	phytanoyl-CoA hydroxylase deficiency (Definitive)
PI4K2A	2	1	PanelApp	yes	no	Intellectual disability (confidence 3)
PIK3CD	2	1	ClinGen	yes	no	immunodeficiency 14 (Definitive) | immunodeficiency 14b, autosomal recessive (Definitive)
PIK3CG	2	1	ClinGen	yes	no	immunodeficiency 97 with autoinflammation (Moderate)
PITRM1	2	1	PanelApp	yes	no	Intellectual disability (confidence 3)
PJVK	2	1	ClinGen	yes	no	nonsyndromic genetic hearing loss (Definitive)
PKLR	2	1	ClinGen	yes	no	pyruvate kinase deficiency of red cells (Definitive)
PKP2	2	1	ClinGen	yes	no	Brugada syndrome 1 (Disputed) | arrhythmogenic right ventricular cardiomyopathy (Definitive) | catecholaminergic polymorphic ventricular tachycardia (Disputed) | dilated cardiomyopathy (Disputed)
PLA2G4A	2	1	ClinGen	yes	no	cytosolic phospholipase-A2 alpha deficiency associated bleeding disorder (Moderate)
PLAU	2	1	ClinGen	yes	no	Quebec platelet disorder (Moderate)
PLCG1	2	1	ClinGen	yes	no	immune dysregulation, autoimmunity, and autoinflammation (Moderate)
PLD4	2	1	ClinGen	yes	no	systemic lupus erythematosus 18 (Moderate)
PLEKHG2	2	1	PanelApp	yes	no	Intellectual disability (confidence 3)
PLEKHG5	2	1	ClinGen	yes	no	neuromuscular disease (Definitive)
PLEKHM1	2	1	ClinGen	yes	no	autosomal recessive osteopetrosis 6 (Moderate) | osteopetrosis, autosomal dominant 3 (Limited)
PLEKHM2	2	1	ClinGen	yes	no	dilated cardiomyopathy (Moderate)
PLG	2	1	ClinGen	yes	no	hypoplasminogenemia (Definitive)
PLIN1	2	1	ClinGen	yes	no	PLIN1-related familial partial lipodystrophy (Definitive)
PLN	2	1	ClinGen	yes	no	arrhythmogenic right ventricular cardiomyopathy (Moderate) | intrinsic cardiomyopathy (Definitive)
PLS1	2	1	ClinGen	yes	no	autosomal dominant nonsyndromic hearing loss (Moderate)
PMP2	2	1	ClinGen	yes	no	Charcot-Marie-Tooth disease (Moderate)
POFUT1	2	1	ClinGen	yes	no	Dowling-Degos disease 2 (Definitive) | congenital disorder of glycosylation (Limited)
POLR1B	2	1	ClinGen	yes	no	Treacher Collins syndrome 4 (Moderate)
POLRMT	2	1	PanelApp	yes	no	Intellectual disability (confidence 3)
POPDC1	2	1	ClinGen	yes	no	autosomal recessive limb-girdle muscular dystrophy (Definitive)
POPDC3	2	1	ClinGen	yes	no	autosomal recessive limb-girdle muscular dystrophy (Definitive)
POR	2	1	ClinGen	yes	no	Antley-Bixler syndrome with genital anomalies and disordered steroidogenesis (Definitive)
POU3F2	2	1	PanelApp	yes	no	Intellectual disability (confidence 3)
POU3F4	2	1	ClinGen	yes	no	nonsyndromic genetic hearing loss (Definitive)
POU4F3	2	1	ClinGen	yes	no	nonsyndromic genetic hearing loss (Definitive)
PPARG	2	1	ClinGen	yes	no	lipodystrophy (Definitive)
PPP1CC	2	1	mitotic_panel	yes	yes	tier 2
PRDM16	2	1	ClinGen	yes	no	dilated cardiomyopathy (Strong)
PRF1	2	1	ClinGen	yes	no	familial hemophagocytic lymphohistiocytosis 2 (Definitive)
PRG4	2	1	ClinGen	yes	no	camptodactyly-arthropathy-coxa vara-pericarditis syndrome (Definitive)
PRKAG2	2	1	ClinGen	yes	no	PRKAG2-related cardiomyopathy (Definitive)
PRKCD	2	1	ClinGen	yes	no	systemic lupus erythematosus (Definitive)
PRKDC	2	1	ClinGen	yes	no	severe combined immunodeficiency due to DNA-PKcs deficiency (Definitive)
PRKG1	2	1	ClinGen	yes	no	familial thoracic aortic aneurysm and aortic dissection (Strong)
PROC	2	1	ClinGen	yes	no	hereditary thrombophilia due to congenital protein C deficiency (Definitive)
PROK2	2	1	ClinGen	yes	no	hypogonadotropic hypogonadism 4 with or without anosmia (Definitive)
PROKR2	2	1	ClinGen	yes	no	hypogonadotropic hypogonadism 3 with or without anosmia (Definitive)
PROM1	2	1	ClinGen	yes	no	PROM1-related dominant retinopathy (Definitive) | PROM1-related recessive retinopathy (Definitive)
PROS1	2	1	ClinGen	yes	no	protein S deficiency (Definitive)
PRPF3	2	1	ClinGen	yes	no	retinitis pigmentosa 18 (Definitive)
PRPF31	2	1	ClinGen	yes	no	PRPF31-related retinopathy (Definitive)
PRPF4	2	1	ClinGen	yes	no	inherited retinal dystrophy (Moderate)
PRPH2	2	1	ClinGen	yes	no	PRPH2-related retinopathy (Definitive)
PRSS1	2	1	ClinGen	yes	no	hereditary chronic pancreatitis (Definitive)
PTBP1	2	1	PanelApp	yes	no	Intellectual disability (confidence 3)
PTCRA	2	1	ClinGen	yes	no	immunodeficiency 126, susceptibility to (Strong)
PTPN4	2	1	PanelApp	yes	no	Intellectual disability (confidence 3)
PTPRC	2	1	ClinGen	yes	no	immunodeficiency 104 (Definitive)
PTPRQ	2	1	ClinGen	yes	no	hearing loss, autosomal recessive (Definitive)
PTRHD1	2	1	PanelApp	yes	no	Intellectual disability (confidence 3)
PTTG1	2	1	mitotic_panel	yes	yes	tier 2
PYGM	2	1	ClinGen	yes	no	glycogen storage disease V (Definitive)
RAB28	2	1	ClinGen	yes	no	RAB28-related retinopathy (Definitive)
RAB7A	2	1	ClinGen	yes	no	Charcot-Marie-Tooth disease type 2 (Definitive)
RAC2	2	1	ClinGen	yes	no	immunodeficiency 73b with defective neutrophil chemotaxis and lymphopenia (Strong) | immunodeficiency 73c with defective neutrophil chemotaxis and hypogammaglobulinemia (Moderate) | neutrophil immunodeficiency syndrome (Moderate)
RAD51D	2	1	ClinGen	yes	no	RAD51D-related cancer predisposition (Definitive)
RAG1	2	1	ClinGen	yes	no	recombinase activating gene 1 deficiency (Definitive)
RAG2	2	1	ClinGen	yes	no	recombinase activating gene 2 deficiency (Definitive)
RASGRP1	2	1	ClinGen	yes	no	immunodeficiency 64 (Definitive)
RASGRP2	2	1	ClinGen	yes	no	platelet-type bleeding disorder 18 (Definitive)
RBFOX2	2	1	ClinGen	yes	no	congenital heart disease (Strong)
RBL2	2	1	PanelApp	yes	no	Intellectual disability (confidence 3)
RBM20	2	1	ClinGen	yes	no	dilated cardiomyopathy (Definitive) | hypertrophic cardiomyopathy (Limited)
RBP4	2	1	ClinGen	yes	no	progressive retinal dystrophy due to retinol transport defect (Definitive)
RBSN	2	1	PanelApp	yes	no	Intellectual disability (confidence 3)
RCBTB1	2	1	ClinGen	yes	no	RCBTB1-related retinopathy (Definitive)
RD3	2	1	ClinGen	yes	no	RD3-related retinopathy (Definitive)
RDH12	2	1	ClinGen	yes	no	RDH12-related dominant retinopathy (Moderate) | RDH12-related recessive retinopathy (Definitive)
RDH5	2	1	ClinGen	yes	no	RDH5-related retinopathy (Definitive)
RDX	2	1	ClinGen	yes	no	nonsyndromic genetic hearing loss (Definitive)
REEP6	2	1	ClinGen	yes	no	inherited retinal dystrophy (Definitive)
REL	2	1	ClinGen	yes	no	immunodeficiency 92 (Moderate)
RELA	2	1	ClinGen	yes	no	combined immunodeficiency due to RELA haploinsufficiency (Definitive)
RELB	2	1	ClinGen	yes	no	immunodeficiency 53 (Definitive)
REN	2	1	ClinGen	yes	no	familial juvenile hyperuricemic nephropathy type 2 (Definitive) | renal tubular dysgenesis of genetic origin (Definitive)
RFC1	2	1	ClinGen	yes	no	cerebellar ataxia with neuropathy and bilateral vestibular areflexia syndrome (Definitive)
RFX5	2	1	ClinGen	yes	no	MHC class II deficiency (Definitive)
RFXANK	2	1	ClinGen	yes	no	MHC class II deficiency (Definitive)
RFXAP	2	1	ClinGen	yes	no	MHC class II deficiency (Definitive)
RGS9	2	1	ClinGen	yes	no	bradyopsia (Moderate)
RHBDF2	2	1	ClinGen	yes	no	palmoplantar keratoderma-esophageal carcinoma syndrome (Definitive)
RHO	2	1	ClinGen	yes	no	RHO-related retinopathy (Definitive)
RHOG	2	1	ClinGen	yes	no	hemophagocytic lymphohistiocytosis due to RhoG deficiency (Moderate)
RHOH	2	1	ClinGen	yes	no	epidermodysplasia verruciformis, susceptibility to, 4 (Moderate)
RIPK1	2	1	ClinGen	yes	no	immunodeficiency 57 (Definitive)
RIPOR2	2	1	ClinGen	yes	no	autosomal dominant nonsyndromic hearing loss (Limited) | nonsyndromic genetic hearing loss (Strong)
RLBP1	2	1	ClinGen	yes	no	RLBP1-related retinopathy (Definitive)
RNF31	2	1	ClinGen	yes	no	immunodeficiency 115 with autoinflammation (Moderate)
RNF43	2	1	ClinGen	yes	no	sessile serrated polyposis cancer syndrome (Definitive)
RP1	2	1	ClinGen	yes	no	RP1-related dominant retinopathy (Definitive) | RP1-related recessive retinopathy (Definitive)
RP1L1	2	1	ClinGen	yes	no	occult macular dystrophy (Definitive)
RP2	2	1	ClinGen	yes	no	RP2-related retinopathy (Definitive)
RPIA	2	1	PanelApp	yes	no	Intellectual disability (confidence 3)
RPL3L	2	1	ClinGen	yes	no	cardiomyopathy, dilated, 2D (Moderate)
RPL5	2	1	ClinGen	yes	no	Diamond-Blackfan anemia 6 (Definitive)
RPS10	2	1	ClinGen	yes	no	Diamond-Blackfan anemia (Definitive)
RPS24	2	1	ClinGen	yes	no	Diamond-Blackfan anemia (Definitive)
RRAGD	2	1	PanelApp	yes	no	Nephrocalcinosis or nephrolithiasis (confidence 3)
RS1	2	1	ClinGen	yes	no	X-linked retinoschisis (Definitive)
RSPH4A	2	1	ClinGen	yes	no	primary ciliary dyskinesia 11 (Definitive)
RSPH9	2	1	ClinGen	yes	no	primary ciliary dyskinesia 12 (Definitive)
RUNX1	2	1	ClinGen	yes	no	hereditary thrombocytopenia and hematologic cancer predisposition syndrome (Definitive)
S1PR2	2	1	ClinGen	yes	no	nonsyndromic genetic hearing loss (Strong)
SAG	2	1	ClinGen	yes	no	retinitis pigmentosa 47 (Definitive)
SARS1	2	1	PanelApp	yes	no	Intellectual disability (confidence 3) | Severe microcephaly (confidence 3)
SASH3	2	1	ClinGen	yes	no	combined immunodeficiency, X-linked (Definitive)
SCAMP5	2	1	PanelApp	yes	no	Intellectual disability (confidence 3)
SCN5A	2	1	ClinGen	yes	no	SCN5A-related cardiac rhythm disorder (Definitive) | arrhythmogenic right ventricular cardiomyopathy (Limited) | congenital heart disease (Disputed) | dilated cardiomyopathy 1E (Definitive)
SCNN1A	2	1	ClinGen	yes	no	pseudohypoaldosteronism, type IB1, autosomal recessive (Strong)
SCNN1G	2	1	ClinGen	yes	no	Liddle syndrome (Definitive)
SCP2	2	1	ClinGen	yes	no	sterol carrier protein 2 deficiency (Definitive)
SDHAF2	2	1	ClinGen	yes	no	hereditary pheochromocytoma-paraganglioma (Definitive)
SDHC	2	1	ClinGen	yes	no	hereditary pheochromocytoma-paraganglioma (Definitive) | mitochondrial disease (No Known Disease Relationship)
SEH1L	2	1	mitotic_panel	yes	yes	tier 2
SEL1L	2	1	PanelApp	yes	no	Intellectual disability (confidence 3)
SELENBP1	2	1	ClinGen	yes	no	extraoral halitosis due to methanethiol oxidase deficiency (Moderate)
SEPTIN9	2	1	ClinGen	yes	no	neuralgic amyotrophy (Moderate)
SERPINB6	2	1	ClinGen	yes	no	nonsyndromic genetic hearing loss (Moderate)
SERPINC1	2	1	ClinGen	yes	no	hereditary antithrombin deficiency (Definitive)
SERPIND1	2	1	ClinGen	yes	no	heparin cofactor 2 deficiency (Definitive)
SERPINE1	2	1	ClinGen	yes	no	congenital plasminogen activator inhibitor type 1 deficiency (Definitive)
SERPINF2	2	1	ClinGen	yes	no	alpha-2-plasmin inhibitor deficiency (Definitive)
SERPING1	2	1	ClinGen	yes	no	hereditary angioedema with C1Inh deficiency (Definitive)
SERPINI1	2	1	ClinGen	yes	no	progressive myoclonus epilepsy (Definitive)
SFTPA1	2	1	ClinGen	yes	no	interstitial lung disease 1 (Moderate)
SFTPA2	2	1	ClinGen	yes	no	interstitial lung disease 2 (Definitive)
SFTPB	2	1	ClinGen	yes	no	surfactant metabolism dysfunction, pulmonary, 1 (Definitive)
SFTPC	2	1	ClinGen	yes	no	SFTPC-related interstitial lung disease (Definitive)
SGCB	2	1	ClinGen	yes	no	autosomal recessive limb-girdle muscular dystrophy (Definitive)
SGCD	2	1	ClinGen	yes	no	autosomal recessive limb-girdle muscular dystrophy (Definitive) | dilated cardiomyopathy 1L (Limited)
SGCG	2	1	ClinGen	yes	no	autosomal recessive limb-girdle muscular dystrophy (Definitive)
SGO1	2	1	mitotic_panel	yes	yes	tier 2
SH2D1A	2	1	ClinGen	yes	no	X-linked lymphoproliferative disease due to SH2D1A deficiency (Definitive)
SHQ1	2	1	PanelApp	yes	no	Intellectual disability (confidence 3)
SKA1	2	1	mitotic_panel	yes	yes	tier 2
SLC11A2	2	1	ClinGen	yes	no	microcytic anemia with liver iron overload (Definitive)
SLC12A2	2	1	PanelApp	yes	no	Intellectual disability (confidence 3)
SLC17A8	2	1	ClinGen	yes	no	nonsyndromic genetic hearing loss (Definitive)
SLC1A3	2	1	ClinGen	yes	no	episodic ataxia type 6 (Definitive)
SLC22A12	2	1	PanelApp	yes	no	Nephrocalcinosis or nephrolithiasis (confidence 3)
SLC24A1	2	1	ClinGen	yes	no	inherited retinal dystrophy (Definitive)
SLC25A3	2	1	ClinGen	yes	no	mitochondrial disease (Moderate)
SLC25A46	2	1	ClinGen	yes	no	Leigh syndrome (Limited) | neuropathy, hereditary motor and sensory, type 6B (Definitive)
SLC26A4	2	1	ClinGen	yes	no	Pendred syndrome (Definitive)
SLC29A3	2	1	ClinGen	yes	no	H syndrome (Definitive)
SLC2A9	2	1	PanelApp	yes	no	Nephrocalcinosis or nephrolithiasis (confidence 3)
SLC30A2	2	1	ClinGen	yes	no	zinc deficiency, transient neonatal (Definitive)
SLC34A3	2	1	PanelApp	yes	no	Nephrocalcinosis or nephrolithiasis (confidence 3)
SLC38A8	2	1	ClinGen	yes	no	foveal hypoplasia - optic nerve decussation defect - anterior segment dysgenesis syndrome (Definitive)
SLC39A4	2	1	ClinGen	yes	no	acrodermatitis enteropathica (Definitive)
SLC39A7	2	1	ClinGen	yes	no	agammaglobulinemia (Moderate)
SLC40A1	2	1	ClinGen	yes	no	hemochromatosis type 4 (Definitive)
SLC4A3	2	1	ClinGen	yes	no	short QT syndrome (Moderate)
SLC52A1	2	1	ClinGen	yes	no	maternal riboflavin deficiency (Moderate)
SLC7A5	2	1	ClinGen	yes	no	complex neurodevelopmental disorder (Moderate)
SLC9A1	2	1	ClinGen	yes	no	Lichtenstein-Knorr syndrome (Moderate)
SLFN14	2	1	ClinGen	yes	no	platelet-type bleeding disorder 20 (Moderate)
SLITRK6	2	1	ClinGen	yes	no	high myopia-sensorineural deafness syndrome (Definitive)
SMAD9	2	1	ClinGen	yes	no	pulmonary arterial hypertension (Definitive)
SMC2	2	1	mitotic_panel	yes	yes	tier 2
SMC4	2	1	mitotic_panel	yes	yes	tier 2
SMPX	2	1	ClinGen	yes	no	nonsyndromic genetic hearing loss (Definitive)
SNRNP200	2	1	ClinGen	yes	no	SNRNP200-related dominant retinopathy (Definitive)
SNX10	2	1	ClinGen	yes	no	autosomal recessive osteopetrosis 8 (Definitive)
SNX27	2	1	PanelApp	yes	no	Intellectual disability (confidence 3)
SOCS1	2	1	ClinGen	yes	no	autoinflammatory syndrome with immunodeficiency (Definitive)
SORD	2	1	ClinGen	yes	no	Charcot-Marie-Tooth disease (Definitive)
SP110	2	1	ClinGen	yes	no	hepatic veno-occlusive disease-immunodeficiency syndrome (Definitive)
SPATA7	2	1	ClinGen	yes	no	inherited retinal dystrophy (Definitive)
SPC24	2	1	mitotic_panel	yes	yes	tier 2
SPC25	2	1	mitotic_panel	yes	yes	tier 2
SPDL1	2	1	mitotic_panel	yes	yes	tier 2
SPEF2	2	1	ClinGen	yes	no	primary ciliary dyskinesia (Definitive)
SPI1	2	1	ClinGen	yes	no	agammaglobulinemia 10, autosomal dominant (Definitive)
SPINK5	2	1	ClinGen	yes	no	Netherton syndrome (Definitive)
SRC	2	1	ClinGen	yes	no	thrombocytopenia 6 (Moderate)
SRPK3	2	1	PanelApp	yes	no	Intellectual disability (confidence 3)
SSBP1	2	1	ClinGen	yes	no	Leigh syndrome (Limited) | optic atrophy 13 with retinal and foveal abnormalities (Strong)
SSR4	2	1	PanelApp	yes	no	Intellectual disability (confidence 3)
STAT3	2	1	ClinGen	yes	no	STAT3-related early-onset multisystem autoimmune disease (Definitive) | hyper-IgE recurrent infection syndrome 1, autosomal dominant (Definitive)
STAT6	2	1	ClinGen	yes	no	hyper-IgE syndrome 6, autosomal dominant, with recurrent infections (Strong)
STEEP1	2	1	PanelApp	yes	no	Intellectual disability (confidence 3)
STK36	2	1	ClinGen	yes	no	ciliary dyskinesia, primary, 46 (Moderate)
STK4	2	1	ClinGen	yes	no	combined immunodeficiency due to STK4 deficiency (Definitive)
STRC	2	1	ClinGen	yes	no	nonsyndromic genetic hearing loss (Definitive)
STXBP2	2	1	ClinGen	yes	no	familial hemophagocytic lymphohistiocytosis 5 (Definitive)
SUGCT	2	1	ClinGen	yes	no	glutaric acidemia type 3 (Moderate)
SUPV3L1	2	1	PanelApp	yes	no	Intellectual disability (confidence 3)
SVBP	2	1	PanelApp	yes	no	Intellectual disability (confidence 3) | Severe microcephaly (confidence 3)
SYCE1	2	1	ClinGen	yes	no	SYCE1-related gametogenic failure (Definitive)
SYNE4	2	1	ClinGen	yes	no	nonsyndromic genetic hearing loss (Moderate)
TAF6	2	1	PanelApp	yes	no	Intellectual disability (confidence 3)
TAMM41	2	1	ClinGen	yes	no	mitochondrial disease (Moderate)
TAOK2	2	1	PanelApp	yes	no	Intellectual disability (confidence 3)
TAP1	2	1	ClinGen	yes	no	MHC class I deficiency (Definitive)
TAP2	2	1	ClinGen	yes	no	MHC class I deficiency (Definitive)
TAPBP	2	1	ClinGen	yes	no	MHC class I deficiency (Moderate)
TBC1D7	2	1	PanelApp	yes	no	Intellectual disability (confidence 3)
TBK1	2	1	ClinGen	yes	no	frontotemporal dementia and/or amyotrophic lateral sclerosis 4 (Definitive)
TBXA2R	2	1	ClinGen	yes	no	qualitative platelet defect (Moderate)
TCAP	2	1	ClinGen	yes	no	autosomal recessive limb-girdle muscular dystrophy (Definitive) | dilated cardiomyopathy (Limited) | hypertrophic cardiomyopathy (Disputed)
TCF3	2	1	ClinGen	yes	no	autosomal agammaglobulinemia (Definitive)
TCIRG1	2	1	ClinGen	yes	no	autosomal recessive osteopetrosis 1 (Definitive) | dysosteosclerosis (Limited)
TECRL	2	1	ClinGen	yes	no	catecholaminergic polymorphic ventricular tachycardia (Definitive)
TECTA	2	1	ClinGen	yes	no	nonsyndromic genetic hearing loss (Definitive)
TEFM	2	1	PanelApp	yes	no	Intellectual disability (confidence 3)
TENM3	2	1	PanelApp	yes	no	Intellectual disability (confidence 3)
TET2	2	1	ClinGen	yes	no	pulmonary arterial hypertension (Moderate)
TF	2	1	ClinGen	yes	no	atransferrinemia (Moderate)
TFG	2	1	PanelApp	yes	no	Intellectual disability (confidence 3)
TFR2	2	1	ClinGen	yes	no	hemochromatosis type 3 (Definitive)
THBD	2	1	ClinGen	yes	no	atypical hemolytic-uremic syndrome (Disputed) | thrombomodulin-related bleeding disorder (Limited) | thrombomodulin-related bleeding disorder (Moderate)
THPO	2	1	ClinGen	yes	no	congenital amegakaryocytic thrombocytopenia (Definitive) | thrombocythemia 1 (Definitive)
TIAM1	2	1	PanelApp	yes	no	Intellectual disability (confidence 3)
TIMMDC1	2	1	ClinGen	yes	no	Leigh syndrome (Limited) | mitochondrial disease (Definitive)
TIMP3	2	1	ClinGen	yes	no	Sorsby fundus dystrophy (Definitive)
TLR7	2	1	ClinGen	yes	no	systemic lupus erythematosus 17 (Moderate)
TMC1	2	1	ClinGen	yes	no	nonsyndromic genetic hearing loss (Definitive)
TMEM107	2	1	PanelApp	yes	no	Cystic renal disease (confidence 3)
TMEM126A	2	1	ClinGen	yes	no	autosomal recessive optic atrophy, OPA7 type (Definitive) | mitochondrial disease (Definitive)
TMEM127	2	1	ClinGen	yes	no	hereditary pheochromocytoma-paraganglioma (Definitive)
TMEM167A	2	1	PanelApp	yes	no	Severe microcephaly (confidence 3)
TMEM43	2	1	ClinGen	yes	no	arrhythmogenic right ventricular dysplasia 5 (Definitive)
TMIE	2	1	ClinGen	yes	no	nonsyndromic genetic hearing loss (Definitive)
TMPRSS3	2	1	ClinGen	yes	no	nonsyndromic genetic hearing loss (Definitive)
TNFRSF1A	2	1	ClinGen	yes	no	TNF receptor 1-associated periodic fever syndrome (Definitive)
TNFRSF9	2	1	ClinGen	yes	no	immunodeficiency 109 with lymphoproliferation (Definitive)
TNFSF11	2	1	ClinGen	yes	no	autosomal recessive osteopetrosis 2 (Definitive)
TNNC1	2	1	ClinGen	yes	no	arrhythmogenic right ventricular cardiomyopathy (No Known Disease Relationship) | dilated cardiomyopathy 1Z (Definitive) | hypertrophic cardiomyopathy (Definitive)
TNNI3	2	1	ClinGen	yes	no	arrhythmogenic right ventricular cardiomyopathy (No Known Disease Relationship) | dilated cardiomyopathy 1FF (Strong) | dilated cardiomyopathy 2A (Strong) | hypertrophic cardiomyopathy (Definitive)
TNNI3K	2	1	ClinGen	yes	no	dilated cardiomyopathy (Moderate)
TNNT1	2	1	ClinGen	yes	no	nemaline myopathy (Limited) | nemaline myopathy 5 (Definitive)
TNNT2	2	1	ClinGen	yes	no	arrhythmogenic right ventricular cardiomyopathy (No Known Disease Relationship) | dilated cardiomyopathy 1D (Definitive)
TNPO3	2	1	ClinGen	yes	no	muscular dystrophy, limb-girdle, autosomal dominant (Definitive)
TOP2B	2	1	ClinGen	yes	no	B-cell immunodeficiency, distal limb anomalies, and urogenital malformations (Moderate)
TOPORS	2	1	ClinGen	yes	no	TOPORS-related retinopathy (Definitive)
TOR1AIP1	2	1	ClinGen	yes	no	TOR1AIP1-related multisystem disorder (Definitive) | TOR1AIP1-related myopathy (Definitive)
TPM1	2	1	ClinGen	yes	no	arrhythmogenic right ventricular cardiomyopathy (No Known Disease Relationship) | dilated cardiomyopathy 1Y (Moderate) | hypertrophic cardiomyopathy (Definitive)
TPM4	2	1	ClinGen	yes	no	TPM4-related platelet disorder (Moderate)
TPRN	2	1	ClinGen	yes	no	nonsyndromic genetic hearing loss (Definitive)
TRAC	2	1	ClinGen	yes	no	TCR-alpha-beta-positive T-cell deficiency (Moderate)
TRAF3	2	1	ClinGen	yes	no	TRAF3 haploinsufficiency (Moderate)
TRDN	2	1	ClinGen	yes	no	catecholaminergic polymorphic ventricular tachycardia (Definitive) | long QT syndrome (Strong)
TRIM28	2	1	PanelApp	yes	no	Childhood solid tumours (confidence 3)
TRIM63	2	1	ClinGen	yes	no	hypertrophic cardiomyopathy (Disputed) | hypertrophic cardiomyopathy (Moderate)
TRIOBP	2	1	ClinGen	yes	no	hearing loss, autosomal recessive (Definitive)
TRMU	2	1	ClinGen	yes	no	Leigh syndrome (Moderate) | mitochondrial disease (Definitive)
TRPM7	2	1	ClinGen	yes	no	macrothrombocytopenia, isolated (Moderate)
TSPAN12	2	1	ClinGen	yes	no	TSPAN12-related exudative vitreoretinopathy (Definitive)
TSPOAP1	2	1	PanelApp	yes	no	Intellectual disability (confidence 3)
TTLL5	2	1	ClinGen	yes	no	TTLL5-related retinopathy (Definitive)
TUBA4A	2	1	ClinGen	yes	no	amyotrophic lateral sclerosis type 22 (Moderate) | autosomal dominant macrothrombocytopenia (Limited)
TUBB1	2	1	ClinGen	yes	no	macrothrombocytopenia, isolated, 1, autosomal dominant (Definitive)
TUBB4B	2	1	ClinGen	yes	no	TUBB4B-related ciliopathy (Definitive)
TULP1	2	1	ClinGen	yes	no	Leber congenital amaurosis 15 (Definitive)
TWNK	2	1	ClinGen	yes	no	Perrault syndrome 5 (Definitive)
TYMP	2	1	ClinGen	yes	no	mitochondrial disease (Definitive)
UBE2C	2	1	mitotic_panel	yes	yes	tier 2
UBQLN2	2	1	ClinGen	yes	no	amyotrophic lateral sclerosis type 15 (Definitive)
UCHL1	2	1	ClinGen	yes	no	hereditary spastic paraplegia (Definitive) | hereditary spastic paraplegia (Moderate)
UNC13D	2	1	ClinGen	yes	no	familial hemophagocytic lymphohistiocytosis 3 (Definitive)
UNC93B1	2	1	ClinGen	yes	no	systemic lupus erythematosus (Moderate)
UNG	2	1	ClinGen	yes	no	hyper-IgM syndrome type 5 (Moderate)
UQCC2	2	1	ClinGen	yes	no	mitochondrial disease (Moderate)
UQCRC2	2	1	ClinGen	yes	no	mitochondrial disease (Moderate)
UROD	2	1	ClinGen	yes	no	UROD-related inherited porphyria (Definitive)
USH1C	2	1	ClinGen	yes	no	Usher syndrome type 1 (Definitive) | nonsyndromic genetic hearing loss (Limited)
USH2A	2	1	ClinGen	yes	no	Usher syndrome type 2 (Definitive)
VAPB	2	1	ClinGen	yes	no	amyotrophic lateral sclerosis type 8 (Definitive)
VARS1	2	1	PanelApp	yes	no	Intellectual disability (confidence 3)
VCAN	2	1	ClinGen	yes	no	Wagner disease (Definitive)
VCL	2	1	ClinGen	yes	no	congenital heart disease (No Known Disease Relationship) | dilated cardiomyopathy 1W (Strong) | hypertrophic cardiomyopathy (Disputed)
VKORC1	2	1	ClinGen	yes	no	vitamin K-dependent clotting factors, combined deficiency of, type 2 (Moderate)
VPS41	2	1	PanelApp	yes	no	Intellectual disability (confidence 3)
VWF	2	1	ClinGen	yes	no	hereditary von Willebrand disease (Definitive) | von Willebrand disease type 2B (Definitive)
WARS1	2	1	PanelApp	yes	no	Intellectual disability (confidence 3) | Severe microcephaly (confidence 3)
WAS	2	1	ClinGen	yes	no	Wiskott-Aldrich syndrome (Definitive) | X-linked severe congenital neutropenia (Definitive)
WDR47	2	1	PanelApp	yes	no	Intellectual disability (confidence 3) | Severe microcephaly (confidence 2)
WHRN	2	1	ClinGen	yes	no	Usher syndrome type 2D (Definitive) | nonsyndromic genetic hearing loss (Moderate)
WIPF1	2	1	ClinGen	yes	no	Wiskott-Aldrich syndrome 2 (Definitive)
WLS	2	1	PanelApp	yes	no	Severe microcephaly (confidence 3)
WNK1	2	1	ClinGen	yes	no	neuropathy, hereditary sensory and autonomic, type 2A (Definitive)
WNT10A	2	1	ClinGen	yes	no	ectodermal dysplasia WNT10A related (Definitive)
XDH	2	1	PanelApp	yes	no	Nephrocalcinosis or nephrolithiasis (confidence 3)
YARS1	2	1	ClinGen	yes	no	Charcot-Marie-Tooth disease (Definitive)
YIPF5	2	1	PanelApp	yes	no	Intellectual disability (confidence 3) | Severe microcephaly (confidence 3)
ZAP70	2	1	ClinGen	yes	no	combined immunodeficiency due to ZAP70 deficiency (Definitive)
ZNF341	2	1	ClinGen	yes	no	hyper-IgE recurrent infection syndrome 3, autosomal recessive (Definitive)
ZNFX1	2	1	PanelApp	yes	no	Intellectual disability (confidence 3)
ZW10	2	1	mitotic_panel	yes	yes	tier 2
ZWILCH	2	1	mitotic_panel	yes	yes	tier 2
ZWINT	2	1	mitotic_panel	yes	yes	tier 2
A2ML1	3	2	ClinGen,PanelApp	no	no	Intellectual disability (confidence 1) | Noonan syndrome (Disputed)
ABCB11	3	2	PanelApp,gene2phenotype	no	no	ABCB11-related intrahepatic cholestasis () | Intellectual disability (confidence 1)
ABCC1	3	1	ClinGen	no	no	autosomal dominant nonsyndromic hearing loss (Limited)
ABCD3	3	1	ClinGen	no	no	congenital bile acid synthesis defect 5 (Limited)
ABI2	3	1	PanelApp	no	no	Intellectual disability (confidence 2)
ABL1	3	1	gene2phenotype	no	no	ABL1-related congenital heart defects and skeletal malformations ()
ACADL	3	1	ClinGen	no	no	long chain acyl-CoA dehydrogenase deficiency (Disputed)
ACAT2	3	1	ClinGen	no	no	acetyl-CoA acetyltransferase-2 deficiency (No Known Disease Relationship)
ACE2	3	1	PanelApp	no	no	Intellectual disability (confidence 1)
ACIN1	3	1	PanelApp	no	no	Intellectual disability (confidence 1)
ACOT9	3	1	PanelApp	no	no	Intellectual disability (confidence 1)
ACP5	3	2	PanelApp,gene2phenotype	no	no	ACP5-related spondyloenchondrodysplasia with immune dysregulation () | Intellectual disability (confidence 2)
ACVR2B	3	1	gene2phenotype	no	no	ACVR2B-related heterotaxy syndrome ()
ADAMTS10	3	1	PanelApp	no	no	Intellectual disability (confidence 2)
ADAMTS15	3	1	gene2phenotype	no	no	ADAMTS15-related distal arthrogryposis ()
ADAMTS19	3	2	ClinGen,gene2phenotype	no	no	ADAMTS19-related cardiac valvular dysplasia () | congenital heart disease (Limited)
ADAMTS9	3	3	ClinGen,PanelApp,gene2phenotype	no	no	ADAMTS9-related nephronophthisis related ciliopathy () | Cystic renal disease (confidence 2) | ciliopathy (Limited)
ADAMTSL2	3	1	gene2phenotype	no	no	ADAMTSL2-related geleophysic dysplasia ()
ADCY1	3	1	ClinGen	no	no	nonsyndromic genetic hearing loss (Limited)
ADCY10	3	1	PanelApp	no	no	Nephrocalcinosis or nephrolithiasis (confidence 1)
ADGRG4	3	1	PanelApp	no	no	Intellectual disability (confidence 1)
ADGRG6	3	2	PanelApp,gene2phenotype	no	no	ADGRG6-related lethal congenital contracture syndrome () | Intellectual disability (confidence 1)
ADPRS	3	1	PanelApp	no	no	Intellectual disability (confidence 2)
ADRA2B	3	3	ClinGen,PanelApp,gene2phenotype	no	no	ADRA2B-related intellectual developmental disorder () | Intellectual disability (confidence 1) | epilepsy (Refuted)
AFP	3	1	PanelApp	no	no	Intellectual disability (confidence 1)
AGAP1	3	1	PanelApp	no	no	Intellectual disability (confidence 2)
AGMO	3	1	PanelApp	no	no	Intellectual disability (confidence 2) | Severe microcephaly (confidence 2)
AGPAT3	3	2	PanelApp,gene2phenotype	no	no	AGPAT3-related intellectual disability and retinitis pigmentosa () | Intellectual disability (confidence 2)
AGT	3	1	PanelApp	no	no	Intellectual disability (confidence 1)
AGTR2	3	2	ClinGen,PanelApp	no	no	Intellectual disability (confidence 1) | X-linked complex neurodevelopmental disorder (Disputed)
AHCTF1	3	1	mitotic_panel	no	yes	tier 3
AK1	3	1	PanelApp	no	no	Intellectual disability (confidence 1)
AK7	3	1	ClinGen	no	no	primary ciliary dyskinesia (Disputed) | spermatogenic failure (Limited)
AKAP17A	3	1	PanelApp	no	no	Intellectual disability (confidence 1)
AKAP4	3	1	PanelApp	no	no	Intellectual disability (confidence 1)
AKAP6	3	1	PanelApp	no	no	Intellectual disability (confidence 1)
AKAP9	3	2	ClinGen,mitotic_panel	no	yes	long QT syndrome (Disputed) | tier 3
AKR1C2	3	1	PanelApp	no	no	Intellectual disability (confidence 1)
AKT1	3	3	ClinGen,PanelApp,gene2phenotype	no	no	AKT1-related Proteus syndrome () | Childhood solid tumours (confidence 1) | Cowden syndrome 6 (Limited) | Intellectual disability (confidence 2)
ALDH1A2	3	1	gene2phenotype	no	no	ALDH1A2-related diaphragmatic hernia and pulmonary hypoplasia ()
ALDH1A3	3	2	PanelApp,gene2phenotype	no	no	ALDH1A3-related anophthalmia/microphthalmia () | Intellectual disability (confidence 1)
ALDH6A1	3	1	ClinGen	no	no	methylmalonate semialdehyde dehydrogenase deficiency (Limited)
ALDOA	3	2	PanelApp,gene2phenotype	no	no	ALDOA-related glycogen storage disease () | Intellectual disability (confidence 2)
ALG10	3	1	ClinGen	no	no	congenital disorder of glycosylation (Limited)
ALG10B	3	1	ClinGen	no	no	long QT syndrome (Limited)
ALG14	3	2	ClinGen,PanelApp	no	no	Intellectual disability (confidence 2) | congenital disorder of glycosylation (Limited)
AMFR	3	1	gene2phenotype	no	no	AMFR-related spastic paraplegia with or without neurodevelopmental delay ()
AMOTL1	3	1	gene2phenotype	no	no	AMOTL1-related orofacial clefting, cardiac anomalies, and tall stature ()
ANAPC10	3	1	mitotic_panel	no	yes	tier 3
ANG	3	1	ClinGen	no	no	amyotrophic lateral sclerosis type 9 (Limited)
ANGPT1	3	1	ClinGen	no	no	primary congenital glaucoma (Limited)
ANGPT2	3	1	gene2phenotype	no	no	ANGPT2-related non-immune hydrops fetalis ()
ANKH	3	2	PanelApp,gene2phenotype	no	no	ANKH-related chondrocalcinosis () | ANKH-related craniometaphyseal dysplasia Jackson type () | Intellectual disability (confidence 1)
ANKRD1	3	1	ClinGen	no	no	congenital heart disease (Limited) | dilated cardiomyopathy (Limited) | hypertrophic cardiomyopathy (Disputed)
ANKS1B	3	1	PanelApp	no	no	Intellectual disability (confidence 2)
ANKZF1	3	1	ClinGen	no	no	inflammatory bowel disease (Disputed)
ANO1	3	1	gene2phenotype	no	no	ANO1-related intestinal disease ()
ANO3	3	2	PanelApp,gene2phenotype	no	no	ANO3-related dystonia () | Intellectual disability (confidence 1)
AP2S1	3	2	PanelApp,gene2phenotype	no	no	AP2S1-related developmental disorder () | Intellectual disability (confidence 2) | Nephrocalcinosis or nephrolithiasis (confidence 1)
APOA4	3	1	ClinGen	no	no	autosomal dominant medullary cystic kidney disease with or without hyperuricemia (Limited)
APOLD1	3	1	ClinGen	no	no	inherited blood coagulation disorder (Limited)
APPL1	3	1	ClinGen	no	no	monogenic diabetes (Refuted)
APTX	3	2	PanelApp,gene2phenotype	no	no	APTX-related ataxia with oculomotor apraxia () | Intellectual disability (confidence 1)
AQP1	3	1	ClinGen	no	no	pulmonary arterial hypertension (Limited)
AQP7	3	1	PanelApp	no	no	Intellectual disability (confidence 1)
ARHGAP31	3	2	PanelApp,gene2phenotype	no	no	ARHGAP31-related Adams-Oliver syndrome () | Intellectual disability (confidence 1)
ARHGAP35	3	2	PanelApp,gene2phenotype	no	no	ARHGAP35-related developmental disorder () | Intellectual disability (confidence 2)
ARHGAP36	3	1	PanelApp	no	no	Intellectual disability (confidence 1)
ARHGAP6	3	1	PanelApp	no	no	Intellectual disability (confidence 1)
ARHGEF1	3	1	ClinGen	no	no	immunodeficiency 62 (Limited)
ARHGEF10	3	2	ClinGen,mitotic_panel	no	yes	autosomal dominant slowed nerve conduction velocity (Limited) | tier 4
ARHGEF2	3	1	PanelApp	no	no	Intellectual disability (confidence 1)
ARHGEF28	3	1	ClinGen	no	no	amyotrophic lateral sclerosis (Limited)
ARHGEF4	3	1	PanelApp	no	no	Intellectual disability (confidence 1)
ARHGEF40	3	1	PanelApp	no	no	Intellectual disability (confidence 2)
ARHGEF6	3	3	ClinGen,PanelApp,gene2phenotype	no	no	ARHGEF6-related intellectual developmental disorder () | Intellectual disability (confidence 1) | non-syndromic X-linked intellectual disability (Disputed)
ARIH1	3	1	PanelApp	no	no	Intellectual disability (confidence 1)
ARL14EP	3	2	PanelApp,gene2phenotype	no	no	ARL14EP-related intellectual developmental disorder () | Intellectual disability (confidence 2)
ARL2	3	1	mitotic_panel	no	yes	tier 4
ARL3	3	1	gene2phenotype	no	no	ARL3-related Joubert syndrome ()
ARNT2	3	1	gene2phenotype	no	no	ARNT2-related hypopituitarism, post-natal microcephaly, visual and renal anomalies ()
ARPP21	3	1	ClinGen	no	no	amyotrophic lateral sclerosis (Limited)
ARSF	3	1	PanelApp	no	no	Intellectual disability (confidence 1)
ASB10	3	1	ClinGen	no	no	obsolete glaucoma 1, open angle, F (Limited)
ASB12	3	1	PanelApp	no	no	Intellectual disability (confidence 1)
ASCC1	3	1	gene2phenotype	no	no	ASCC1-related prenatal spinal muscular atrophy and congenital bone fractures ()
ASCL1	3	2	PanelApp,gene2phenotype	no	no	ASCL1-related intellectual developmental disorder () | Intellectual disability (confidence 1)
ASMT	3	1	PanelApp	no	no	Intellectual disability (confidence 1)
ASMTL	3	1	PanelApp	no	no	Intellectual disability (confidence 1)
ASPH	3	2	PanelApp,gene2phenotype	no	no	ASPH-related dysmorphism, lens dislocation, anterior segment abnormalities, and filtering blebs () | Intellectual disability (confidence 1)
ASPNAT	3	1	ClinGen	no	no	N-acetylaspartate deficiency (Limited)
ASTN1	3	1	PanelApp	no	no	Intellectual disability (confidence 2)
ATAD2B	3	1	PanelApp	no	no	Intellectual disability (confidence 1)
ATCAY	3	1	PanelApp	no	no	Intellectual disability (confidence 1)
ATE1	3	1	ClinGen	no	no	congenital heart disease (Disputed)
ATF5	3	1	mitotic_panel	no	yes	tier 4
ATG12	3	2	PanelApp,gene2phenotype	no	no	ATG12-related neurodevelopmental disorder with cerebellar vermis hypoplasia () | Intellectual disability (confidence 2)
ATG4D	3	2	PanelApp,gene2phenotype	no	no	ATG4D-related neurodevelopmental disorder () | Intellectual disability (confidence 2)
ATG5	3	1	ClinGen	no	no	spinocerebellar ataxia, autosomal recessive 25 (Limited)
ATOH1	3	1	PanelApp	no	no	Intellectual disability (confidence 2)
ATOH7	3	1	gene2phenotype	no	no	ATOH7-related persistent hyperplastic primary vitreous ()
ATP2A2	3	2	ClinGen,PanelApp	no	no	Intellectual disability (confidence 1) | epilepsy (Refuted)
ATP2B3	3	1	PanelApp	no	no	Intellectual disability (confidence 1)
ATP2C2	3	1	PanelApp	no	no	Intellectual disability (confidence 1)
ATP5F1A	3	1	gene2phenotype	no	no	ATP5F1A-related failure to thrive, hyperlactatemia and hyperammonemia () | ATP5F1A-related mitochondrial encephalopathy ()
ATP5F1D	3	2	ClinGen,gene2phenotype	no	no	ATP5F1D-related metabolic disorder () | mitochondrial disease (Limited)
ATP5F1E	3	1	ClinGen	no	no	mitochondrial disease (Limited)
ATP5MC3	3	1	ClinGen	no	no	mitochondrial disease (Limited)
ATP6V1E1	3	2	ClinGen,gene2phenotype	no	no	ATP6V1E1-related cutis laxa () | autosomal recessive cutis laxa type 2C (Limited)
ATP8B1	3	2	PanelApp,gene2phenotype	no	no	ATP8B1-related intrahepatic cholestasis () | Intellectual disability (confidence 1)
ATPAF2	3	1	ClinGen	no	no	mitochondrial disease (Limited)
ATRIP	3	2	ClinGen,PanelApp	no	no	Severe microcephaly (confidence 1) | hereditary breast carcinoma (Limited)
ATXN1	3	1	PanelApp	no	no	Intellectual disability (confidence 1)
ATXN10	3	1	PanelApp	no	no	Intellectual disability (confidence 1)
ATXN2L	3	1	PanelApp	no	no	Intellectual disability (confidence 2)
ATXN3	3	1	PanelApp	no	no	Intellectual disability (confidence 1)
ATXN3L	3	1	PanelApp	no	no	Intellectual disability (confidence 1)
ATXN7	3	1	PanelApp	no	no	Intellectual disability (confidence 1)
AURKA	3	1	mitotic_panel	no	yes	tier 3
AVIL	3	1	ClinGen	no	no	nephrotic syndrome, type 21 (Limited)
AVP	3	1	PanelApp	no	no	Intellectual disability (confidence 1)
AVPR1A	3	1	ClinGen	no	no	autism spectrum disorder (Disputed)
AVPR2	3	1	PanelApp	no	no	Intellectual disability (confidence 1)
AWAT2	3	1	PanelApp	no	no	Intellectual disability (confidence 1)
AXIN1	3	1	gene2phenotype	no	no	AXIN1-related caudal duplication anomaly ()
B2M	3	1	ClinGen	no	no	amyloidosis, hereditary systemic 6 (Limited) | hypoproteinemia, hypercatabolic (Limited)
B3GAT3	3	1	gene2phenotype	no	no	B3GAT3-related multiple joint dislocations, contractures, fractures, short stature, and craniofacial dysmorphism with or without congenital heart defects ()
BAIAP2	3	1	PanelApp	no	no	Intellectual disability (confidence 2)
BANF1	3	2	ClinGen,gene2phenotype	no	no	BANF1-related Nestor-Guillermo progeria syndrome () | Nestor-Guillermo progeria syndrome (Limited)
BCL7A	3	1	mitotic_panel	no	yes	tier 4
BCL7B	3	1	mitotic_panel	no	yes	tier 4
BCL7C	3	1	mitotic_panel	no	yes	tier 4
BCL9	3	1	ClinGen	no	no	congenital heart disease (Limited)
BCORL1	3	3	ClinGen,PanelApp,gene2phenotype	no	no	BCORL1-related Shukla-Vernon syndrome () | Intellectual disability (confidence 2) | Shukla-Vernon syndrome (Limited)
BDP1	3	2	ClinGen,PanelApp	no	no	Intellectual disability (confidence 1) | nonsyndromic genetic hearing loss (Limited)
BEAN1	3	1	PanelApp	no	no	Intellectual disability (confidence 1)
BECN1	3	1	mitotic_panel	no	yes	tier 4
BFSP2	3	2	PanelApp,gene2phenotype	no	no	BFSP2-related cataract () | Intellectual disability (confidence 1)
BHLHA9	3	2	PanelApp,gene2phenotype	no	no	BHLHA9-related mesoaxial synostotic syndactyly with phalangeal reduction, Malik-Percin type () | BHLHA9-related split hand and foot malformation () | Intellectual disability (confidence 1)
BHLHE22	3	1	PanelApp	no	no	Intellectual disability (confidence 2)
BICD2	3	2	PanelApp,gene2phenotype	no	no	BICD2-related proximal spinal muscular atrophy with brain anomalies () | Intellectual disability (confidence 1)
BLK	3	1	ClinGen	no	no	monogenic diabetes (Refuted)
BMP10	3	1	ClinGen	no	no	congenital heart disease (Limited) | pulmonary arterial hypertension (Limited)
BMP15	3	1	PanelApp	no	no	Intellectual disability (confidence 1)
BMP2	3	1	gene2phenotype	no	no	BMP2-related short stature, palatal anomalies, congenital heart disease, and skeletal malformations ()
BMP6	3	1	ClinGen	no	no	iron overload, susceptibility to (Limited)
BMPER	3	2	PanelApp,gene2phenotype	no	no	BMPER-related diaphanospondylodysostosis () | Intellectual disability (confidence 1)
BMPR1B	3	3	ClinGen,PanelApp,gene2phenotype	no	no	BMPR1B-related brachydactyly () | Intellectual disability (confidence 1) | pulmonary arterial hypertension (Disputed)
BNC2	3	1	gene2phenotype	no	no	BNC2-related congenital lower urinary tract obstruction ()
BOD1	3	1	mitotic_panel	no	yes	tier 3
BORCS5	3	1	PanelApp	no	no	Intellectual disability (confidence 2)
BPIFB6	3	1	PanelApp	no	no	Intellectual disability (confidence 1)
BRD7	3	1	mitotic_panel	no	yes	tier 3
BRF2	3	1	PanelApp	no	no	Intellectual disability (confidence 2)
BRSK1	3	1	PanelApp	no	no	Intellectual disability (confidence 2)
BRWD1	3	1	ClinGen	no	no	agammaglobulinemia (Limited) | primary ciliary dyskinesia (Disputed)
BSN	3	2	PanelApp,gene2phenotype	no	no	BSN-related epilepsy () | Intellectual disability (confidence 2)
C1GALT1C1	3	1	ClinGen	no	no	hemolytic uremic syndrome, atypical, 8, with rhizomelic short stature (Limited)
C1QC	3	1	PanelApp	no	no	Intellectual disability (confidence 1)
C9orf78	3	1	mitotic_panel	no	yes	tier 4
CACNA1H	3	2	PanelApp,gene2phenotype	no	no	CACNA1H-related epilepsy, childhood absence, susceptibility to () | Intellectual disability (confidence 1)
CACNA2D3	3	1	PanelApp	no	no	Intellectual disability (confidence 1)
CACNB2	3	1	ClinGen	no	no	cardiogenetic disease (Disputed)
CACNB4	3	3	ClinGen,PanelApp,gene2phenotype	no	no	CACNB4-related juvenile myoclonic epilepsy () | Intellectual disability (confidence 2) | epilepsy (Refuted)
CACNG2	3	2	ClinGen,PanelApp	no	no	Intellectual disability (confidence 1) | complex neurodevelopmental disorder (Limited)
CALR3	3	1	ClinGen	no	no	hypertrophic cardiomyopathy (Disputed)
CAMK2G	3	3	ClinGen,PanelApp,gene2phenotype	no	no	CAMK2G-related intellectual developmental disorder () | Intellectual disability (confidence 2) | intellectual developmental disorder 59 (Limited)
CAMLG	3	1	ClinGen	no	no	congenital disorder of glycosylation, type IIz (Limited)
CAP1	3	1	PanelApp	no	no	Intellectual disability (confidence 1)
CAPN10	3	2	PanelApp,gene2phenotype	no	no	CAPN10-related intellectual developmental disorder () | Intellectual disability (confidence 1)
CAPZA2	3	1	PanelApp	no	no	Intellectual disability (confidence 2)
CASP10	3	1	ClinGen	no	no	autoimmune lymphoproliferative syndrome type 2A (Limited)
CASZ1	3	1	ClinGen	no	no	congenital heart disease (Limited)
CAV2	3	1	ClinGen	no	no	amyotrophic lateral sclerosis (Limited)
CBX1	3	1	gene2phenotype	no	no	CBX1-related neurodevelopmental disorder ()
CCDC102B	3	1	mitotic_panel	no	yes	tier 4
CCDC15	3	1	mitotic_panel	no	yes	tier 4
CCDC174	3	1	PanelApp	no	no	Intellectual disability (confidence 1)
CCDC186	3	1	PanelApp	no	no	Intellectual disability (confidence 2)
CCDC28B	3	1	PanelApp	no	no	Cystic renal disease (confidence 1)
CCDC50	3	1	ClinGen	no	no	nonsyndromic genetic hearing loss (Limited)
CCDC57	3	1	mitotic_panel	no	yes	tier 4
CCDC78	3	3	ClinGen,PanelApp,gene2phenotype	no	no	CCDC78-related congenital myopathy () | Intellectual disability (confidence 1) | centronuclear myopathy (Limited)
CCDC8	3	2	PanelApp,gene2phenotype	no	no	CCDC8-related 3-M syndrome () | Intellectual disability (confidence 1)
CCN2	3	1	PanelApp	no	no	Intellectual disability (confidence 1)
CCNA2	3	3	PanelApp,gene2phenotype,mitotic_panel	no	yes	CCNA2-related intellectual developmental disorder () | Intellectual disability (confidence 1) | tier 3
CCNB2	3	1	mitotic_panel	no	yes	tier 3
CCNB3	3	1	PanelApp	no	no	Intellectual disability (confidence 1)
CCNF	3	2	ClinGen,mitotic_panel	no	yes	frontotemporal dementia and/or amyotrophic lateral sclerosis 5 (Limited) | tier 4
CCNK	3	2	PanelApp,gene2phenotype	no	no	CCNK-related syndromic neurodevelopmental disorder with distinctive facial dysmorphism () | Intellectual disability (confidence 2)
CCNL1	3	1	mitotic_panel	no	yes	tier 4
CCNL2	3	1	mitotic_panel	no	yes	tier 4
CCP110	3	1	mitotic_panel	no	yes	tier 3
CCS	3	1	ClinGen	no	no	disorder of copper metabolism (No Known Disease Relationship)
CCT3	3	2	PanelApp,gene2phenotype	no	no	CCT3-related neurodevelopmental disorder with hypomyelination of white matter () | Intellectual disability (confidence 2)
CCT4	3	1	gene2phenotype	no	no	CCT4-related neurodevelopmental disorder with brain abnormalities ()
CCT5	3	2	PanelApp,gene2phenotype	no	no	CCT5-related neurodevelopmental disorder with brain abnormalities () | Intellectual disability (confidence 1)
CCT7	3	2	PanelApp,gene2phenotype	no	no	CCT7-related neurodevelopmental disorder with brain abnormalities () | Intellectual disability (confidence 1)
CCT8	3	2	PanelApp,gene2phenotype	no	no	CCT8-related neurodevelopmental disorder with brain abnormalities () | Intellectual disability (confidence 2)
CD151	3	1	gene2phenotype	no	no	CD151-related nephropathy with pretibial epidermolysis bullosa and deafness ()
CD81	3	1	ClinGen	no	no	immunodeficiency, common variable, 6 (Limited)
CD8A	3	1	ClinGen	no	no	susceptibility to respiratory infections associated with CD8alpha chain mutation (Limited)
CD96	3	3	ClinGen,PanelApp,gene2phenotype	no	no	C syndrome (Limited) | CD96-related C syndrome () | Intellectual disability (confidence 2)
CD99	3	1	PanelApp	no	no	Intellectual disability (confidence 1)
CDC26	3	1	mitotic_panel	no	yes	tier 3
CDC40	3	2	PanelApp,gene2phenotype	no	no	CDC40-related neurodegenerative pontocerebellar hypoplasia with microcephaly () | Intellectual disability (confidence 1)
CDC42BPB	3	2	PanelApp,gene2phenotype	no	no	CDC42BPB-related neurodevelopmental disorder () | Intellectual disability (confidence 2)
CDH15	3	3	ClinGen,PanelApp,gene2phenotype	no	no	CDH15-related intellectual developmental disorder () | Intellectual disability (confidence 1) | intellectual disability (Disputed)
CDK11B	3	1	mitotic_panel	no	yes	tier 3
CDK2	3	1	mitotic_panel	no	yes	tier 4
CDK20	3	2	PanelApp,gene2phenotype	no	no	CDK20-related ciliopathy with midline brain and facial anomalies () | Intellectual disability (confidence 2)
CDK5R1	3	1	PanelApp	no	no	Intellectual disability (confidence 1)
CDK6	3	1	PanelApp	no	no	Severe microcephaly (confidence 2)
CDKL1	3	1	gene2phenotype	no	no	CDKL1-related developmental disorder ()
CDKL2	3	1	gene2phenotype	no	no	CDKL2-related neurodevelopmental disorder ()
CDO1	3	1	gene2phenotype	no	no	CDO1-related neurodevelopmental disorder ()
CELF4	3	2	PanelApp,gene2phenotype	no	no	CELF4-related neurodevelopmental disorder with overgrowth () | Intellectual disability (confidence 2)
CELSR1	3	1	gene2phenotype	no	no	CELSR1-related fetal hydrops ()
CELSR3	3	2	PanelApp,gene2phenotype	no	no	CELSR3-related neurodevelopmental disorder with or without urinary tract abnormalities () | Intellectual disability (confidence 2)
CEMIP	3	1	ClinGen	no	no	nonsyndromic genetic hearing loss (Disputed)
CENPH	3	1	mitotic_panel	no	yes	tier 3
CENPK	3	1	mitotic_panel	no	yes	tier 3
CENPL	3	1	mitotic_panel	no	yes	tier 3
CENPM	3	1	mitotic_panel	no	yes	tier 3
CENPN	3	1	mitotic_panel	no	yes	tier 3
CENPO	3	1	mitotic_panel	no	yes	tier 3
CENPP	3	1	mitotic_panel	no	yes	tier 3
CENPQ	3	1	mitotic_panel	no	yes	tier 3
CENPT	3	1	mitotic_panel	no	yes	tier 3
CENPU	3	1	mitotic_panel	no	yes	tier 3
CENPV	3	1	mitotic_panel	no	yes	tier 4
CENPW	3	1	mitotic_panel	no	yes	tier 4
CENPX	3	1	mitotic_panel	no	yes	tier 4
CEP131	3	1	mitotic_panel	no	yes	tier 3
CEP295	3	2	PanelApp,mitotic_panel	no	yes	Intellectual disability (confidence 2) | tier 3
CEP44	3	1	mitotic_panel	no	yes	tier 4
CEP68	3	1	mitotic_panel	no	yes	tier 4
CEP72	3	1	mitotic_panel	no	yes	tier 3
CEP76	3	1	mitotic_panel	no	yes	tier 3
CEP85	3	1	mitotic_panel	no	yes	tier 3
CEP89	3	1	ClinGen	no	no	mitochondrial disease (Disputed)
CETN2	3	1	mitotic_panel	no	yes	tier 3
CETN3	3	1	mitotic_panel	no	yes	tier 4
CFAP46	3	1	ClinGen	no	no	primary ciliary dyskinesia (Limited)
CFAP57	3	1	ClinGen	no	no	primary ciliary dyskinesia (Limited)
CFC1	3	1	gene2phenotype	no	no	CFC1-related conotruncal heart malformations ()
CFP	3	1	PanelApp	no	no	Intellectual disability (confidence 1)
CHD1	3	3	ClinGen,PanelApp,gene2phenotype	no	no	CHD1-related neurodevelopment disorder () | Intellectual disability (confidence 2) | complex neurodevelopmental disorder (Limited)
CHD1L	3	1	ClinGen	no	no	congenital anomaly of kidney and urinary tract (Limited)
CHEK1	3	2	ClinGen,mitotic_panel	no	yes	familial ovarian cancer (No Known Disease Relationship) | hereditary breast carcinoma (No Known Disease Relationship) | tier 3
CHFR	3	1	mitotic_panel	no	yes	tier 4
CHL1	3	1	PanelApp	no	no	Intellectual disability (confidence 2)
CHMP1B	3	1	mitotic_panel	no	yes	tier 3
CHMP2A	3	1	mitotic_panel	no	yes	tier 3
CHMP3	3	2	PanelApp,mitotic_panel	no	yes	Intellectual disability (confidence 1) | tier 3
CHMP4A	3	1	mitotic_panel	no	yes	tier 4
CHMP4B	3	1	mitotic_panel	no	yes	tier 3
CHMP4C	3	1	mitotic_panel	no	yes	tier 3
CHMP5	3	1	mitotic_panel	no	yes	tier 3
CHMP6	3	1	mitotic_panel	no	yes	tier 4
CHMP7	3	1	mitotic_panel	no	yes	tier 4
CHRD	3	1	ClinGen	no	no	congenital heart disease (Limited)
CHRDL1	3	2	PanelApp,gene2phenotype	no	no	CHRDL1-related megalocornea () | Intellectual disability (confidence 1)
CHRM1	3	2	PanelApp,gene2phenotype	no	no	CHRM1-related intellectual disability () | Intellectual disability (confidence 2)
CHRNA2	3	3	ClinGen,PanelApp,gene2phenotype	no	no	CHRNA2-related nocturnal frontal lobe epilepsy () | Intellectual disability (confidence 1) | benign familial infantile epilepsy (Disputed) | familial sleep-related hypermotor epilepsy (Limited)
CHRNA3	3	1	gene2phenotype	no	no	CHRNA3-related congenital anomalies of the kidney and urinary tract ()
CHRNA7	3	1	ClinGen	no	no	epilepsy (Refuted)
CLASP1	3	1	mitotic_panel	no	yes	tier 3
CLASP2	3	1	mitotic_panel	no	yes	tier 3
CLCN2	3	2	ClinGen,PanelApp	no	no	Intellectual disability (confidence 2) | epilepsy (Refuted)
CLCNKA	3	2	PanelApp,gene2phenotype	no	no	CLCNKA-related Bartter syndrome, type 4b () | Intellectual disability (confidence 1) | Nephrocalcinosis or nephrolithiasis (confidence 1)
CLDND1	3	1	gene2phenotype	no	no	CLDND1-related leukodystrophy ()
CLIC2	3	3	ClinGen,PanelApp,gene2phenotype	no	no	CLIC2-related intellectual developmental disorder () | Intellectual disability (confidence 1) | X-linked complex neurodevelopmental disorder (Disputed)
CLMP	3	1	gene2phenotype	no	no	CLMP-related congenital short bowel syndrome ()
CMC4	3	1	PanelApp	no	no	Intellectual disability (confidence 1)
CMIP	3	1	PanelApp	no	no	Intellectual disability (confidence 1)
CNKSR1	3	2	PanelApp,gene2phenotype	no	no	CNKSR1-related intellectual developmental disorder () | Intellectual disability (confidence 1)
CNPY3	3	2	PanelApp,gene2phenotype	no	no	CNPY3-related early onset epileptic encephalopathy () | Intellectual disability (confidence 2)
CNTLN	3	1	mitotic_panel	no	yes	tier 4
CNTN3	3	1	PanelApp	no	no	Intellectual disability (confidence 1)
CNTN4	3	2	ClinGen,PanelApp	no	no	Intellectual disability (confidence 1) | complex neurodevelopmental disorder (Disputed)
CNTN6	3	1	ClinGen	no	no	complex neurodevelopmental disorder (Disputed)
CNTNAP5	3	1	ClinGen	no	no	complex neurodevelopmental disorder (Disputed)
CNTROB	3	1	mitotic_panel	no	yes	tier 4
COA3	3	2	ClinGen,PanelApp	no	no	Intellectual disability (confidence 1) | mitochondrial disease (Limited)
COA5	3	3	ClinGen,PanelApp,gene2phenotype	no	no	COA5-related mitochondrial complex IV deficiency () | Intellectual disability (confidence 1) | mitochondrial disease (Limited)
COG2	3	1	ClinGen	no	no	congenital disorder of glycosylation, type IIq (Limited)
COG3	3	2	ClinGen,PanelApp	no	no	Intellectual disability (confidence 2) | Severe microcephaly (confidence 2) | congenital disorder of glycosylation (Limited)
COL13A1	3	1	gene2phenotype	no	no	COL13A1-related congenital myasthenic syndrome ()
COL25A1	3	2	PanelApp,gene2phenotype	no	no	COL25A1-related fibrosis of extraocular muscles, congenital () | Intellectual disability (confidence 1)
COL27A1	3	1	gene2phenotype	no	no	COL27A1-related Steel syndrome ()
COL4A6	3	2	ClinGen,PanelApp	no	no	Intellectual disability (confidence 1) | hearing loss, X-linked 6 (Limited)
COL9A2	3	3	ClinGen,PanelApp,gene2phenotype	no	no	COL9A2-related Stickler syndrome () | COL9A2-related multiple epiphyseal dysplasia () | Intellectual disability (confidence 1) | Stickler syndrome (Limited)
COLEC10	3	2	PanelApp,gene2phenotype	no	no	COLEC10-related 3MC syndrome () | Intellectual disability (confidence 1)
COPB1	3	2	PanelApp,gene2phenotype	no	no	COPB1-related severe intellectual disability syndrome with cataracts and variable microcephaly () | Intellectual disability (confidence 2) | Severe microcephaly (confidence 2)
COPG1	3	1	ClinGen	no	no	non-severe combined immunodeficiency due to COPG1 deficiency (Limited)
COX14	3	3	ClinGen,PanelApp,gene2phenotype	no	no	COX14-related mitochondrial complex IV deficiency () | Intellectual disability (confidence 1) | mitochondrial disease (Limited)
COX18	3	1	gene2phenotype	no	no	COX18-related peripheral neuropathy ()
COX4I1	3	1	ClinGen	no	no	Leigh syndrome (Limited) | mitochondrial disease (Limited)
COX4I2	3	1	ClinGen	no	no	mitochondrial disease (Limited)
COX7B	3	3	ClinGen,PanelApp,gene2phenotype	no	no	COX7B-related microphthalmia with linear skin lesions () | Intellectual disability (confidence 2) | mitochondrial disease (Limited)
COX8A	3	1	ClinGen	no	no	Leigh syndrome (Limited) | mitochondrial disease (Limited)
CPA6	3	2	ClinGen,PanelApp	no	no	Intellectual disability (confidence 1) | epilepsy (Disputed) | epilepsy (Refuted)
CPD	3	1	PanelApp	no	no	Intellectual disability (confidence 1)
CPSF3	3	2	PanelApp,gene2phenotype	no	no	CPSF3-related neurodevelopmental disorder with seizures and microcephaly () | Intellectual disability (confidence 2) | Severe microcephaly (confidence 2)
CPT1B	3	1	ClinGen	no	no	inherited fatty acid metabolism disorder (No Known Disease Relationship)
CPT1C	3	1	ClinGen	no	no	hereditary spastic paraplegia (Limited)
CPXCR1	3	1	PanelApp	no	no	Intellectual disability (confidence 1)
CRACR2A	3	1	ClinGen	no	no	combined immunodeficiency (Limited)
CRH	3	1	ClinGen	no	no	epilepsy (Refuted)
CRIM1	3	1	gene2phenotype	no	no	CRIM1-related colobomatous macrophthalmia with microcornea syndrome ()
CRIPT	3	2	PanelApp,gene2phenotype	no	no	CRIPT-related short stature, microcephaly, poikiloderma and skeletal abnormalities (Rothmund Thomson like) () | Severe microcephaly (confidence 2)
CRIPTO	3	1	ClinGen	no	no	congenital heart disease (Limited)
CRKL	3	2	ClinGen,gene2phenotype	no	no	CRKL-related bladder exstrophy plus () | congenital heart disease (No Known Disease Relationship)
CRLF2	3	1	PanelApp	no	no	Intellectual disability (confidence 1)
CRMP1	3	1	PanelApp	no	no	Intellectual disability (confidence 2)
CROCC	3	1	mitotic_panel	no	yes	tier 4
CRYAA	3	2	PanelApp,gene2phenotype	no	no	CRYAA-related cataract, multiple types () | CRYAA-related cataract, nuclear () | Intellectual disability (confidence 1)
CRYAB	3	1	gene2phenotype	no	no	CRYAB-related crystallinopathy with cataract, skeletal myopathy and/or cardiomyopathy () | CRYAB-related infantile hypertonic myofibrillar myopathy ()
CRYBA1	3	2	PanelApp,gene2phenotype	no	no	CRYBA1-related cataract () | Intellectual disability (confidence 1)
CRYBA4	3	2	PanelApp,gene2phenotype	no	no	CRYBA4-related cataract with or wihout microcornea or microphthalmia () | Intellectual disability (confidence 1)
CRYBB1	3	2	PanelApp,gene2phenotype	no	no	CRYBB1-related cataract, multiple types () | Intellectual disability (confidence 1)
CRYBB2	3	2	PanelApp,gene2phenotype	no	no	CRYBB2-related cataract () | Intellectual disability (confidence 1)
CRYBB3	3	2	PanelApp,gene2phenotype	no	no	CRYBB3-related cataract () | Intellectual disability (confidence 1)
CRYGC	3	2	PanelApp,gene2phenotype	no	no	CRYGC-related congenital cataract () | Intellectual disability (confidence 1)
CRYGD	3	2	PanelApp,gene2phenotype	no	no	CRYGD-related cataract () | Intellectual disability (confidence 1)
CRYM	3	1	ClinGen	no	no	nonsyndromic genetic hearing loss (Limited)
CSAG1	3	1	mitotic_panel	no	yes	tier 4
CSNK1D	3	1	mitotic_panel	no	yes	tier 3
CSNK2A2	3	1	mitotic_panel	no	yes	tier 3
CSRP1	3	1	ClinGen	no	no	congenital heart disease (Disputed)
CST3	3	1	ClinGen	no	no	ACys amyloidosis (Limited) | leukodystrophy, adult-onset, autosomal dominant, without amyloid angiopathy (Limited)
CSTA	3	1	gene2phenotype	no	no	CSTA-related exfoliative ichthyosis, ichthyosis bullosa of siemens-like ()
CSTF2	3	1	PanelApp	no	no	Intellectual disability (confidence 2)
CTF1	3	1	ClinGen	no	no	dilated cardiomyopathy (Limited)
CTNNA3	3	1	ClinGen	no	no	arrhythmogenic right ventricular cardiomyopathy (Limited) | congenital heart disease (Disputed)
CTNNBL1	3	1	ClinGen	no	no	common variable immunodeficiency (Limited)
CTNND2	3	2	PanelApp,gene2phenotype	no	no	CTNND2-related neurodevelopmental disorder () | Intellectual disability (confidence 2)
CTPS2	3	1	PanelApp	no	no	Intellectual disability (confidence 1)
CTTNBP2	3	1	PanelApp	no	no	Intellectual disability (confidence 1)
CUL1	3	1	mitotic_panel	no	yes	tier 4
CUL7	3	2	PanelApp,gene2phenotype	no	no	CUL7-related 3-M syndrome () | Intellectual disability (confidence 1)
CXorf58	3	1	PanelApp	no	no	Intellectual disability (confidence 1)
CYCS	3	1	ClinGen	no	no	thrombocytopenia 4 (Limited)
CYFIP1	3	1	PanelApp	no	no	Intellectual disability (confidence 1)
CYS1	3	2	ClinGen,PanelApp	no	no	Cystic renal disease (confidence 2) | polycystic kidney disease (Limited)
DAAM2	3	1	ClinGen	no	no	idiopathic multidrug-resistant nephrotic syndrome (Limited)
DAB1	3	1	PanelApp	no	no	Intellectual disability (confidence 1)
DACT1	3	2	PanelApp,gene2phenotype	no	no	DACT1-related multiple malformations of neural tube, ear, genitourinary and gastrointestinal systems () | Intellectual disability (confidence 1)
DALRD3	3	1	PanelApp	no	no	Intellectual disability (confidence 2)
DAND5	3	1	ClinGen	no	no	congenital heart disease (Disputed)
DAO	3	1	ClinGen	no	no	amyotrophic lateral sclerosis (Refuted)
DAP3	3	1	PanelApp	no	no	Intellectual disability (confidence 2)
DCHS2	3	1	PanelApp	no	no	Intellectual disability (confidence 1)
DCTN2	3	1	mitotic_panel	no	yes	tier 3
DDX53	3	1	PanelApp	no	no	Intellectual disability (confidence 2)
DDX54	3	1	gene2phenotype	no	no	DDX54-related intellectual disability and central nervous system anomalies ()
DECR1	3	2	ClinGen,PanelApp	no	no	Intellectual disability (confidence 1) | progressive encephalopathy with leukodystrophy due to DECR deficiency (No Known Disease Relationship)
DENND5A	3	2	PanelApp,gene2phenotype	no	no	DENND5A-related epileptic encephalopathy () | Intellectual disability (confidence 2)
DGAT1	3	1	gene2phenotype	no	no	DGAT1-related congenital diarrhoea with protein-losing enteropathy ()
DGKH	3	1	PanelApp	no	no	Intellectual disability (confidence 1)
DHRS3	3	1	gene2phenotype	no	no	DHRS3 related craniosynostosis ()
DHX16	3	1	gene2phenotype	no	no	DHX16-related intellectual disability, central nervous system anomalies and seizures ()
DHX32	3	1	PanelApp	no	no	Intellectual disability (confidence 2)
DHX34	3	1	gene2phenotype	no	no	DHX34-related intellectual disability ()
DIABLO	3	1	ClinGen	no	no	nonsyndromic genetic hearing loss (Limited)
DIAPH2	3	1	PanelApp	no	no	Intellectual disability (confidence 1)
DIAPH3	3	1	ClinGen	no	no	auditory neuropathy (Limited)
DIP2B	3	2	PanelApp,gene2phenotype	no	no	DIP2B-related intellectual developmental disorder, FRA12A type () | Intellectual disability (confidence 1)
DIP2C	3	1	gene2phenotype	no	no	DIP2C-related developmental disorder with speech delay ()
DIPK2A	3	1	PanelApp	no	no	Intellectual disability (confidence 1)
DISP1	3	2	ClinGen,gene2phenotype	no	no	DISP1-related holoprosencephaly () | holoprosencephaly (Limited)
DLG1	3	1	PanelApp	no	no	Intellectual disability (confidence 2)
DLG2	3	2	PanelApp,gene2phenotype	no	no	DLG2-related neurodevelopmental disorder () | Intellectual disability (confidence 2)
DLGAP2	3	2	ClinGen,PanelApp	no	no	Intellectual disability (confidence 1) | complex neurodevelopmental disorder (Limited)
DLGAP5	3	1	mitotic_panel	no	yes	tier 3
DLL3	3	2	PanelApp,gene2phenotype	no	no	DLL3-related spondylocostal dysostosis () | Intellectual disability (confidence 1)
DLL4	3	2	PanelApp,gene2phenotype	no	no	DLL4-related Adams-Oliver syndrome () | Intellectual disability (confidence 1)
DLX5	3	1	gene2phenotype	no	no	DLX5-related split-hand and foot malformation ()
DMC1	3	1	mitotic_panel	no	yes	tier 3
DMGDH	3	1	ClinGen	no	no	dimethylglycine dehydrogenase deficiency (Limited)
DMP1	3	2	PanelApp,gene2phenotype	no	no	DMP1-related hypophosphatemic rickets () | Intellectual disability (confidence 1)
DMPK	3	2	PanelApp,gene2phenotype	no	no	DMPK-related dystrophia myotonica () | Intellectual disability (confidence 1)
DNAH14	3	3	ClinGen,PanelApp,gene2phenotype	no	no	DNAH14-related neurodevelopmental disorder () | Intellectual disability (confidence 1) | primary ciliary dyskinesia (Disputed)
DNAH7	3	1	ClinGen	no	no	primary ciliary dyskinesia (Limited)
DNAJB4	3	1	gene2phenotype	no	no	DNAJB4-related myopathy with early respiratory failure ()
DNAJC3	3	1	PanelApp	no	no	Intellectual disability (confidence 1)
DNAJC7	3	1	ClinGen	no	no	amyotrophic lateral sclerosis (Limited)
DNASE1	3	1	ClinGen	no	no	systemic lupus erythematosus (Limited)
DOT1L	3	1	gene2phenotype	no	no	DOT1L-related neurodevelopmental disorder with intracranial anomalies ()
DPF1	3	2	PanelApp,mitotic_panel	no	yes	Intellectual disability (confidence 1) | tier 4
DPF3	3	2	PanelApp,mitotic_panel	no	yes	Intellectual disability (confidence 1) | tier 4
DPH2	3	1	PanelApp	no	no	Intellectual disability (confidence 2)
DPP6	3	2	ClinGen,PanelApp	no	no	Intellectual disability (confidence 1) | Severe microcephaly (confidence 1) | complex neurodevelopmental disorder (Disputed)
DPYSL2	3	1	PanelApp	no	no	Intellectual disability (confidence 2)
DRD2	3	1	PanelApp	no	no	Intellectual disability (confidence 1)
DRG1	3	1	gene2phenotype	no	no	DRG1-related neurodevelopmental disorder with microcephaly and dysmorphic facial features (Tan-Almurshedi syndrome) ()
DSCAM	3	1	PanelApp	no	no	Intellectual disability (confidence 1)
DSCC1	3	1	mitotic_panel	no	yes	tier 4
DSG1	3	1	gene2phenotype	no	no	DSG1-related severe dermatitis, multiple allergies and metabolic wasting ()
DTNA	3	1	ClinGen	no	no	congenital heart disease (Disputed) | dilated cardiomyopathy (Limited)
DVL1	3	2	PanelApp,gene2phenotype	no	no	DVL1-related Robinow syndrome () | Intellectual disability (confidence 1)
DVL3	3	2	PanelApp,gene2phenotype	no	no	DVL3-related Robinow syndrome () | Intellectual disability (confidence 1)
DYNC1I1	3	1	mitotic_panel	no	yes	tier 3
DYNC1LI1	3	1	mitotic_panel	no	yes	tier 3
DYNC1LI2	3	1	mitotic_panel	no	yes	tier 3
DYNC2LI1	3	1	gene2phenotype	no	no	DYNC2LI1-related short-rib polydactyly ()
DYNLL1	3	1	mitotic_panel	no	yes	tier 3
DYNLL2	3	1	mitotic_panel	no	yes	tier 3
DYNLRB1	3	1	mitotic_panel	no	yes	tier 3
DYNLRB2	3	1	mitotic_panel	no	yes	tier 3
DYNLT1	3	1	mitotic_panel	no	yes	tier 3
DYNLT2B	3	1	ClinGen	no	no	short-rib thoracic dysplasia 17 with or without polydactyly (Limited)
DYNLT3	3	1	mitotic_panel	no	yes	tier 3
ECEL1	3	2	PanelApp,gene2phenotype	no	no	ECEL1-related arthrogryposis, distal () | Intellectual disability (confidence 1)
ECM1	3	1	gene2phenotype	no	no	ECM1-related lipoid proteinosis ()
ECT2	3	1	mitotic_panel	no	yes	tier 3
EDA	3	2	PanelApp,gene2phenotype	no	no	EDA-related ectodermal dysplasia () | EDA-related tooth agenesis selective () | Intellectual disability (confidence 1)
EDN1	3	2	ClinGen,gene2phenotype	no	no	EDN1-related auriculocondylar syndrome () | EDN1-related question mark ears, isolated () | auriculocondylar syndrome (Limited)
EDNRA	3	2	PanelApp,gene2phenotype	no	no	EDNRA-related mandibulofacial dysostosis with alopecia () | Intellectual disability (confidence 1)
EEF1B2	3	2	PanelApp,gene2phenotype	no	no	EEF1B2-related intellectual developmental disorder () | Intellectual disability (confidence 2)
EEF2	3	1	gene2phenotype	no	no	EEF2-related developmental disorder ()
EFHC1	3	2	ClinGen,PanelApp	no	no	Intellectual disability (confidence 1) | epilepsy (Refuted)
EFNB2	3	1	ClinGen	no	no	congenital heart disease (Limited)
EGF	3	1	ClinGen	no	no	renal hypomagnesemia 4 (Limited)
EHHADH	3	1	ClinGen	no	no	Fanconi renotubular syndrome 3 (Limited)
EHMT2	3	1	gene2phenotype	no	no	EHMT2-related Kleefstra syndrome ()
EIF1AX	3	1	PanelApp	no	no	Intellectual disability (confidence 2)
EIF2A	3	1	PanelApp	no	no	Intellectual disability (confidence 1)
EIF2AK1	3	2	PanelApp,gene2phenotype	no	no	EIF2AK1-related neurodevelopmental syndrome () | Intellectual disability (confidence 1)
EIF3A	3	1	gene2phenotype	no	no	EIF3A-related neurodevelopmental disorder with cardiac anomalies and craniofacial dysmorphism ()
EIF3B	3	1	gene2phenotype	no	no	EIF3B-related neurodevelopmental disorder with cardiac anomalies and craniofacial dysmorphism ()
EIF3K	3	1	gene2phenotype	no	no	EIF3K-related syndromic developmental disorder with microcephaly, ear and digital anomalies ()
EIF4G1	3	1	PanelApp	no	no	Intellectual disability (confidence 1)
EIPR1	3	1	PanelApp	no	no	Intellectual disability (confidence 2) | Severe microcephaly (confidence 2)
ELAVL2	3	1	PanelApp	no	no	Intellectual disability (confidence 2)
ELK1	3	1	PanelApp	no	no	Intellectual disability (confidence 1)
ELMO2	3	1	gene2phenotype	no	no	ELMO2-related intraosseous vascular malformation ()
ELMOD2	3	1	ClinGen	no	no	idiopathic pulmonary fibrosis (No Known Disease Relationship)
ELMOD3	3	1	ClinGen	no	no	nonsyndromic genetic hearing loss (Limited)
ELOVL5	3	1	PanelApp	no	no	Intellectual disability (confidence 1)
EML4	3	1	mitotic_panel	no	yes	tier 3
EMX2	3	3	ClinGen,PanelApp,gene2phenotype	no	no	EMX2-related familial schizencephaly () | Intellectual disability (confidence 2) | schizencephaly (Limited)
EN2	3	2	ClinGen,PanelApp	no	no	Intellectual disability (confidence 1) | complex neurodevelopmental disorder (Disputed)
ENOX2	3	1	PanelApp	no	no	Intellectual disability (confidence 1)
EOMES	3	2	PanelApp,gene2phenotype	no	no	EOMES-related polymicrogyria and corpus callosum agenesis () | Intellectual disability (confidence 1) | Severe microcephaly (confidence 1)
EPB41L1	3	3	ClinGen,PanelApp,gene2phenotype	no	no	EPB41L1-related intellectual disability () | Intellectual disability (confidence 2) | complex neurodevelopmental disorder (Limited)
EPHA7	3	1	PanelApp	no	no	Intellectual disability (confidence 2)
EPHB2	3	1	ClinGen	no	no	bleeding disorder, platelet-type, 22 (Limited)
EPHX1	3	1	ClinGen	no	no	hereditary nonpolyposis colon cancer (Limited)
EPPK1	3	1	PanelApp	no	no	Intellectual disability (confidence 1)
EPRS1	3	1	gene2phenotype	no	no	EPRS1-related hypomyelinating leukodystrophy ()
ERBB3	3	1	gene2phenotype	no	no	ERBB3-related Hirschprung disease with intestinal pseudo-obstruction () | ERBB3-related lethal congenital contracture syndrome ()
ERBIN	3	1	ClinGen	no	no	autosomal dominant combined immunodeficiency due to ERBIN deficiency (Limited)
ERGIC3	3	1	PanelApp	no	no	Intellectual disability (confidence 2)
ERMARD	3	3	ClinGen,PanelApp,gene2phenotype	no	no	ERMARD-related periventricular heterotopia () | Intellectual disability (confidence 1) | periventricular nodular heterotopia (Limited)
ESCO1	3	1	mitotic_panel	no	yes	tier 3
ESRP1	3	1	ClinGen	no	no	nonsyndromic genetic hearing loss (Limited)
ESX1	3	1	PanelApp	no	no	Intellectual disability (confidence 1)
EWSR1	3	1	ClinGen	no	no	amyotrophic lateral sclerosis (Disputed)
EXO1	3	1	ClinGen	no	no	Lynch syndrome (Refuted)
EXOC2	3	2	ClinGen,PanelApp	no	no	Intellectual disability (confidence 2) | complex neurodevelopmental disorder (Limited)
EXOC3L2	3	1	PanelApp	no	no	Cystic renal disease (confidence 1)
EXOC8	3	1	PanelApp	no	no	Cystic renal disease (confidence 1)
EXOSC2	3	2	ClinGen,gene2phenotype	no	no	EXOSC2-related short stature, hearing loss, retinitis pigmentosa, and distinctive facies syndrome () | retinitis pigmentosa-hearing loss-premature aging-short stature-facial dysmorphism syndrome (Limited)
EXOSC9	3	1	gene2phenotype	no	no	EXOSC9-related cerebellar atrophy with spinal motor neuronopathy ()
EXPH5	3	1	gene2phenotype	no	no	EXPH5-related inherited skin fragility ()
FAAH2	3	2	ClinGen,PanelApp	no	no	Intellectual disability (confidence 2) | X-linked complex neurodevelopmental disorder (Disputed)
FAAP100	3	1	PanelApp	no	no	Fanconi anaemia or Bloom syndrome (confidence 2)
FAAP24	3	1	ClinGen	no	no	lymphoproliferative syndrome (Disputed)
FAM120C	3	1	PanelApp	no	no	Intellectual disability (confidence 2)
FAM161A	3	2	PanelApp,gene2phenotype	no	no	FAM161A-related retinitis pigmentosa () | Intellectual disability (confidence 1)
FAM20B	3	1	ClinGen	no	no	congenital disorder of glycosylation (Limited)
FAM47B	3	1	PanelApp	no	no	Intellectual disability (confidence 1)
FARSB	3	1	PanelApp	no	no	Intellectual disability (confidence 2)
FASN	3	2	PanelApp,gene2phenotype	no	no	FASN-related intellectual developmental disorder () | Intellectual disability (confidence 1)
FASTKD5	3	1	gene2phenotype	no	no	FASTKD5-related Leigh syndrome ()
FBLN1	3	1	gene2phenotype	no	no	FBLN1-related synpolydactyly, 3/3-prime/4, associated with metacarpal and metatarsal synostoses ()
FBLN2	3	1	ClinGen	no	no	congenital heart disease (Limited) | pulmonary arterial hypertension (Limited)
FBXL13	3	1	mitotic_panel	no	yes	tier 4
FBXO25	3	1	PanelApp	no	no	Intellectual disability (confidence 1)
FBXO32	3	1	ClinGen	no	no	dilated cardiomyopathy (Limited)
FBXO5	3	1	mitotic_panel	no	yes	tier 4
FBXO7	3	1	PanelApp	no	no	Intellectual disability (confidence 1)
FBXO8	3	1	PanelApp	no	no	Intellectual disability (confidence 1)
FBXW4	3	2	PanelApp,gene2phenotype	no	no	FBXW4-related split-hand and foot malformation () | Intellectual disability (confidence 1)
FBXW5	3	1	mitotic_panel	no	yes	tier 4
FDFT1	3	2	PanelApp,gene2phenotype	no	no	FDFT1-related defect in cholesterol biosynthesis () | Intellectual disability (confidence 2)
FEM1C	3	3	ClinGen,PanelApp,gene2phenotype	no	no	FEM1C-related developmental disorder () | Intellectual disability (confidence 2) | neurodevelopmental disorder (Limited)
FEN1	3	1	mitotic_panel	no	yes	tier 4
FEZF1	3	1	gene2phenotype	no	no	FEZF1-related hypogonadotropic hypogonadism with or without anosmia ()
FEZF2	3	1	gene2phenotype	no	no	FEZF2-related neurodevelopmental disorder ()
FGF10	3	2	PanelApp,gene2phenotype	no	no	FGF10-related lacrimo-auriculo-dento-digital syndrome (LADD) () | Intellectual disability (confidence 1)
FGF13	3	2	PanelApp,gene2phenotype	no	no	FGF13-related neurodevelopmental disorder () | Intellectual disability (confidence 2)
FGF14	3	2	PanelApp,gene2phenotype	no	no	FGF14-related episodic ataxia () | Intellectual disability (confidence 2)
FGF23	3	1	PanelApp	no	no	Nephrocalcinosis or nephrolithiasis (confidence 1)
FHIP2A	3	1	PanelApp	no	no	Intellectual disability (confidence 1)
FHL1	3	2	PanelApp,gene2phenotype	no	no	FHL1-related Emery-Dreifuss muscular dystrophy () | Intellectual disability (confidence 1)
FICD	3	2	PanelApp,gene2phenotype	no	no	FICD-related infancy-onset diabetes and neurodevelopmental disorder () | Intellectual disability (confidence 2)
FIRRM	3	1	mitotic_panel	no	yes	tier 3
FKBP10	3	1	gene2phenotype	no	no	FKBP10-related Bruck syndrome ()
FKBP14	3	2	PanelApp,gene2phenotype	no	no	FKBP14-related Ehlers-Danlos syndrome with progressive kyphoscoliosis, myopathy, and hearing loss () | Intellectual disability (confidence 1)
FKBP6	3	1	PanelApp	no	no	Intellectual disability (confidence 1)
FKBPL	3	1	PanelApp	no	no	Intellectual disability (confidence 1)
FLG	3	1	gene2phenotype	no	no	FLG-related ichthyosis vulgaris ()
FLT3	3	1	ClinGen	no	no	leukemia, acute myeloid, susceptibility to (Limited)
FMO5	3	1	ClinGen	no	no	congenital heart disease (Disputed)
FOXD3	3	1	ClinGen	no	no	aniridia (Disputed)
FOXF1	3	2	PanelApp,gene2phenotype	no	no	FOXF1-related alveolar capillary dysplasia with misalignment of pulmonary veins () | Intellectual disability (confidence 1)
FOXH1	3	1	ClinGen	no	no	congenital heart disease (Limited)
FOXI1	3	1	ClinGen	no	no	enlarged vestibular aqueduct syndrome (Disputed) | hearing loss disorder (Limited)
FOXI3	3	2	ClinGen,gene2phenotype	no	no	FOXI3-related microtia and craniofacial microsomia () | T-cell immunodeficiency (Limited)
FOXL1	3	1	ClinGen	no	no	congenital heart disease (Disputed)
FOXL2	3	1	gene2phenotype	no	no	FOXL2-related blepharophimosis, ptosis, and epicanthus inversus syndrome ()
FOXO1	3	1	PanelApp	no	no	Familial rhabdomyosarcoma (confidence 1)
FOXP4	3	2	PanelApp,gene2phenotype	no	no	FOXP4-related developmental disorder () | Intellectual disability (confidence 2)
FOXR1	3	1	PanelApp	no	no	Intellectual disability (confidence 2)
FREM1	3	2	PanelApp,gene2phenotype	no	no	FREM1-related Manitoba oculotrichoanal syndrome () | Intellectual disability (confidence 1)
FREM2	3	2	PanelApp,gene2phenotype	no	no	FREM2-related Fraser syndrome () | Intellectual disability (confidence 2)
FRMD7	3	2	PanelApp,gene2phenotype	no	no	FRMD7-related nystagmus, congenital () | Intellectual disability (confidence 1)
FRY	3	2	PanelApp,gene2phenotype	no	no	FRY-related intellectual developmental disorder () | Intellectual disability (confidence 2)
FRYL	3	2	PanelApp,gene2phenotype	no	no	FRYL-related neurodevelopmental disorder with dysmorphic facial features, with or without congenital abnormalities () | Intellectual disability (confidence 2)
FSD1L	3	2	PanelApp,gene2phenotype	no	no	FSD1L-related neurodevelopmental disorder with hydrocephalus and corpus callosum anomalies () | Intellectual disability (confidence 2)
FTO	3	2	PanelApp,gene2phenotype	no	no	FTO-related growth retardation, developmental delay, microcephaly, congenital heart disease, and coarse facies () | Intellectual disability (confidence 2)
FUT2	3	1	PanelApp	no	no	Intellectual disability (confidence 1)
FUZ	3	1	gene2phenotype	no	no	FUZ-related orofaciodigital syndrome ()
FXR1	3	1	gene2phenotype	no	no	FXR1-related congenital myopathy ()
FYCO1	3	2	PanelApp,gene2phenotype	no	no	FYCO1-related congenital cataract () | Intellectual disability (confidence 1)
FZD3	3	1	PanelApp	no	no	Intellectual disability (confidence 1)
FZD5	3	1	gene2phenotype	no	no	FZD5-related coloboma ()
FZD6	3	2	PanelApp,gene2phenotype	no	no	FZD6-related nail disorder non-syndromic congenital () | Intellectual disability (confidence 1)
GAB3	3	1	PanelApp	no	no	Intellectual disability (confidence 1)
GABBR1	3	2	PanelApp,gene2phenotype	no	no	GABBR1-related neurodevelopmental disorder () | Intellectual disability (confidence 2)
GABRA3	3	1	PanelApp	no	no	Intellectual disability (confidence 2)
GABRA4	3	1	gene2phenotype	no	no	GABRA4-related neurodevelopmental disorder with seizures ()
GABRB1	3	1	ClinGen	no	no	genetic developmental and epileptic encephalopathy (Limited)
GABRG1	3	1	gene2phenotype	no	no	GABRG1-related epileptic encephalopathy ()
GABRG3	3	1	PanelApp	no	no	Intellectual disability (confidence 1)
GABRQ	3	1	PanelApp	no	no	Intellectual disability (confidence 1)
GALNT12	3	1	ClinGen	no	no	colorectal cancer, susceptibility to, 1 (Limited)
GAP43	3	1	PanelApp	no	no	Intellectual disability (confidence 1)
GAS1	3	1	ClinGen	no	no	holoprosencephaly (Limited)
GATAD1	3	1	ClinGen	no	no	dilated cardiomyopathy 2B (Limited)
GDF1	3	1	gene2phenotype	no	no	GDF1-related congenital heart defects, multiple types ()
GDF11	3	1	gene2phenotype	no	no	GDF11-related vertebral hypersegmentation, orofacial anomalies and neurodevelopmental disorder ()
GDF3	3	1	gene2phenotype	no	no	GDF3-related multiple malformations ()
GDF5	3	2	PanelApp,gene2phenotype	no	no	GDF5-related acromesomelic chondrodysplasia, Grebe type () | GDF5-related symphalangism spectrum disorder () | Intellectual disability (confidence 1)
GDF6	3	2	PanelApp,gene2phenotype	no	no	GDF6-related oculo-skeletal syndrome () | Intellectual disability (confidence 1)
GEN1	3	2	ClinGen,mitotic_panel	no	yes	familial ovarian cancer (No Known Disease Relationship) | hereditary breast carcinoma (Refuted) | tier 3
GET3	3	1	ClinGen	no	no	cardiomyopathy, dilated, 2H (Limited)
GFUS	3	1	ClinGen	no	no	congenital disorder of glycosylation (Limited)
GHR	3	2	PanelApp,gene2phenotype	no	no	GHR-related pituitary dwarfism II () | Intellectual disability (confidence 1)
GIGYF2	3	1	PanelApp	no	no	Intellectual disability (confidence 1)
GINS2	3	1	PanelApp	no	no	Severe microcephaly (confidence 1)
GJA1	3	3	ClinGen,PanelApp,gene2phenotype	no	no	GJA1-related oculodentodigital dysplasia (biallelic) () | GJA1-related oculodentodigital dysplasia (monoallelic) () | Intellectual disability (confidence 1) | congenital heart disease (Limited) | nonsyndromic genetic hearing loss (Disputed)
GJA3	3	2	PanelApp,gene2phenotype	no	no	GJA3-related cataract () | Intellectual disability (confidence 1)
GJA5	3	1	ClinGen	no	no	congenital heart disease (Disputed)
GJA8	3	2	PanelApp,gene2phenotype	no	no	GJA8-related cataract () | Intellectual disability (confidence 1)
GLE1	3	3	ClinGen,PanelApp,gene2phenotype	no	no	GLE1-related arthrogryposis, lethal, with anterior horn cell disease () | Intellectual disability (confidence 1) | amyotrophic lateral sclerosis (Limited)
GLMN	3	2	PanelApp,gene2phenotype	no	no	GLMN-related glomuvenous malformations () | Intellectual disability (confidence 1)
GLRA1	3	2	PanelApp,gene2phenotype	no	no	GLRA1-related hyperexplexia () | Intellectual disability (confidence 1)
GLRB	3	1	gene2phenotype	no	no	GLRB-related hyperexplexia ()
GLT8D1	3	1	ClinGen	no	no	amyotrophic lateral sclerosis (Limited)
GNA11	3	2	PanelApp,gene2phenotype	no	no	GNA11-related congenital hemangioma () | Nephrocalcinosis or nephrolithiasis (confidence 1)
GNA14	3	1	gene2phenotype	no	no	GNA14-related congenital vascular tumours ()
GNAL	3	1	PanelApp	no	no	Intellectual disability (confidence 1)
GNAQ	3	1	gene2phenotype	no	no	GNAQ-related congenital hemangioma ()
GNB3	3	1	gene2phenotype	no	no	GNB3-related congenital stationary night blindness ()
GNMT	3	1	ClinGen	no	no	glycine N-methyltransferase deficiency (Limited)
GOLGA2	3	2	gene2phenotype,mitotic_panel	no	yes	GOLGA2-related myopathy, seizures and microcephaly () | tier 4
GON4L	3	2	PanelApp,gene2phenotype	no	no	GON4L-related intellectual developmental disorder () | Intellectual disability (confidence 2)
GPC6	3	1	gene2phenotype	no	no	GPC6-related omodysplasia ()
GPD1L	3	1	ClinGen	no	no	Brugada syndrome 1 (Disputed)
GPN2	3	1	PanelApp	no	no	Intellectual disability (confidence 1)
GPRASP1	3	1	PanelApp	no	no	Intellectual disability (confidence 1)
GPX4	3	1	gene2phenotype	no	no	GPX4-related spondylometaphyseal dysplasia, Sedaghatian type ()
GRAP	3	1	ClinGen	no	no	nonsyndromic genetic hearing loss (Limited)
GRB14	3	1	PanelApp	no	no	Intellectual disability (confidence 1)
GREB1L	3	1	gene2phenotype	no	no	GREB1L-related renal hypodysplasia/aplasia ()
GREM2	3	1	ClinGen	no	no	tooth agenesis, selective, 9 (Limited)
GSC	3	1	gene2phenotype	no	no	GSC-related short stature, auditory canal atresia, mandibular hypoplasia, and skeletal abnormalities (SAMS) ()
GSPT2	3	2	PanelApp,gene2phenotype	no	no	GSPT2-related intellectual disability () | Intellectual disability (confidence 1)
GTF2I	3	1	PanelApp	no	no	Intellectual disability (confidence 2)
GTF2IRD1	3	1	gene2phenotype	no	no	GTF2IRD1-related neurodevelopmental disorder ()
GTPBP1	3	2	PanelApp,gene2phenotype	no	no	GTPBP1-related neurodevelopmental disorder with severe-profound intellectual disability, spasticity and ectodermal features () | Intellectual disability (confidence 2)
GTPBP8	3	1	PanelApp	no	no	Intellectual disability (confidence 1)
GUCY2C	3	2	PanelApp,gene2phenotype	no	no	GUCY2C-related familial diarrhea () | GUCY2C-related meconium ileus () | Intellectual disability (confidence 1)
GUF1	3	1	ClinGen	no	no	developmental and epileptic encephalopathy (Limited)
GZF1	3	1	gene2phenotype	no	no	GZF1-related joint laxity, short stature, and myopia ()
H19	3	1	PanelApp	no	no	Beckwith-Wiedemann syndrome (BWS) and other congenital overgrowth disorders (confidence 2) | Childhood solid tumours (confidence 1)
H2AC6	3	1	gene2phenotype	no	no	H2AC6-related developmental disorder ()
H3-4	3	1	gene2phenotype	no	no	H3-4-related intellectual developmental disorder ()
H4C11	3	1	gene2phenotype	no	no	H4C11-related intellectual disability with facial dysmorphism ()
H4C2	3	1	gene2phenotype	no	no	H4C2-related intellectual developmental disorder ()
H4C4	3	1	PanelApp	no	no	Intellectual disability (confidence 1)
H4C6	3	1	PanelApp	no	no	Intellectual disability (confidence 1)
H4C9	3	1	PanelApp	no	no	Intellectual disability (confidence 2)
HAL	3	1	ClinGen	no	no	histidinemia (Limited)
HARS1	3	2	ClinGen,gene2phenotype	no	no	HARS1-related Usher syndrome () | Usher syndrome type 3 (Refuted)
HARS2	3	2	ClinGen,PanelApp	no	no	Intellectual disability (confidence 1) | Perrault syndrome 2 (Limited)
HAS2	3	1	ClinGen	no	no	congenital heart disease (Limited)
HASPIN	3	1	mitotic_panel	no	yes	tier 3
HAUS1	3	1	mitotic_panel	no	yes	tier 3
HAUS2	3	1	mitotic_panel	no	yes	tier 3
HAUS3	3	1	mitotic_panel	no	yes	tier 3
HAUS4	3	1	mitotic_panel	no	yes	tier 3
HAUS5	3	1	mitotic_panel	no	yes	tier 3
HAUS7	3	2	PanelApp,mitotic_panel	no	yes	Intellectual disability (confidence 1) | tier 3
HAUS8	3	1	mitotic_panel	no	yes	tier 3
HAX1	3	2	PanelApp,gene2phenotype	no	no	HAX1-related neutropenia, severe congenital () | Intellectual disability (confidence 2)
HDAC1	3	1	ClinGen	no	no	congenital heart disease (Disputed)
HDAC6	3	1	PanelApp	no	no	Intellectual disability (confidence 1)
HDAC9	3	1	ClinGen	no	no	auriculocondylar syndrome (Disputed)
HEATR3	3	1	PanelApp	no	no	Intellectual disability (confidence 2)
HEATR5B	3	2	PanelApp,gene2phenotype	no	no	HEATR5B-related pontocerebellar hypoplasia () | Intellectual disability (confidence 2)
HECTD1	3	1	gene2phenotype	no	no	HECTD1-related neurodevelopmental disorder ()
HEPACAM2	3	1	mitotic_panel	no	yes	tier 4
HEPHL1	3	1	ClinGen	no	no	pili torti-developmental delay-neurological abnormalities syndrome (Limited)
HEY1	3	1	ClinGen	no	no	congenital heart disease (Disputed)
HEY2	3	1	ClinGen	no	no	congenital heart disease (Limited)
HIBADH	3	1	ClinGen	no	no	3-hydroxyisobutyric aciduria (Limited)
HIRA	3	2	PanelApp,gene2phenotype	no	no	HIRA-related neurodevelopmental disorder () | Intellectual disability (confidence 2)
HJURP	3	1	mitotic_panel	no	yes	tier 3
HMGB3	3	2	PanelApp,gene2phenotype	no	no	HMGB3-related colobomatous microphthalmia, microcephaly, intellectual disability, and short stature () | Intellectual disability (confidence 1)
HMGXB4	3	1	PanelApp	no	no	Intellectual disability (confidence 1)
HORMAD1	3	1	mitotic_panel	no	yes	tier 3
HORMAD2	3	1	mitotic_panel	no	yes	tier 3
HOXA11	3	2	ClinGen,gene2phenotype	no	no	HOXA11-related radioulnar synostosis with amegakaryocytic thrombocytopenia () | radioulnar synostosis with amegakaryocytic thrombocytopenia 1 (Limited)
HOXB1	3	1	gene2phenotype	no	no	HOXB1-related facial paresis, congenital ()
HOXC13	3	2	PanelApp,gene2phenotype	no	no	HOXC13-related pure hair and nail ectodermal dysplasia () | Intellectual disability (confidence 1)
HOXD10	3	1	PanelApp	no	no	Intellectual disability (confidence 1)
HOXD13	3	2	PanelApp,gene2phenotype	no	no	HOXD13-related brachydactyly-syndactyly syndrome () | Intellectual disability (confidence 1)
HPGD	3	2	PanelApp,gene2phenotype	no	no	HPGD-related cranioosteoarthropathy () | Intellectual disability (confidence 1)
HPSE2	3	2	PanelApp,gene2phenotype	no	no	HPSE2-related urofacial syndrome () | Intellectual disability (confidence 1)
HR	3	2	PanelApp,gene2phenotype	no	no	HR-related alopecia universalis congenita () | HR-related atrichia with papular lesions () | Intellectual disability (confidence 1)
HS2ST1	3	2	PanelApp,gene2phenotype	no	no	HS2ST1-related developmental disorder () | Intellectual disability (confidence 2)
HS6ST2	3	1	PanelApp	no	no	Intellectual disability (confidence 2)
HSF1	3	1	mitotic_panel	no	yes	tier 4
HSF4	3	2	PanelApp,gene2phenotype	no	no	HSF4-related cataract (monoallelic) () | Intellectual disability (confidence 1)
HYAL2	3	1	gene2phenotype	no	no	HYAL2-related syndrome with cleft lip and palate and congenital cardiac anomalies ()
HYKK	3	1	ClinGen	no	no	inborn disorder of lysine and hydroxylysine metabolism (No Known Disease Relationship)
HYOU1	3	1	ClinGen	no	no	granulocytopenia with immunoglobulin abnormality (Limited)
ID2	3	1	ClinGen	no	no	congenital heart disease (Disputed)
IFITM5	3	2	PanelApp,gene2phenotype	no	no	IFITM5-related osteogenesis imperfecta () | Intellectual disability (confidence 1)
IFNAR2	3	1	PanelApp	no	no	Intellectual disability (confidence 1)
IFT56	3	1	PanelApp	no	no	Cystic renal disease (confidence 2)
IGBP1	3	3	ClinGen,PanelApp,gene2phenotype	no	no	IGBP1-related agenesis of the corpus callosum with intellectual developmental disorder-ocular coloboma-micrognathia () | Intellectual disability (confidence 1) | corpus callosum agenesis-intellectual disability-coloboma-micrognathia syndrome (Disputed)
IGFBP7	3	1	gene2phenotype	no	no	IGFBP7-related retinal arterial macroaneurysm with supravalvular pulmonic stenosis ()
IGKC	3	1	ClinGen	no	no	recurrent infections associated with rare immunoglobulin isotypes deficiency (Limited)
IGSF1	3	2	PanelApp,gene2phenotype	no	no	IGSF1-related central hypothyroidism and testicular enlargement () | Intellectual disability (confidence 1)
IHH	3	2	PanelApp,gene2phenotype	no	no	IHH-related acrocapitofemoral dysplasia () | IHH-related brachydactyly () | Intellectual disability (confidence 1)
IK	3	1	mitotic_panel	no	yes	tier 3
IL11	3	1	gene2phenotype	no	no	IL11-related craniosynostosis ()
IL1RAPL2	3	1	PanelApp	no	no	Intellectual disability (confidence 2)
IL21	3	1	ClinGen	no	no	IL21-related infantile inflammatory bowel disease (Limited)
IL3RA	3	1	PanelApp	no	no	Intellectual disability (confidence 1)
IL6R	3	1	ClinGen	no	no	hyper-IgE recurrent infection syndrome 5, autosomal recessive (Limited)
ILF2	3	1	PanelApp	no	no	Intellectual disability (confidence 1)
ILK	3	1	ClinGen	no	no	dilated cardiomyopathy (Limited)
INO80	3	1	ClinGen	no	no	immunodeficiency, common variable, 1 (Disputed)
INTS6	3	1	PanelApp	no	no	Intellectual disability (confidence 1)
INTS6L	3	1	PanelApp	no	no	Intellectual disability (confidence 1)
INTS8	3	1	PanelApp	no	no	Intellectual disability (confidence 1)
IPO8	3	2	PanelApp,gene2phenotype	no	no	IPO8-related syndromic thoracic aortic aneurysm () | Intellectual disability (confidence 2)
IQSEC1	3	3	ClinGen,PanelApp,gene2phenotype	no	no	IQSEC1-related intellectual disability, developmental delay, and short stature () | Intellectual disability (confidence 2) | complex neurodevelopmental disorder (Limited)
IQSEC3	3	1	PanelApp	no	no	Intellectual disability (confidence 1)
IRAK1	3	1	PanelApp	no	no	Intellectual disability (confidence 1)
IRF2BP2	3	1	ClinGen	no	no	immunodeficiency, common variable, 14 (Limited)
IRX4	3	1	ClinGen	no	no	congenital heart disease (Limited)
ITFG2	3	1	PanelApp	no	no	Intellectual disability (confidence 2)
ITGA4	3	1	PanelApp	no	no	Intellectual disability (confidence 1)
ITGA6	3	1	gene2phenotype	no	no	ITGA6-related epidermolysis bullosa with pyloric atresia ()
ITGA7	3	2	PanelApp,gene2phenotype	no	no	ITGA7-related congenital muscular dystrophy () | Intellectual disability (confidence 2)
ITGA8	3	1	gene2phenotype	no	no	ITGA8-related renal hypodysplasia/aplasia ()
ITGAV	3	1	PanelApp	no	no	Intellectual disability (confidence 2)
ITGB3BP	3	1	mitotic_panel	no	yes	tier 3
ITGB6	3	1	PanelApp	no	no	Intellectual disability (confidence 1)
ITIH6	3	1	PanelApp	no	no	Intellectual disability (confidence 1)
ITPKB	3	1	ClinGen	no	no	ITPKB deficiency (Limited)
JAG1	3	2	PanelApp,gene2phenotype	no	no	Intellectual disability (confidence 1) | JAG1-related Alagille syndrome ()
JAGN1	3	2	PanelApp,gene2phenotype	no	no	Intellectual disability (confidence 1) | JAGN1-related severe congenital neutropenia ()
JAKMIP1	3	1	PanelApp	no	no	Intellectual disability (confidence 2)
JKAMP	3	2	PanelApp,gene2phenotype	no	no	Intellectual disability (confidence 2) | JKAMP-related neurodevelopmental disorder with seizures, hypotonia, and microcephaly ()
JMJD1C	3	2	PanelApp,gene2phenotype	no	no	Intellectual disability (confidence 2) | JMJD1C-related neurodevelopmental disorder ()
JPH1	3	1	gene2phenotype	no	no	JPH1-related congenital myopathy with ptosis ()
JPH3	3	1	PanelApp	no	no	Intellectual disability (confidence 1)
KANK1	3	2	PanelApp,gene2phenotype	no	no	Intellectual disability (confidence 1) | KANK1-related cerebral palsy spastic quadriplegic ()
KAT2A	3	1	mitotic_panel	no	yes	tier 4
KAT2B	3	1	mitotic_panel	no	yes	tier 3
KATNAL2	3	2	ClinGen,PanelApp	no	no	Intellectual disability (confidence 1) | complex neurodevelopmental disorder (Disputed)
KATNB1	3	2	PanelApp,gene2phenotype	no	no	Intellectual disability (confidence 2) | KATNB1-related complex cerebral malformations ()
KBTBD2	3	1	PanelApp	no	no	Severe microcephaly (confidence 2)
KCNA4	3	1	gene2phenotype	no	no	KCNA4-related abnormal striatum, congenital cataract and intellectual disability ()
KCND1	3	1	PanelApp	no	no	Intellectual disability (confidence 1)
KCND3	3	3	ClinGen,PanelApp,gene2phenotype	no	no	Brugada syndrome 1 (Disputed) | Intellectual disability (confidence 2) | KCND3-related neurodevelopmental disorder with cerebellar ataxia and movement disorders ()
KCNE1	3	3	ClinGen,PanelApp,gene2phenotype	no	no	Intellectual disability (confidence 1) | KCNE1-related Jervell and Lange-Nielsen syndrome () | KCNE1-related long QT syndrome () | long QT syndrome 5 (Limited)
KCNE2	3	1	ClinGen	no	no	long QT syndrome (Disputed)
KCNE3	3	1	ClinGen	no	no	Brugada syndrome (Disputed)
KCNE5	3	1	ClinGen	no	no	Brugada syndrome (Disputed)
KCNJ8	3	2	ClinGen,gene2phenotype	no	no	Brugada syndrome (Disputed) | KCNJ8-related Cantu syndrome ()
KCNK12	3	1	PanelApp	no	no	Intellectual disability (confidence 1)
KCNQ1OT1	3	1	PanelApp	no	no	Beckwith-Wiedemann syndrome (BWS) and other congenital overgrowth disorders (confidence 2) | Childhood solid tumours (confidence 1)
KDELR2	3	1	gene2phenotype	no	no	KDELR2-related osteogenesis imperfecta ()
KDM2A	3	2	PanelApp,gene2phenotype	no	no	Intellectual disability (confidence 2) | KDM2A-related neurodevelopmental disorder with growth restriction ()
KIF15	3	1	mitotic_panel	no	yes	tier 3
KIF18A	3	1	mitotic_panel	no	yes	tier 3
KIF1B	3	2	ClinGen,PanelApp	no	no	Charcot-Marie-Tooth disease type 2A1 (Limited) | Intellectual disability (confidence 1)
KIF1C	3	1	PanelApp	no	no	Intellectual disability (confidence 1)
KIF20A	3	1	ClinGen	no	no	congenital heart disease (Limited)
KIF22	3	3	PanelApp,gene2phenotype,mitotic_panel	no	yes	Intellectual disability (confidence 1) | KIF22-related spondyloepimetaphyseal dysplasia with joint laxity () | tier 3
KIF23	3	1	mitotic_panel	no	yes	tier 3
KIF25	3	1	mitotic_panel	no	yes	tier 4
KIF26B	3	1	PanelApp	no	no	Intellectual disability (confidence 1)
KIF2B	3	1	mitotic_panel	no	yes	tier 3
KIF3B	3	2	gene2phenotype,mitotic_panel	no	yes	KIF3B-related ciliopathy () | tier 4
KIF5B	3	2	PanelApp,gene2phenotype	no	no	Intellectual disability (confidence 2) | KIF5B-related disease ()
KIRREL3	3	3	ClinGen,PanelApp,gene2phenotype	no	no	Intellectual disability (confidence 1) | KIRREL3-related intellectual developmental disorder () | complex neurodevelopmental disorder (Disputed)
KITLG	3	2	ClinGen,gene2phenotype	no	no	KITLG-related Waardenburg syndrome () | nonsyndromic genetic hearing loss (Limited)
KLF1	3	2	PanelApp,gene2phenotype	no	no	Intellectual disability (confidence 1) | KLF1-related anemia, dyserythropoietic congenital ()
KLF10	3	1	ClinGen	no	no	hypertrophic cardiomyopathy (Limited)
KLF11	3	1	ClinGen	no	no	monogenic diabetes (Refuted)
KLF2	3	1	ClinGen	no	no	pulmonary arterial hypertension (Limited)
KLF8	3	2	PanelApp,gene2phenotype	no	no	Intellectual disability (confidence 1) | KLF8-related nonsyndromic intellectual developmental disorder ()
KLHL15	3	2	PanelApp,gene2phenotype	no	no	Intellectual disability (confidence 2) | KLHL15-related intellectual disability ()
KLHL21	3	1	PanelApp	no	no	Intellectual disability (confidence 1)
KLHL22	3	1	mitotic_panel	no	yes	tier 3
KLHL34	3	1	PanelApp	no	no	Intellectual disability (confidence 1)
KLHL4	3	1	PanelApp	no	no	Intellectual disability (confidence 1)
KLK1	3	1	ClinGen	no	no	pulmonary arterial hypertension (Limited)
KLLN	3	1	PanelApp	no	no	Childhood solid tumours (confidence 1)
KMO	3	1	ClinGen	no	no	pellagra (No Known Disease Relationship)
KNSTRN	3	1	mitotic_panel	no	yes	tier 4
KNTC1	3	1	mitotic_panel	no	yes	tier 3
KPNA7	3	2	ClinGen,gene2phenotype	no	no	KPNA7-related Gomez-Lopez-Fernandes syndrome () | epilepsy (Limited)
KRIT1	3	2	PanelApp,gene2phenotype	no	no	Intellectual disability (confidence 1) | KRIT1-related cerebral cavernous malformation ()
KRT74	3	1	gene2phenotype	no	no	KRT74-related hypotrichosis and/or woolly hair ()
LAMA4	3	1	ClinGen	no	no	dilated cardiomyopathy 1JJ (Limited)
LAMB2	3	1	PanelApp	no	no	Intellectual disability (confidence 2)
LAMC3	3	3	ClinGen,PanelApp,gene2phenotype	no	no	Intellectual disability (confidence 1) | LAMC3-related occipital cortical malformations () | complex neurodevelopmental disorder (Disputed)
LAS1L	3	3	ClinGen,PanelApp,gene2phenotype	no	no	Intellectual disability (confidence 2) | LAS1L-related intellectual disability () | X-linked syndromic intellectual disability (Limited)
LCMT1	3	1	mitotic_panel	no	yes	tier 3
LDB1	3	1	PanelApp	no	no	Intellectual disability (confidence 2)
LEF1	3	1	gene2phenotype	no	no	LEF1-related ectodermal dysplasia and limb malformation ()
LEFTY2	3	2	ClinGen,gene2phenotype	no	no	LEFTY2-related heterotaxy syndrome () | congenital heart disease (Disputed)
LEMD2	3	1	gene2phenotype	no	no	LEMD2-related early progeroid syndrome ()
LEMD3	3	2	PanelApp,gene2phenotype	no	no	Intellectual disability (confidence 1) | LEMD3-related Buschke-Ollendorff syndrome ()
LFNG	3	2	PanelApp,gene2phenotype	no	no	Intellectual disability (confidence 1) | LFNG-related spondylocostal dysostosis ()
LGALSL	3	1	ClinGen	no	no	amyotrophic lateral sclerosis (Limited)
LGI4	3	2	PanelApp,gene2phenotype	no	no	Intellectual disability (confidence 1) | LGI4-related arthrogryposis multiplex congenita ()
LHFPL3	3	1	PanelApp	no	no	Intellectual disability (confidence 1)
LHX3	3	2	PanelApp,gene2phenotype	no	no	Intellectual disability (confidence 1) | LHX3-related pituitary hormone deficiency combined ()
LHX4	3	2	PanelApp,gene2phenotype	no	no	Intellectual disability (confidence 1) | LHX4-related combined pituitary hormone deficiency ()
LIMK1	3	1	PanelApp	no	no	Intellectual disability (confidence 1)
LIMS2	3	1	ClinGen	no	no	autosomal recessive limb-girdle muscular dystrophy (Disputed)
LINGO1	3	2	PanelApp,gene2phenotype	no	no	Intellectual disability (confidence 2) | LINGO1 related intellectual disability with microcephaly, speech and motor delay ()
LIPN	3	1	gene2phenotype	no	no	LIPN-related ichthyosis, lamellar ()
LIPT2	3	3	ClinGen,PanelApp,gene2phenotype	no	no	Intellectual disability (confidence 2) | LIPT2-related mitochondrial lipoylation defect associated with severe neonatal encephalopathy () | mitochondrial disease (Limited)
LMAN2L	3	1	PanelApp	no	no	Intellectual disability (confidence 2)
LNPK	3	2	PanelApp,gene2phenotype	no	no	Intellectual disability (confidence 2) | LNPK-related neurodevelopmental disorder ()
LRIG2	3	1	gene2phenotype	no	no	LRIG2-related urofacial syndrome ()
LRIT3	3	1	gene2phenotype	no	no	LRIT3-related complete congenital stationary night blindness ()
LRP1	3	1	PanelApp	no	no	Intellectual disability (confidence 1)
LRP6	3	1	gene2phenotype	no	no	LRP6-related tooth agenesis ()
LRPAP1	3	1	gene2phenotype	no	no	LRPAP1-related myopia, extreme ()
LRRC10	3	1	ClinGen	no	no	dilated cardiomyopathy (No Known Disease Relationship)
LRRC32	3	1	PanelApp	no	no	Intellectual disability (confidence 2)
LRRC45	3	2	PanelApp,gene2phenotype	no	no	Intellectual disability (confidence 2) | LRRC45-related ciliopathy ()
LRRC8A	3	1	ClinGen	no	no	agammaglobulinemia (Limited)
LRRC8C	3	1	PanelApp	no	no	Intellectual disability (confidence 2) | Severe microcephaly (confidence 2)
LRRK1	3	1	PanelApp	no	no	Intellectual disability (confidence 1)
LRWD1	3	1	mitotic_panel	no	yes	tier 4
LSM1	3	1	PanelApp	no	no	Intellectual disability (confidence 2)
LSM11	3	1	gene2phenotype	no	no	LSM11-related Aicardi-Goutieres syndrome ()
LSM7	3	1	PanelApp	no	no	Intellectual disability (confidence 2)
LTBP1	3	1	gene2phenotype	no	no	LTBP1-related cutis laxa and craniosynostosis ()
LTBP3	3	2	PanelApp,gene2phenotype	no	no	Intellectual disability (confidence 1) | LTBP3-related platyspondyly with amelogenesis imperfecta ()
LYSET	3	1	gene2phenotype	no	no	LYSET-related skeletal dysplasia ()
MACC1	3	1	PanelApp	no	no	Intellectual disability (confidence 1)
MACROH2A1	3	1	mitotic_panel	no	yes	tier 4
MAD2L1BP	3	1	mitotic_panel	no	yes	tier 3
MAD2L2	3	2	PanelApp,mitotic_panel	no	yes	Fanconi anaemia or Bloom syndrome (confidence 2) | tier 3
MAFB	3	2	PanelApp,gene2phenotype	no	no	Intellectual disability (confidence 1) | MAFB-related Duane retraction syndrome () | MAFB-related multicentric carpotarsal osteolysis syndrome ()
MAGEA11	3	1	PanelApp	no	no	Intellectual disability (confidence 1)
MAGEA5P	3	1	mitotic_panel	no	yes	tier 4
MAGEB1	3	1	PanelApp	no	no	Intellectual disability (confidence 1)
MAGEB10	3	1	PanelApp	no	no	Intellectual disability (confidence 1)
MAGEB2	3	1	PanelApp	no	no	Intellectual disability (confidence 1)
MAGEC1	3	1	PanelApp	no	no	Intellectual disability (confidence 1)
MAGEC3	3	1	PanelApp	no	no	Intellectual disability (confidence 1)
MAGED1	3	1	PanelApp	no	no	Intellectual disability (confidence 1)
MAGEE2	3	1	PanelApp	no	no	Intellectual disability (confidence 1)
MAGI2	3	3	ClinGen,PanelApp,gene2phenotype	no	no	Intellectual disability (confidence 1) | MAGI2-related early onset epileptic encephalopathy () | epilepsy (Refuted)
MAGIX	3	1	PanelApp	no	no	Intellectual disability (confidence 1)
MAL	3	1	PanelApp	no	no	Intellectual disability (confidence 2)
MAML2	3	1	ClinGen	no	no	congenital heart disease (No Known Disease Relationship)
MAMLD1	3	1	gene2phenotype	no	no	MAMLD1-related hypospadias ()
MAN2A2	3	2	ClinGen,gene2phenotype	no	no	MAN2A2-related disorder of glycosylation () | congenital disorder of glycosylation (Limited)
MAN2B2	3	1	ClinGen	no	no	MAN2B2 deficiency (Limited)
MAOB	3	1	PanelApp	no	no	Intellectual disability (confidence 1)
MAP3K1	3	2	PanelApp,gene2phenotype	no	no	Intellectual disability (confidence 1) | MAP3K1-related 46XY sex reversal ()
MAP3K15	3	1	PanelApp	no	no	Intellectual disability (confidence 1)
MAP3K7	3	2	PanelApp,gene2phenotype	no	no	Intellectual disability (confidence 1) | MAP3K7-related frontometaphyseal dysplasia ()
MAP7D3	3	1	PanelApp	no	no	Intellectual disability (confidence 1)
MAP9	3	1	mitotic_panel	no	yes	tier 4
MAPK10	3	2	PanelApp,gene2phenotype	no	no	Intellectual disability (confidence 2) | MAPK10-related epileptic encephalopathy, Lennox-Gastaut type ()
MAPT	3	1	PanelApp	no	no	Intellectual disability (confidence 1)
MARK4	3	2	gene2phenotype,mitotic_panel	no	yes	MARK4-related neurodevelopmental disorder () | tier 4
MARS1	3	1	ClinGen	no	no	Charcot-Marie-Tooth disease (Limited)
MAST2	3	1	ClinGen	no	no	thrombotic disease (Limited)
MASTL	3	1	ClinGen	no	no	thrombocytopenia (Limited)
MAT2A	3	1	ClinGen	no	no	familial thoracic aortic aneurysm and aortic dissection (Limited)
MATN3	3	2	PanelApp,gene2phenotype	no	no	Intellectual disability (confidence 1) | MATN3-related multiple epiphyseal dysplasia ()
MAU2	3	2	gene2phenotype,mitotic_panel	no	yes	MAU2-related neurodevelopmental disorder () | tier 4
MBNL3	3	1	PanelApp	no	no	Intellectual disability (confidence 1)
MC2R	3	2	PanelApp,gene2phenotype	no	no	Intellectual disability (confidence 1) | MC2R-related glucocorticoid deficiency ()
MCAT	3	1	ClinGen	no	no	optic atrophy 15 (Limited)
MCM2	3	1	ClinGen	no	no	nonsyndromic genetic hearing loss (Limited)
MCM7	3	1	PanelApp	no	no	Severe microcephaly (confidence 2)
MCMBP	3	1	mitotic_panel	no	yes	tier 4
MDGA2	3	1	gene2phenotype	no	no	MDGA2-related developmental and epileptic encephalopathy with abnormal cranial MRI ()
ME2	3	1	ClinGen	no	no	epilepsy (Refuted)
MEAF6	3	1	mitotic_panel	no	yes	tier 4
MEIS1	3	1	ClinGen	no	no	thrombocytopenia (Limited)
MEOX1	3	1	gene2phenotype	no	no	MEOX1-related Klippel-Feil anomaly ()
MESD	3	1	gene2phenotype	no	no	MESD-related osteogenesis imperfecta ()
MESP2	3	2	PanelApp,gene2phenotype	no	no	Intellectual disability (confidence 1) | MESP2-related spondylocostal dysostosis ()
METAP1	3	1	PanelApp	no	no	Intellectual disability (confidence 1)
MFRP	3	2	PanelApp,gene2phenotype	no	no	Intellectual disability (confidence 1) | MFRP-related microphthalmia isolated ()
MGAT5B	3	1	PanelApp	no	no	Intellectual disability (confidence 1)
MIB1	3	3	ClinGen,PanelApp,gene2phenotype	no	no	Intellectual disability (confidence 1) | MIB1-related developmental disorder () | dilated cardiomyopathy (Limited)
MICU2	3	1	ClinGen	no	no	mitochondrial disease (Limited)
MIEF2	3	1	ClinGen	no	no	mitochondrial disease (Limited)
MIR140	3	2	ClinGen,gene2phenotype	no	no	MIR140-related spondyloepiphyseal dysplasia, Nishimura type () | spondyloepiphyseal dysplasia, nishimura type (Limited)
MIR17HG	3	2	PanelApp,gene2phenotype	no	no	Intellectual disability (confidence 2) | MIR17HG-related Feingold syndrome () | Severe microcephaly (confidence 2)
MIR184	3	1	gene2phenotype	no	no	MIR184-related keratoconus with cataract (EDICT syndrome) ()
MIS12	3	1	mitotic_panel	no	yes	tier 3
MKI67	3	1	mitotic_panel	no	yes	tier 3
MLH3	3	1	ClinGen	no	no	colorectal cancer, hereditary nonpolyposis, type 7 (Limited) | intestinal polyposis syndrome (Limited)
MMGT1	3	2	PanelApp,gene2phenotype	no	no	Intellectual disability (confidence 2) | MMGT1-related developmental disorder ()
MMP13	3	2	PanelApp,gene2phenotype	no	no	Intellectual disability (confidence 1) | MMP13-related metaphyseal anadysplasia () | MMP13-related spondyloepimetaphyseal dysplasia, Missouri type ()
MMP14	3	1	gene2phenotype	no	no	MMP14-related Winchester syndrome ()
MMP15	3	1	gene2phenotype	no	no	MMP15-related developmental disorder ()
MMP21	3	2	PanelApp,gene2phenotype	no	no	Intellectual disability (confidence 1) | MMP21-related heterotaxy ()
MMS19	3	1	gene2phenotype	no	no	MMS19-related dihydropyrimidine dehydrogenase deficiency ()
MNS1	3	1	ClinGen	no	no	primary ciliary dyskinesia (Disputed)
MNX1	3	2	PanelApp,gene2phenotype	no	no	Intellectual disability (confidence 1) | MNX1-related Currarino syndrome ()
MOCS3	3	1	ClinGen	no	no	sulfite oxidase deficiency due to molybdenum cofactor deficiency type B2 (Limited)
MORC4	3	1	PanelApp	no	no	Intellectual disability (confidence 1)
MPC2	3	1	gene2phenotype	no	no	MPC2-related metabolic disorder ()
MPDZ	3	2	PanelApp,gene2phenotype	no	no	Intellectual disability (confidence 1) | MPDZ-related nonsyndromic hydrocephalus ()
MPST	3	1	ClinGen	no	no	encephalopathy due to beta-mercaptolactate-cysteine disulfiduria (No Known Disease Relationship)
MRAP	3	1	PanelApp	no	no	Intellectual disability (confidence 1)
MRE11	3	4	ClinGen,PanelApp,gene2phenotype,mitotic_panel	no	yes	Intellectual disability (confidence 1) | MRE11-related ataxia telangiectasia-like disorder () | Severe microcephaly (confidence 2) | familial ovarian cancer (Refuted) | hereditary breast carcinoma (Refuted) | tier 4
MRPL12	3	1	ClinGen	no	no	mitochondrial disease (Limited)
MRPL24	3	1	ClinGen	no	no	mitochondrial disease (Limited)
MRPL38	3	1	ClinGen	no	no	mitochondrial disease (Limited)
MRPS14	3	1	ClinGen	no	no	mitochondrial disease (Limited)
MRPS16	3	1	ClinGen	no	no	mitochondrial disease (Limited)
MRPS23	3	1	ClinGen	no	no	mitochondrial disease (Limited)
MRPS25	3	1	ClinGen	no	no	mitochondrial disease (Limited)
MRPS28	3	1	ClinGen	no	no	mitochondrial disease (Limited)
MRPS7	3	1	ClinGen	no	no	mitochondrial disease (Limited)
MRTFB	3	1	PanelApp	no	no	Intellectual disability (confidence 2)
MS4A1	3	1	ClinGen	no	no	immunodeficiency, common variable, 5 (Limited)
MSI1	3	1	gene2phenotype	no	no	MSI1-related microcephaly ()
MT-ATP8	3	1	ClinGen	no	no	mitochondrial disease (Limited)
MT-ND4L	3	1	ClinGen	no	no	mitochondrial disease (Limited)
MT-RNR2	3	1	ClinGen	no	no	mitochondrial disease (Limited)
MT-TC	3	1	ClinGen	no	no	mitochondrial disease (Limited)
MT-TQ	3	1	ClinGen	no	no	mitochondrial disease (Limited)
MTBP	3	1	mitotic_panel	no	yes	tier 4
MTCL1	3	1	mitotic_panel	no	yes	tier 4
MTF1	3	2	PanelApp,gene2phenotype	no	no	Intellectual disability (confidence 1) | MTF1-related intellectual disability ()
MTMR1	3	1	PanelApp	no	no	Intellectual disability (confidence 1)
MTMR14	3	1	PanelApp	no	no	Intellectual disability (confidence 1)
MTMR8	3	1	PanelApp	no	no	Intellectual disability (confidence 1)
MTTP	3	1	PanelApp	no	no	Intellectual disability (confidence 1)
MXRA5	3	1	PanelApp	no	no	Intellectual disability (confidence 1)
MYBPC1	3	2	PanelApp,gene2phenotype	no	no	Intellectual disability (confidence 1) | MYBPC1-related arthrogryposis and myopathy () | MYBPC1-related lethal congenital contracture syndrome ()
MYCBP2	3	2	PanelApp,gene2phenotype	no	no	Intellectual disability (confidence 2) | MYCBP2-related developmental delay with corpus callosum defects ()
MYF5	3	1	gene2phenotype	no	no	MYF5-related external ophthalmoplegia, rib, and vertebral anomalies ()
MYH3	3	2	PanelApp,gene2phenotype	no	no	Intellectual disability (confidence 1) | MYH3-related distal arthrogryposis () | MYH3-related spondylocarpotarsal synostosis syndrome ()
MYH8	3	2	PanelApp,gene2phenotype	no	no	Intellectual disability (confidence 1) | MYH8-related Carney complex variant () | MYH8-related Trismus-pseudocamptodactyly syndrome ()
MYL1	3	2	ClinGen,gene2phenotype	no	no	MYL1-related myopathy, congenital, with fast-twitch (type II) fiber atrophy () | congenital myopathy (Limited)
MYL11	3	1	gene2phenotype	no	no	MYL11-related arthrogryposis, distal ()
MYLK2	3	1	ClinGen	no	no	hypertrophic cardiomyopathy (Disputed)
MYO1A	3	1	ClinGen	no	no	nonsyndromic genetic hearing loss (Refuted)
MYO1C	3	1	ClinGen	no	no	nonsyndromic genetic hearing loss (Disputed)
MYO1D	3	1	PanelApp	no	no	Intellectual disability (confidence 1)
MYO1F	3	1	ClinGen	no	no	nonsyndromic genetic hearing loss (Disputed)
MYO1G	3	1	PanelApp	no	no	Intellectual disability (confidence 1)
MYO1H	3	1	PanelApp	no	no	Intellectual disability (confidence 1)
MYO5B	3	2	PanelApp,gene2phenotype	no	no	Intellectual disability (confidence 1) | MYO5B-related microvillus inclusion disease ()
MYO9A	3	1	ClinGen	no	no	arthrogryposis syndrome (Limited)
MYOCD	3	1	gene2phenotype	no	no	MYOCD-related congenital megabladder ()
MYOM1	3	1	ClinGen	no	no	hypertrophic cardiomyopathy (Disputed)
MYOZ2	3	1	ClinGen	no	no	hypertrophic cardiomyopathy (Disputed)
MYT1	3	2	PanelApp,gene2phenotype	no	no	Intellectual disability (confidence 1) | MYT1-related oculo-auriculo-vertebral spectrum (OAVS) (Goldenhar syndrome) ()
MZT1	3	1	mitotic_panel	no	yes	tier 3
NAA50	3	1	mitotic_panel	no	yes	tier 4
NAA60	3	1	PanelApp	no	no	Intellectual disability (confidence 1)
NADSYN1	3	1	gene2phenotype	no	no	NADSYN1-related congenital NAD deficiency disorder ()
NAE1	3	1	gene2phenotype	no	no	NAE1-related neurodevelopmental disorder with intellectual disability, ischiopubic hypoplasia, stress-mediated lymphopenia, and neurodegeneration ()
NAT10	3	1	mitotic_panel	no	yes	tier 4
NBAS	3	2	PanelApp,gene2phenotype	no	no	Intellectual disability (confidence 2) | NBAS-related short stature, optic nerve atrophy, Pelger-Huet anomaly and/or infantile liver failure ()
NCAPG2	3	3	ClinGen,PanelApp,gene2phenotype	no	no	Intellectual disability (confidence 2) | Khan-Khan-Katsanis syndrome (Limited) | NCAPG2-related severe neurodevelopmental syndrome ()
NCOR1	3	1	gene2phenotype	no	no	NCOR1-related developmental disorder ()
NDC1	3	1	gene2phenotype	no	no	NDC1-related neurodevelopmental disorder with achalasia, polyneuropathy, and alacrima (triple A-like syndrome) ()
NDEL1	3	1	mitotic_panel	no	yes	tier 3
NDN	3	1	PanelApp	no	no	Intellectual disability (confidence 1)
NDNF	3	1	gene2phenotype	no	no	NDNF-related congenital hypogonadotrophic hypogonadism ()
NDRG1	3	1	PanelApp	no	no	Intellectual disability (confidence 1)
NDUFA11	3	2	ClinGen,PanelApp	no	no	Intellectual disability (confidence 1) | mitochondrial disease (Limited)
NDUFAF7	3	1	ClinGen	no	no	mitochondrial disease (Disputed)
NDUFB7	3	2	ClinGen,gene2phenotype	no	no	NDUFB7-related lactic acidosis and hypertrophic cardiomyopathy () | mitochondrial disease (Limited)
NDUFB9	3	1	ClinGen	no	no	mitochondrial disease (Limited)
NEBL	3	1	ClinGen	no	no	dilated cardiomyopathy (Limited)
NECAB2	3	1	PanelApp	no	no	Intellectual disability (confidence 1)
NECTIN4	3	1	gene2phenotype	no	no	NECTIN4-related ectodermal dysplasia-syndactyly syndrome ()
NEDD1	3	1	mitotic_panel	no	yes	tier 3
NEIL3	3	1	ClinGen	no	no	autoimmune disease (Disputed)
NEK6	3	1	mitotic_panel	no	yes	tier 3
NEK7	3	1	mitotic_panel	no	yes	tier 3
NFAT5	3	1	ClinGen	no	no	immunodeficiency disease (Limited)
NFATC1	3	1	ClinGen	no	no	congenital heart disease (Limited)
NFATC2	3	1	ClinGen	no	no	congenital heart disease (Disputed)
NFE2	3	1	ClinGen	no	no	thrombocytopenia (Limited)
NFE2L2	3	2	ClinGen,gene2phenotype	no	no	NFE2L2-related leukoencephalopathy, immune deficiency and hypohomocysteinaemia () | immunodeficiency, developmental delay, and hypohomocysteinemia (Limited)
NFKBIZ	3	1	ClinGen	no	no	hereditary nonpolyposis colon cancer (Limited)
NHERF1	3	1	PanelApp	no	no	Nephrocalcinosis or nephrolithiasis (confidence 2)
NIN	3	2	PanelApp,mitotic_panel	no	yes	Severe microcephaly (confidence 1) | tier 3
NIPA1	3	1	PanelApp	no	no	Intellectual disability (confidence 1)
NKX2-6	3	1	ClinGen	no	no	congenital heart disease (Limited)
NKX3-2	3	2	PanelApp,gene2phenotype	no	no	Intellectual disability (confidence 1) | NKX3-2-related spondylo-megaepiphyseal-metaphyseal dysplasia ()
NKX6-2	3	1	gene2phenotype	no	no	NKX6-2-related progressive spastic ataxia and hypomyelination ()
NLRP3	3	1	PanelApp	no	no	Intellectual disability (confidence 1)
NME8	3	1	ClinGen	no	no	primary ciliary dyskinesia (Disputed)
NOP10	3	3	ClinGen,PanelApp,gene2phenotype	no	no	Childhood solid tumours (confidence 2) | Childhood solid tumours cancer susceptibility (confidence 2) | NOP10-related dyskeratosis congenita () | pulmonary fibrosis and/or bone marrow failure syndrome, telomere-related, 9 (Limited)
NOP56	3	1	PanelApp	no	no	Intellectual disability (confidence 1)
NPHS2	3	2	PanelApp,gene2phenotype	no	no	Intellectual disability (confidence 1) | NPHS2-related nephrotic syndrome ()
NPM1	3	3	ClinGen,gene2phenotype,mitotic_panel	no	yes	NPM1-related dyskeratosis congenita () | bone marrow failure syndrome (Limited) | tier 4
NPPA	3	1	ClinGen	no	no	dilated cardiomyopathy (No Known Disease Relationship)
NPR2	3	2	PanelApp,gene2phenotype	no	no	Intellectual disability (confidence 1) | NPR2-related acromesomelic dysplasia Maroteaux type ()
NPR3	3	2	PanelApp,gene2phenotype	no	no	Intellectual disability (confidence 1) | NPR3-related enhanced growth and connective tissue abnormalities ()
NPTN	3	1	PanelApp	no	no	Intellectual disability (confidence 2)
NPTX1	3	1	ClinGen	no	no	autosomal dominant cerebellar ataxia (Limited)
NR1I3	3	2	PanelApp,gene2phenotype	no	no	Intellectual disability (confidence 1) | NR1I3-related intellectual disability ()
NRDC	3	2	PanelApp,gene2phenotype	no	no	Intellectual disability (confidence 2) | NRDC-related neurodevelopmental disorder with microcephaly and brain abnormalities () | Severe microcephaly (confidence 2)
NRK	3	1	PanelApp	no	no	Intellectual disability (confidence 1)
NRP1	3	1	ClinGen	no	no	congenital heart disease (Limited)
NRXN2	3	3	ClinGen,PanelApp,gene2phenotype	no	no	Intellectual disability (confidence 1) | NRXN2-related autism () | complex neurodevelopmental disorder (Limited)
NRXN3	3	2	PanelApp,gene2phenotype	no	no	Intellectual disability (confidence 1) | NRXN3-related autism ()
NSF	3	1	PanelApp	no	no	Intellectual disability (confidence 1)
NSFL1C	3	1	mitotic_panel	no	yes	tier 4
NSL1	3	1	mitotic_panel	no	yes	tier 3
NSMCE3	3	2	ClinGen,gene2phenotype	no	no	NSMCE3-related distinct DNA breakage syndrome () | lung disease, immunodeficiency, and chromosome breakage syndrome; (Limited)
NSUN6	3	1	gene2phenotype	no	no	NSUN6-related neurodevelopmental disorder ()
NT5C3A	3	2	PanelApp,gene2phenotype	no	no	Intellectual disability (confidence 2) | NT5C3A-related hemolytic anemia ()
NTF4	3	1	ClinGen	no	no	glaucoma 1, open angle, O (Disputed)
NTM	3	1	PanelApp	no	no	Intellectual disability (confidence 1)
NTNG1	3	2	ClinGen,PanelApp	no	no	Intellectual disability (confidence 1) | complex neurodevelopmental disorder (Limited)
NTRK3	3	1	ClinGen	no	no	congenital heart disease (Disputed)
NUDC	3	1	mitotic_panel	no	yes	tier 3
NUDCD2	3	1	gene2phenotype	no	no	NUDCD2-related brain and cardiac malformations with cholestasis and renal failure ()
NUDCD3	3	1	ClinGen	no	no	severe combined immunodeficiency (Limited)
NUMA1	3	1	mitotic_panel	no	yes	tier 3
NUP205	3	1	ClinGen	no	no	nephrotic syndrome, type 13 (Limited)
NUP37	3	1	mitotic_panel	no	yes	tier 3
NUP43	3	1	mitotic_panel	no	yes	tier 3
NUP50	3	1	ClinGen	no	no	amyotrophic lateral sclerosis (Limited)
NUP54	3	1	gene2phenotype	no	no	NUP54-related early-onset dystonia with striatal lesions ()
NUP62	3	4	ClinGen,PanelApp,gene2phenotype,mitotic_panel	no	yes	Intellectual disability (confidence 2) | Leigh syndrome (Disputed) | NUP62-related infantile striatonigral degeneration () | tier 4
NUP85	3	2	PanelApp,mitotic_panel	no	yes	Intellectual disability (confidence 2) | tier 3
NUSAP1	3	1	mitotic_panel	no	yes	tier 3
NXF4	3	1	PanelApp	no	no	Intellectual disability (confidence 1)
NXF5	3	1	PanelApp	no	no	Intellectual disability (confidence 1)
NYNRIN	3	1	PanelApp	no	no	Childhood solid tumours (confidence 2)
OBSCN	3	1	ClinGen	no	no	dilated cardiomyopathy (Limited) | hypertrophic cardiomyopathy (Limited)
OBSL1	3	2	PanelApp,gene2phenotype	no	no	Intellectual disability (confidence 1) | OBSL1-related 3-M syndrome ()
ODAPH	3	1	PanelApp	no	no	Intellectual disability (confidence 1)
ODF2	3	1	mitotic_panel	no	yes	tier 3
ODF2L	3	1	PanelApp	no	no	Intellectual disability (confidence 1)
OLA1	3	1	PanelApp	no	no	Intellectual disability (confidence 2) | Severe microcephaly (confidence 2)
ONECUT1	3	1	gene2phenotype	no	no	ONECUT1-related neonatal diabetes ()
OR5M1	3	1	PanelApp	no	no	Intellectual disability (confidence 1)
OSR1	3	1	ClinGen	no	no	congenital heart disease (Disputed)
OSR2	3	1	gene2phenotype	no	no	OSR2-related radioulnar synostosis ()
OXA1L	3	1	ClinGen	no	no	mitochondrial disease (Limited)
P2RX1	3	1	ClinGen	no	no	inherited bleeding disorder, platelet-type (Disputed)
P2RY4	3	1	PanelApp	no	no	Intellectual disability (confidence 1)
P2RY8	3	1	PanelApp	no	no	Intellectual disability (confidence 1)
P3H1	3	2	PanelApp,gene2phenotype	no	no	Intellectual disability (confidence 1) | P3H1-related osteogenesis imperfecta ()
P4HB	3	2	PanelApp,gene2phenotype	no	no	Intellectual disability (confidence 1) | P4HB-related Cole-Carpenter syndrome ()
PABPC5	3	1	PanelApp	no	no	Intellectual disability (confidence 1)
PACSIN3	3	1	gene2phenotype	no	no	PACSIN3-related childhood-onset myopathy with hyperCKaemia ()
PAM16	3	1	PanelApp	no	no	Intellectual disability (confidence 2)
PANK2	3	1	PanelApp	no	no	Intellectual disability (confidence 1)
PAPSS2	3	2	PanelApp,gene2phenotype	no	no	Intellectual disability (confidence 1) | PAPSS2-related spondyloepimetaphyseal dysplasia, Pakistani type ()
PARD6A	3	1	mitotic_panel	no	yes	tier 4
PARP1	3	2	PanelApp,gene2phenotype	no	no	Intellectual disability (confidence 1) | PARP1-related intellectual developmental disorder ()
PARP6	3	1	PanelApp	no	no	Intellectual disability (confidence 2)
PASD1	3	1	PanelApp	no	no	Intellectual disability (confidence 1)
PAX4	3	1	ClinGen	no	no	monogenic diabetes (Refuted)
PBRM1	3	2	PanelApp,mitotic_panel	no	yes	Intellectual disability (confidence 1) | tier 3
PCBP2	3	2	PanelApp,gene2phenotype	no	no	Intellectual disability (confidence 2) | PCBP2-related developmental disorder ()
PCDH10	3	1	PanelApp	no	no	Intellectual disability (confidence 1)
PCDH15	3	1	ClinGen	no	no	nonsyndromic genetic hearing loss (Limited)
PCLAF	3	1	mitotic_panel	no	yes	tier 4
PCLO	3	1	PanelApp	no	no	Intellectual disability (confidence 1) | Severe microcephaly (confidence 1)
PCM1	3	1	mitotic_panel	no	yes	tier 3
PCNA	3	1	ClinGen	no	no	hereditary ataxia (Limited)
PCSK5	3	1	ClinGen	no	no	syndromic congenital heart disease (Disputed)
PCSK6	3	1	ClinGen	no	no	congenital heart disease (No Known Disease Relationship)
PDCD1	3	1	ClinGen	no	no	autoimmune disease (Limited)
PDCD10	3	2	PanelApp,gene2phenotype	no	no	Intellectual disability (confidence 1) | PDCD10-related cerebral cavernous malformations ()
PDCD6IP	3	2	PanelApp,mitotic_panel	no	yes	Intellectual disability (confidence 2) | Severe microcephaly (confidence 2) | tier 4
PDE10A	3	2	PanelApp,gene2phenotype	no	no	Intellectual disability (confidence 2) | PDE10A-related childhood-onset chorea with bilateral striatal lesions ()
PDE1B	3	1	PanelApp	no	no	Intellectual disability (confidence 2)
PDE1C	3	1	ClinGen	no	no	autosomal dominant nonsyndromic hearing loss (Limited)
PDE6H	3	1	gene2phenotype	no	no	PDE6H-related achromatopsia () | PDE6H-related retinal cone dystrophy ()
PDGFB	3	1	PanelApp	no	no	Intellectual disability (confidence 1)
PDGFD	3	1	ClinGen	no	no	pulmonary arterial hypertension (Limited)
PDIA6	3	2	PanelApp,gene2phenotype	no	no	Cystic renal disease (confidence 2) | PDIA6-related syndromic neonatal diabetes and asphyxiating thoracic dystrophy ()
PDLIM3	3	1	ClinGen	no	no	dilated cardiomyopathy (Disputed) | hypertrophic cardiomyopathy (Limited)
PDP1	3	1	PanelApp	no	no	Intellectual disability (confidence 2)
PDS5B	3	2	PanelApp,mitotic_panel	no	yes	Intellectual disability (confidence 1) | tier 3
PDYN	3	1	PanelApp	no	no	Intellectual disability (confidence 1)
PECR	3	2	PanelApp,gene2phenotype	no	no	Intellectual disability (confidence 1) | PECR-related intellectual developmental disorder ()
PET117	3	1	ClinGen	no	no	Leigh syndrome (Limited) | mitochondrial disease (Limited)
PEX11A	3	1	ClinGen	no	no	peroxisome biogenesis disorder (No Known Disease Relationship)
PEX11G	3	1	ClinGen	no	no	peroxisome biogenesis disorder (No Known Disease Relationship)
PGBD5	3	1	PanelApp	no	no	Intellectual disability (confidence 2)
PGRMC1	3	1	PanelApp	no	no	Intellectual disability (confidence 1)
PHB2	3	1	mitotic_panel	no	yes	tier 4
PHC1	3	2	PanelApp,gene2phenotype	no	no	Intellectual disability (confidence 1) | PHC1-related primary microcephaly () | Severe microcephaly (confidence 1)
PHF10	3	2	PanelApp,mitotic_panel	no	yes	Intellectual disability (confidence 1) | tier 3
PHF14	3	1	PanelApp	no	no	Intellectual disability (confidence 2)
PHF2	3	1	mitotic_panel	no	yes	tier 4
PHF20	3	1	gene2phenotype	no	no	PHF20-related neurodevelopmental disorder ()
PHF5A	3	2	PanelApp,gene2phenotype	no	no	Intellectual disability (confidence 2) | PHF5A-related neurodevelopmental disorder with congenital malformations ()
PHKA2	3	1	PanelApp	no	no	Intellectual disability (confidence 1)
PHYKPL	3	1	ClinGen	no	no	phosphohydroxylysinuria (Limited)
PIEZO2	3	2	PanelApp,gene2phenotype	no	no	Intellectual disability (confidence 1) | PIEZO2-related arthrogryposis, distal () | PIEZO2-related ataxia, dysmetria, contractures and scoliosis with normal cognition but loss of discriminative touch perception ()
PIGF	3	2	ClinGen,PanelApp	no	no	Intellectual disability (confidence 1) | congenital disorder of glycosylation (Limited)
PIGM	3	2	ClinGen,gene2phenotype	no	no	PIGM-related glycosylphosphatidylinositol deficiency () | congenital disorder of glycosylation (Limited)
PIGY	3	3	ClinGen,PanelApp,gene2phenotype	no	no	Intellectual disability (confidence 1) | PIGY-related glycosylphosphatidylinositol deficiency () | hyperphosphatasia with intellectual disability syndrome 6 (Limited)
PIK3C2A	3	1	PanelApp	no	no	Intellectual disability (confidence 2)
PIK3C3	3	1	PanelApp	no	no	Intellectual disability (confidence 1)
PIK3R5	3	1	ClinGen	no	no	ataxia with oculomotor apraxia type 3 (Disputed)
PIN4	3	1	PanelApp	no	no	Intellectual disability (confidence 1)
PINX1	3	1	mitotic_panel	no	yes	tier 4
PITX1	3	1	gene2phenotype	no	no	PITX1-related congenital clubfoot () | PITX1-related homeotic arm-to-leg transformation associated with genomic rearrangements at the locus ()
PITX3	3	2	PanelApp,gene2phenotype	no	no	Intellectual disability (confidence 1) | PITX3-related cataract with or without ocular developmental defects ()
PJA1	3	1	PanelApp	no	no	Intellectual disability (confidence 2)
PKD1L1	3	2	PanelApp,gene2phenotype	no	no	Intellectual disability (confidence 1) | PKD1L1-related laterality defects ()
PKDCC	3	1	gene2phenotype	no	no	PKDCC-related rhizomelic limb shortening with dysmorphic features and short stature ()
PLAAT3	3	1	PanelApp	no	no	Intellectual disability (confidence 2)
PLAG1	3	1	gene2phenotype	no	no	PLAG1-related Silver Russell syndrome ()
PLAT	3	2	ClinGen,PanelApp	no	no	Intellectual disability (confidence 2) | thrombophilia, familial, due to decreased release of tissue plasminogen activator (Disputed)
PLCG2	3	1	gene2phenotype	no	no	PLCG2-related autoinflammation, antibody deficiency, and immune dysregulation syndrome () | PLCG2-related familial cold autoinflammatory syndrome ()
PLCH1	3	1	gene2phenotype	no	no	PLCH1-related holoprosencephaly ()
PLCXD1	3	1	PanelApp	no	no	Intellectual disability (confidence 1)
PLEKHG1	3	1	PanelApp	no	no	Intellectual disability (confidence 1)
PLK2	3	1	mitotic_panel	no	yes	tier 4
PLOD1	3	2	PanelApp,gene2phenotype	no	no	Intellectual disability (confidence 1) | PLOD1-related Ehlers-Danlos syndrome, kyphoscoliotic type ()
PLOD2	3	2	PanelApp,gene2phenotype	no	no	Intellectual disability (confidence 1) | PLOD2-related Bruck syndrome ()
PLOD3	3	2	PanelApp,gene2phenotype	no	no	Intellectual disability (confidence 1) | PLOD3-related lysyl hydroxylase 3 deficiency ()
PLS3	3	1	gene2phenotype	no	no	PLS3-related diaphragmatic hernia and body-wall defects () | PLS3-related osteoporosis with fractures ()
PLSCR1	3	1	mitotic_panel	no	yes	tier 4
PLXNA2	3	1	PanelApp	no	no	Intellectual disability (confidence 2)
PLXNB3	3	1	PanelApp	no	no	Intellectual disability (confidence 1)
PLXND1	3	1	gene2phenotype	no	no	PLXND1-related Moebius syndrome () | PLXND1-related cardiac malformation syndrome ()
PMF1	3	1	mitotic_panel	no	yes	tier 3
PMS1	3	1	ClinGen	no	no	Lynch syndrome (Refuted)
PNKD	3	1	PanelApp	no	no	Intellectual disability (confidence 1)
PNPLA1	3	1	gene2phenotype	no	no	PNPLA1-related congenital ichthyosis ()
POC5	3	1	mitotic_panel	no	yes	tier 4
POLD2	3	1	ClinGen	no	no	non-severe combined immunodeficiency due to polymerase delta deficiency (Limited)
POLD3	3	1	ClinGen	no	no	immunodeficiency 122 (Limited)
POLR1A	3	1	gene2phenotype	no	no	POLR1A-related acrofacial dysostosis, Cincinnati type ()
POLR3GL	3	1	gene2phenotype	no	no	POLR3GL-related endosteal hyperostosis and oligodontia ()
POLR3K	3	1	ClinGen	no	no	leukodystrophy, hypomyelinating, 21 (Limited)
POMK	3	2	PanelApp,gene2phenotype	no	no	Intellectual disability (confidence 2) | POMK-related muscular dystrophy-dystroglycanopathy congenital with brain and eye anomalies ()
POMP	3	1	gene2phenotype	no	no	POMP-related keratosis linearis with ichthyosis congenita and sclerosing keratoderma ()
POP1	3	1	gene2phenotype	no	no	POP1-related anauxetic dysplasia ()
POU1F1	3	2	PanelApp,gene2phenotype	no	no	Intellectual disability (confidence 2) | POU1F1-related combined pituitary hormone deficiency ()
POU2AF1	3	1	ClinGen	no	no	agammaglobulinemia (Limited)
POU4F1	3	1	gene2phenotype	no	no	POU4F1-related ataxia, intention tremor, and hypotonia syndrome ()
PPFIA3	3	2	PanelApp,gene2phenotype	no	no	Intellectual disability (confidence 2) | PPFIA3-related neurodevelopmental disorder ()
PPIP5K2	3	1	ClinGen	no	no	hearing loss, autosomal recessive (Limited)
PPP1R1B	3	1	PanelApp	no	no	Intellectual disability (confidence 1)
PPP1R35	3	2	PanelApp,mitotic_panel	no	yes	Severe microcephaly (confidence 1) | tier 4
PPP2R1B	3	1	mitotic_panel	no	yes	tier 3
PPP2R5A	3	1	mitotic_panel	no	yes	tier 3
PRAP1	3	1	mitotic_panel	no	yes	tier 3
PRC1	3	1	mitotic_panel	no	yes	tier 3
PRDM12	3	2	PanelApp,gene2phenotype	no	no	Intellectual disability (confidence 1) | PRDM12-related hereditary sensory and autonomic neuropathy ()
PRDM15	3	1	gene2phenotype	no	no	PRDM15-related renal and neurodevelopmental disorder ()
PRDM6	3	1	gene2phenotype	no	no	PRDM6-related isolated nonsyndromic patent ductus arteriosus ()
PRDX3	3	1	gene2phenotype	no	no	PRDX3-related cerebellar ataxia ()
PRDX4	3	1	PanelApp	no	no	Intellectual disability (confidence 1)
PREPL	3	2	PanelApp,gene2phenotype	no	no	Intellectual disability (confidence 1) | PREPL-related hypotonia-cystinuria syndrome ()
PRICKLE1	3	2	ClinGen,PanelApp	no	no	Intellectual disability (confidence 1) | epilepsy (Disputed) | progressive myoclonus epilepsy (Limited)
PRICKLE3	3	1	PanelApp	no	no	Intellectual disability (confidence 1)
PRIMA1	3	1	ClinGen	no	no	epilepsy (Limited)
PRKAB2	3	1	ClinGen	no	no	congenital heart disease (Disputed)
PRKACA	3	1	gene2phenotype	no	no	PRKACA-related multiple congenital malformation syndrome ()
PRKACB	3	2	PanelApp,gene2phenotype	no	no	Intellectual disability (confidence 2) | PRKACB-related multiple congenital malformation syndrome ()
PRKACG	3	1	ClinGen	no	no	platelet-type bleeding disorder 19 (Disputed)
PRKCG	3	1	PanelApp	no	no	Intellectual disability (confidence 1)
PRKD1	3	3	ClinGen,PanelApp,gene2phenotype	no	no	Intellectual disability (confidence 2) | PRKD1-related syndromic congenital heart defects () | congenital heart disease (Limited)
PRKG2	3	1	gene2phenotype	no	no	PRKG2-related acromesomelic dysplasia and spondylometaphyseal dysplasia ()
PRKRA	3	1	PanelApp	no	no	Intellectual disability (confidence 1)
PRMT9	3	2	PanelApp,gene2phenotype	no	no	Intellectual disability (confidence 2) | PRMT9-related syndromic neurodevelopmental disorder with or without seizures and digital anomalies ()
PRODH2	3	1	ClinGen	no	no	hydroxyprolinemia (Limited)
PROP1	3	2	PanelApp,gene2phenotype	no	no	Intellectual disability (confidence 1) | PROP1-related combined pituitary hormone deficiency ()
PROSER1	3	1	gene2phenotype	no	no	PROSER1-related developmental disorder ()
PROX1	3	1	ClinGen	no	no	congenital heart disease (Disputed)
PROX2	3	1	PanelApp	no	no	Intellectual disability (confidence 1)
PRP4K	3	1	mitotic_panel	no	yes	tier 3
PRPF19	3	1	gene2phenotype	no	no	PRPF19-related neurodevelopmental disorder ()
PRPH	3	1	ClinGen	no	no	amyotrophic lateral sclerosis (Limited)
PRRG1	3	1	PanelApp	no	no	Intellectual disability (confidence 1)
PRRG3	3	1	PanelApp	no	no	Intellectual disability (confidence 1)
PRRX1	3	1	gene2phenotype	no	no	PRRX1-related agnathia-otocephaly complex () | PRRX1-related craniosynostosis ()
PSD3	3	1	ClinGen	no	no	antecubital pterygium syndrome (Limited)
PSEN1	3	3	ClinGen,PanelApp,mitotic_panel	no	yes	Intellectual disability (confidence 1) | dilated cardiomyopathy 1U (Disputed) | tier 4
PSEN2	3	2	ClinGen,mitotic_panel	no	yes	dilated cardiomyopathy 1V (Limited) | tier 4
PSMA7	3	1	PanelApp	no	no	Intellectual disability (confidence 1)
PSMB10	3	1	ClinGen	no	no	immunodeficiency 121 with autoinflammation (Limited)
PSMB8	3	2	PanelApp,gene2phenotype	no	no	Intellectual disability (confidence 2) | PSMB8-related Nakajo syndrome ()
PSMC1	3	1	gene2phenotype	no	no	PSMC1-related neurodevelopmental disorder ()
PSMD10	3	1	PanelApp	no	no	Intellectual disability (confidence 1)
PSMD11	3	1	gene2phenotype	no	no	PSMD11-related neurodevelopmental disorder with or without obesity ()
PTCD3	3	1	ClinGen	no	no	Leigh syndrome (Limited)
PTCH2	3	1	ClinGen	no	no	nevoid basal cell carcinoma syndrome (Limited)
PTGS1	3	1	ClinGen	no	no	platelet-type bleeding disorder 12 (Limited)
PTH	3	1	gene2phenotype	no	no	PTH-related familial isolated hypoparathyroidism ()
PTH1R	3	2	PanelApp,gene2phenotype	no	no	Intellectual disability (confidence 2) | PTH1R-related Jansen metaphyseal chondrodysplasia () | PTH1R-related chondrodysplasia, Blomstrand type () | PTH1R-related primary failure of tooth eruption ()
PTHLH	3	2	PanelApp,gene2phenotype	no	no	Intellectual disability (confidence 2) | PTHLH-related brachydactyly () | PTHLH-related clubbing with skeletal dysplasia with acroosteolysis ()
PTPA	3	1	PanelApp	no	no	Intellectual disability (confidence 2)
PTPMT1	3	1	PanelApp	no	no	Intellectual disability (confidence 2) | Severe microcephaly (confidence 2)
PTPN1	3	1	PanelApp	no	no	Intellectual disability (confidence 2)
PTPN14	3	1	gene2phenotype	no	no	PTPN14-related choanal atresia and lymphedema ()
PTPN21	3	1	PanelApp	no	no	Intellectual disability (confidence 1)
PTPRF	3	1	gene2phenotype	no	no	PTPRF-related athelia ()
PTPRJ	3	1	ClinGen	no	no	hereditary nonpolyposis colon cancer (Limited) | thrombocytopenia 10 (Limited)
PTTG2	3	1	mitotic_panel	no	yes	tier 3
PUDP	3	1	PanelApp	no	no	Intellectual disability (confidence 1)
PUM2	3	1	mitotic_panel	no	yes	tier 4
QKI	3	2	PanelApp,gene2phenotype	no	no	Intellectual disability (confidence 1) | QKI-related intellectual disability ()
RAB14	3	2	PanelApp,gene2phenotype	no	no	Intellectual disability (confidence 2) | RAB14-related developmental disorder ()
RAB1A	3	1	gene2phenotype	no	no	RAB1A-related neurodevelopmental disorder with speech and motor delay and spasticity ()
RAB34	3	1	gene2phenotype	no	no	RAB34-related orofaciodigital syndrome ()
RAB3A	3	1	PanelApp	no	no	Intellectual disability (confidence 2)
RAB40AL	3	2	ClinGen,PanelApp	no	no	Intellectual disability (confidence 1) | X-linked syndromic intellectual disability (Refuted)
RAB5IF	3	1	PanelApp	no	no	Intellectual disability (confidence 1)
RAB6C	3	1	mitotic_panel	no	yes	tier 4
RABGAP1	3	1	gene2phenotype	no	no	RABGAP1-related neurodevelopmental disorder with microcephaly and sensorineural hearing loss ()
RABL6	3	2	PanelApp,gene2phenotype	no	no	Intellectual disability (confidence 1) | RABL6-related intellectual developmental disorder ()
RAD18	3	1	mitotic_panel	no	yes	tier 3
RAD21L1	3	1	mitotic_panel	no	yes	tier 3
RAI2	3	1	ClinGen	no	no	congenital heart disease (Disputed)
RALGDS	3	2	PanelApp,gene2phenotype	no	no	Intellectual disability (confidence 1) | RALGDS-related intellectual developmental disorder ()
RANBP17	3	1	PanelApp	no	no	Intellectual disability (confidence 1)
RANGAP1	3	1	mitotic_panel	no	yes	tier 3
RANGRF	3	1	ClinGen	no	no	Brugada syndrome (Refuted)
RAP1GDS1	3	1	PanelApp	no	no	Intellectual disability (confidence 2)
RAPGEF1	3	1	PanelApp	no	no	Intellectual disability (confidence 1)
RAPSN	3	2	PanelApp,gene2phenotype	no	no	Intellectual disability (confidence 1) | RAPSN-related fetal akinesia deformation sequence ()
RASA1	3	3	ClinGen,PanelApp,gene2phenotype	no	no	Intellectual disability (confidence 1) | Noonan syndrome (Disputed) | RASA1-related capillary malformation-arteriovenous malformation ()
RASA2	3	1	ClinGen	no	no	Noonan syndrome (Limited)
RASSF2	3	1	mitotic_panel	no	yes	tier 4
RAX	3	2	PanelApp,gene2phenotype	no	no	Intellectual disability (confidence 2) | RAX-related microphthalmia isolated ()
RBFOX1	3	2	PanelApp,gene2phenotype	no	no	Intellectual disability (confidence 1) | RBFOX1-related neurodevelopmental disorder ()
RBFOX3	3	1	ClinGen	no	no	epilepsy (Disputed)
RBM14	3	1	mitotic_panel	no	yes	tier 4
RBM28	3	2	PanelApp,gene2phenotype	no	no	Intellectual disability (confidence 1) | RBM28-related alopecia, neurologic defects, and endocrinopathy syndrome ()
RBPJ	3	2	PanelApp,gene2phenotype	no	no	Intellectual disability (confidence 2) | RBPJ-related Adams-Oliver syndrome ()
RBX1	3	1	mitotic_panel	no	yes	tier 4
RCC1	3	1	gene2phenotype	no	no	RCC1-related infection-induced acute-onset axonal neuropathy with cerebral and cerebellar atrophy ()
RCC2	3	1	mitotic_panel	no	yes	tier 3
RDH11	3	1	PanelApp	no	no	Intellectual disability (confidence 2)
REC8	3	1	mitotic_panel	no	yes	tier 3
RECQL	3	1	ClinGen	no	no	familial ovarian cancer (No Known Disease Relationship) | hereditary breast carcinoma (Disputed)
REEP1	3	1	PanelApp	no	no	Intellectual disability (confidence 1)
REEP2	3	1	PanelApp	no	no	Intellectual disability (confidence 1)
RENBP	3	1	PanelApp	no	no	Intellectual disability (confidence 1)
RGN	3	1	PanelApp	no	no	Intellectual disability (confidence 1)
RGS7	3	2	PanelApp,gene2phenotype	no	no	Intellectual disability (confidence 1) | RGS7-related intellectual developmental disorder ()
RHEB	3	1	PanelApp	no	no	Intellectual disability (confidence 2)
RIC1	3	1	PanelApp	no	no	Intellectual disability (confidence 2)
RICTOR	3	1	gene2phenotype	no	no	RICTOR-related neurodevelopmental disorder ()
RIGI	3	1	PanelApp	no	no	Intellectual disability (confidence 1)
RIMS1	3	1	PanelApp	no	no	Intellectual disability (confidence 1)
RIMS2	3	1	gene2phenotype	no	no	RIMS2-related syndromic congenital cone-rod synaptic disease ()
RING1	3	1	PanelApp	no	no	Intellectual disability (confidence 1) | Severe microcephaly (confidence 1)
RINT1	3	2	ClinGen,gene2phenotype	no	no	RINT1-related infantile-onset recurrent acute liver failure and skeletal abnormalities () | familial ovarian cancer (No Known Disease Relationship) | hereditary breast carcinoma (Refuted)
RIOK2	3	1	mitotic_panel	no	yes	tier 4
RIPK4	3	2	PanelApp,gene2phenotype	no	no	Intellectual disability (confidence 1) | RIPK4-related popliteal pterygium syndrome, lethal type ()
RMI1	3	2	PanelApp,gene2phenotype	no	no	RMI1-related Bloom syndrome like disorder () | Severe microcephaly (confidence 2)
RMI2	3	1	mitotic_panel	no	yes	tier 4
RNASEH1	3	1	ClinGen	no	no	Leigh syndrome (Limited)
RNF135	3	2	PanelApp,gene2phenotype	no	no	Intellectual disability (confidence 1) | RNF135-related macrocephaly, macrosomia, facial dysmorphism syndrome ()
RNF2	3	1	PanelApp	no	no	Intellectual disability (confidence 2)
RNF213	3	1	gene2phenotype	no	no	RNF213-related moyamoya disease ()
RNF216	3	1	PanelApp	no	no	Intellectual disability (confidence 1)
RNF220	3	1	PanelApp	no	no	Intellectual disability (confidence 2)
RNF40	3	1	ClinGen	no	no	congenital heart disease (Limited)
RNH1	3	1	gene2phenotype	no	no	RNH1-related susceptibility to infection-related encephalopathy ()
RNPC3	3	2	PanelApp,gene2phenotype	no	no	Intellectual disability (confidence 2) | RNPC3-related growth hormone deficiency and short stature ()
RNU5A-1	3	1	PanelApp	no	no	Intellectual disability (confidence 1)
RNU6ATAC	3	1	PanelApp	no	no	Intellectual disability (confidence 2)
ROCK2	3	2	ClinGen,mitotic_panel	no	yes	congenital heart disease (Limited) | tier 4
ROR1	3	1	ClinGen	no	no	nonsyndromic genetic hearing loss (Limited)
ROR2	3	2	PanelApp,gene2phenotype	no	no	Intellectual disability (confidence 1) | ROR2-related Robinow syndrome () | ROR2-related brachydactyly ()
RP9	3	1	ClinGen	no	no	retinitis pigmentosa 9 (Limited)
RPA1	3	1	ClinGen	no	no	dyskeratosis congenita and related telomere biology disorder (Limited)
RPGRIP1	3	2	PanelApp,gene2phenotype	no	no	Intellectual disability (confidence 1) | RPGRIP1-related Leber congenital amaurosis () | RPGRIP1-related retinal dystrophy ()
RPH3A	3	1	gene2phenotype	no	no	RPH3A-related neurodevelopmental disorder ()
RPL11	3	1	gene2phenotype	no	no	RPL11-related Diamond-Blackfan anemia with cleft palate and abnormal thumbs ()
RPL13	3	1	gene2phenotype	no	no	RPL13-related spondyloepimetaphyseal dysplasia with severe short stature ()
RPL26	3	1	gene2phenotype	no	no	RPL26-related Diamond-Blackfan anemia ()
RPS20	3	1	ClinGen	no	no	Lynch syndrome (Limited)
RPS23	3	2	PanelApp,gene2phenotype	no	no	Intellectual disability (confidence 2) | RPS23-related microcephaly, hearing loss, and dysmorphic features ()
RPS26	3	1	gene2phenotype	no	no	RPS26-related Diamond-Blackfan anemia ()
RPS6KB1	3	1	ClinGen	no	no	hypertrophic cardiomyopathy (Limited)
RPS6KC1	3	2	PanelApp,gene2phenotype	no	no	Intellectual disability (confidence 2) | RPS6KC1-related complex neurodevelopmental disorder with spasticity and hypoplasia of corpus callosum ()
RRAGC	3	1	gene2phenotype	no	no	RRAGC-related congenital dilated cardiomyopathy with hyperlactatemia, deranged liver function and cataracts ()
RRAS	3	3	ClinGen,PanelApp,gene2phenotype	no	no	Intellectual disability (confidence 1) | Noonan syndrome (Limited) | RRAS-related atypical Noonan syndrome ()
RRM1	3	1	gene2phenotype	no	no	RRM1-related mitochondrial DNA depletion/deletions syndrome ()
RRP7A	3	1	PanelApp	no	no	Severe microcephaly (confidence 2)
RSF1	3	1	PanelApp	no	no	Intellectual disability (confidence 2)
RSPO2	3	1	gene2phenotype	no	no	RSPO2-related tetraamelia with lung agenesis ()
RSPO4	3	2	PanelApp,gene2phenotype	no	no	Intellectual disability (confidence 1) | RSPO4-related anonychia congenita ()
RTKN2	3	1	ClinGen	no	no	dilated cardiomyopathy (No Known Disease Relationship)
RTL9	3	1	PanelApp	no	no	Intellectual disability (confidence 1)
RTN2	3	1	PanelApp	no	no	Intellectual disability (confidence 1)
RUBCN	3	2	PanelApp,gene2phenotype	no	no	Intellectual disability (confidence 1) | RUBCN-related syndromic intellectual disability with ataxia, dysarthria and epilepsy ()
RUNX1T1	3	1	PanelApp	no	no	Intellectual disability (confidence 2)
RUNX2	3	2	PanelApp,gene2phenotype	no	no	Intellectual disability (confidence 1) | RUNX2-related cleidocranial dysplasia ()
RXRA	3	1	ClinGen	no	no	congenital heart disease (No Known Disease Relationship)
RYBP	3	1	gene2phenotype	no	no	RYBP-related neurodevelopmental disorder with congenital anomalies ()
RYR3	3	3	ClinGen,PanelApp,gene2phenotype	no	no	Intellectual disability (confidence 1) | RYR3-related epileptic encephalopathy () | congenital myopathy (Disputed) | genetic developmental and epileptic encephalopathy (Limited)
SACS	3	2	PanelApp,gene2phenotype	no	no	Intellectual disability (confidence 2) | SACS-related spastic ataxia, Charlevoix-Saguenay type ()
SALL4	3	2	PanelApp,gene2phenotype	no	no	Intellectual disability (confidence 1) | SALL4-related Duane-Radial ray syndrome ()
SARDH	3	1	ClinGen	no	no	sarcosinemia (Limited)
SART3	3	1	gene2phenotype	no	no	SART3-related neurodevelopmental disorder with 46,XY gonadal dysgenesis (INDYGON) ()
SAT1	3	1	ClinGen	no	no	pediatric systemic lupus erythematosus (Limited)
SAXO6	3	1	mitotic_panel	no	yes	tier 4
SCARF2	3	2	PanelApp,gene2phenotype	no	no	Intellectual disability (confidence 1) | SCARF2-related Van den Ende-Gupta syndrome ()
SCLT1	3	1	PanelApp	no	no	Cystic renal disease (confidence 2)
SCN10A	3	1	ClinGen	no	no	Brugada syndrome (Disputed)
SCN2B	3	1	ClinGen	no	no	Brugada syndrome 1 (Disputed)
SCN3B	3	1	ClinGen	no	no	Brugada syndrome (Refuted) | atrial fibrillation (Disputed)
SCN4B	3	1	ClinGen	no	no	long QT syndrome (Disputed)
SCN9A	3	2	ClinGen,PanelApp	no	no	Intellectual disability (confidence 1) | epilepsy (Refuted)
SCNM1	3	2	PanelApp,gene2phenotype	no	no	Intellectual disability (confidence 2) | SCNM1-related orofaciodigital syndrome ()
SCRIB	3	2	PanelApp,gene2phenotype	no	no	Intellectual disability (confidence 1) | SCRIB-related 8q24.3 deletion-like syndrome ()
SCUBE3	3	1	gene2phenotype	no	no	SCUBE3-related developmental disorder ()
SEC13	3	1	mitotic_panel	no	yes	tier 3
SEC23A	3	1	gene2phenotype	no	no	SEC23A-related craniolenticulosutural dysplasia ()
SEC24D	3	1	gene2phenotype	no	no	SEC24D-related syndromic osteogenesis imperfecta ()
SEC31A	3	1	PanelApp	no	no	Intellectual disability (confidence 2)
SEC61B	3	1	ClinGen	no	no	SEC61B-related polycystic liver disease (Limited)
SECISBP2	3	1	gene2phenotype	no	no	SECISBP2-related thyroid hormone metabolism, abnormal ()
SELENOI	3	2	PanelApp,gene2phenotype	no	no	Intellectual disability (confidence 1) | SELENOI-related complex progressive hereditary spastic paraplegia ()
SEMA3A	3	1	gene2phenotype	no	no	SEMA3A-related skeletal dysplasia ()
SEMA3E	3	1	PanelApp	no	no	Intellectual disability (confidence 1)
SEMA4A	3	1	ClinGen	no	no	Lynch syndrome (Disputed)
SETDB2	3	1	PanelApp	no	no	Intellectual disability (confidence 1)
SF3B1	3	1	PanelApp	no	no	Intellectual disability (confidence 2)
SGCE	3	1	PanelApp	no	no	Intellectual disability (confidence 1)
SGO2	3	1	mitotic_panel	no	yes	tier 3
SGSM3	3	2	PanelApp,gene2phenotype	no	no	Intellectual disability (confidence 2) | SGSM3-related intellectual disability ()
SH3BP2	3	1	gene2phenotype	no	no	SH3BP2-related cherubism ()
SH3KBP1	3	1	ClinGen	no	no	immunodeficiency 61 (Limited)
SHOX	3	2	PanelApp,gene2phenotype	no	no	Intellectual disability (confidence 1) | SHOX-related Langer mesomelic dysplasia () | SHOX-related Leri-Weill dyschondrosteosis ()
SHROOM2	3	1	PanelApp	no	no	Intellectual disability (confidence 1)
SHROOM3	3	1	gene2phenotype	no	no	SHROOM3-related neural tube defect ()
SHROOM4	3	2	ClinGen,PanelApp	no	no	Intellectual disability (confidence 2) | X-linked complex neurodevelopmental disorder (Disputed)
SIGMAR1	3	1	PanelApp	no	no	Intellectual disability (confidence 1)
SIM1	3	1	gene2phenotype	no	no	SIM1-related severe obesity with neurobehavioural features ()
SIRT1	3	2	ClinGen,mitotic_panel	no	yes	monogenic diabetes (Limited) | tier 4
SIX5	3	3	ClinGen,PanelApp,gene2phenotype	no	no	Intellectual disability (confidence 1) | SIX5-related branchiootorenal syndrome () | branchio-oto-renal syndrome (Disputed)
SIX6	3	1	gene2phenotype	no	no	SIX6-related microphthalmia, isolated, with cataract ()
SKA2	3	1	mitotic_panel	no	yes	tier 3
SKA3	3	1	mitotic_panel	no	yes	tier 3
SKOR2	3	1	PanelApp	no	no	Intellectual disability (confidence 2)
SKP1	3	1	mitotic_panel	no	yes	tier 4
SLC12A7	3	1	ClinGen	no	no	renal tubular acidosis, distal, 2, with progressive sensorineural hearing loss (No Known Disease Relationship)
SLC12A9	3	2	PanelApp,gene2phenotype	no	no	Intellectual disability (confidence 2) | SLC12A9-related syndromic neurodevelopmental disorder with lysosome defects ()
SLC13A1	3	1	gene2phenotype	no	no	SLC13A1-related hypersulfaturia and hyposulfatemia ()
SLC14A1	3	1	ClinGen	no	no	nephrogenic diabetes insipidus (No Known Disease Relationship)
SLC16A1	3	1	mitotic_panel	no	yes	tier 4
SLC19A1	3	1	ClinGen	no	no	immunodeficiency 114, folate-responsive (Limited)
SLC20A2	3	1	PanelApp	no	no	Intellectual disability (confidence 1)
SLC22A4	3	1	ClinGen	no	no	hearing loss, autosomal recessive (Limited)
SLC24A4	3	1	gene2phenotype	no	no	SLC24A4-related amelogenesis imperfecta ()
SLC25A10	3	1	ClinGen	no	no	mitochondrial disease (Limited)
SLC25A38	3	2	PanelApp,gene2phenotype	no	no	Intellectual disability (confidence 2) | SLC25A38-related anemia, sideroblastic, pyridoxine-refractory ()
SLC25A42	3	1	gene2phenotype	no	no	SLC25A42-related metabolic crises, recurrent, with variable encephalomyopathic features and neurologic regression ()
SLC25A53	3	1	PanelApp	no	no	Intellectual disability (confidence 1)
SLC25A6	3	1	PanelApp	no	no	Intellectual disability (confidence 1)
SLC26A1	3	1	PanelApp	no	no	Nephrocalcinosis or nephrolithiasis (confidence 1)
SLC26A5	3	1	ClinGen	no	no	nonsyndromic genetic hearing loss (Limited)
SLC26A6	3	1	PanelApp	no	no	Nephrocalcinosis or nephrolithiasis (confidence 1)
SLC26A9	3	1	PanelApp	no	no	Intellectual disability (confidence 1)
SLC27A4	3	2	PanelApp,gene2phenotype	no	no	Intellectual disability (confidence 2) | SLC27A4-related ichthyosis prematurity syndrome ()
SLC2A2	3	2	PanelApp,gene2phenotype	no	no	Intellectual disability (confidence 2) | SLC2A2-related Fanconi-Bickel syndrome ()
SLC30A7	3	1	gene2phenotype	no	no	SLC30A7-related Joubert syndrome ()
SLC31A1	3	2	PanelApp,gene2phenotype	no	no	Intellectual disability (confidence 1) | SLC31A1-related congenital copper transport disorder ()
SLC35A3	3	1	PanelApp	no	no	Intellectual disability (confidence 2)
SLC35B2	3	2	PanelApp,gene2phenotype	no	no	Intellectual disability (confidence 2) | SLC35B2-related chondrodysplasia with hypomyelinating leukodystrophy ()
SLC35F1	3	1	PanelApp	no	no	Intellectual disability (confidence 1)
SLC36A2	3	2	ClinGen,PanelApp	no	no	Nephrocalcinosis or nephrolithiasis (confidence 1) | iminoglycinuria (Limited)
SLC37A4	3	1	gene2phenotype	no	no	SLC37A4-related congenital disorder of glycosylation with liver dysfunction () | SLC37A4-related glycogen storage disease ()
SLC38A9	3	1	ClinGen	no	no	lysosomal storage disease (No Known Disease Relationship)
SLC41A1	3	2	ClinGen,PanelApp	no	no	Cystic renal disease (confidence 1) | kidney disorder (Limited)
SLC44A4	3	1	ClinGen	no	no	nonsyndromic genetic hearing loss (Limited)
SLC45A1	3	2	PanelApp,gene2phenotype	no	no	Intellectual disability (confidence 2) | SLC45A1-related intellectual disability and epilepsy ()
SLC4A11	3	2	PanelApp,gene2phenotype	no	no	Intellectual disability (confidence 2) | SLC4A11-related corneal endothelial dystrophy with or without deafness ()
SLC5A2	3	1	PanelApp	no	no	Intellectual disability (confidence 1)
SLC5A5	3	2	PanelApp,gene2phenotype	no	no	Intellectual disability (confidence 2) | SLC5A5-related thyroid hormonogenesis defect ()
SLC6A20	3	1	PanelApp	no	no	Nephrocalcinosis or nephrolithiasis (confidence 1)
SLC6A4	3	2	ClinGen,PanelApp	no	no	Intellectual disability (confidence 1) | autism spectrum disorder (Disputed)
SLC6A6	3	1	ClinGen	no	no	hypotaurinemic retinal degeneration and cardiomyopathy (Limited)
SLC7A14	3	1	ClinGen	no	no	retinitis pigmentosa 68 (Disputed)
SLC9A3	3	1	PanelApp	no	no	Nephrocalcinosis or nephrolithiasis (confidence 1)
SLC9A7	3	2	PanelApp,gene2phenotype	no	no	Intellectual disability (confidence 2) | SLC9A7-related intellectual developmental disorder ()
SLC9A9	3	3	ClinGen,PanelApp,gene2phenotype	no	no	Intellectual disability (confidence 1) | SLC9A9-related susceptibility to autism () | autism spectrum disorder (Disputed)
SLF1	3	1	mitotic_panel	no	yes	tier 3
SLIRP	3	1	gene2phenotype	no	no	SLIRP-related mitochondrial encephalomyopathy ()
SLIT3	3	1	gene2phenotype	no	no	SLIT3-related congenital anomalies ()
SLITRK2	3	2	ClinGen,PanelApp	no	no	Intellectual disability (confidence 2) | X-linked complex neurodevelopmental disorder (Limited)
SLMAP	3	1	ClinGen	no	no	Brugada syndrome (Refuted)
SMAD1	3	1	ClinGen	no	no	congenital heart disease (Limited) | pulmonary arterial hypertension (Disputed)
SMAD3	3	2	PanelApp,gene2phenotype	no	no	Intellectual disability (confidence 2) | SMAD3-related Loeys-Dietz syndrome ()
SMAD7	3	1	ClinGen	no	no	congenital heart disease (Limited)
SMARCD2	3	2	PanelApp,mitotic_panel	no	yes	Intellectual disability (confidence 2) | tier 3
SMARCD3	3	2	PanelApp,mitotic_panel	no	yes	Intellectual disability (confidence 1) | tier 4
SMC1B	3	1	mitotic_panel	no	yes	tier 4
SMC6	3	1	mitotic_panel	no	yes	tier 3
SMG9	3	2	PanelApp,gene2phenotype	no	no	Intellectual disability (confidence 2) | SMG9-related multiple congenital anomaly syndrome ()
SMOC2	3	1	gene2phenotype	no	no	SMOC2-related dentin dysplasia with microdontia and misshapen teeth ()
SNAI1	3	1	ClinGen	no	no	congenital heart disease (Limited)
SNAI2	3	1	ClinGen	no	no	Waardenburg syndrome (Limited)
SNAPC4	3	1	gene2phenotype	no	no	SNAPC4-related neurodevelopmental disorder with motor regression, progressive spastic paraplegia, and oromotor dysfunction ()
SNAPIN	3	1	PanelApp	no	no	Severe microcephaly (confidence 2)
SNORA31	3	1	ClinGen	no	no	encephalopathy, acute, infection-induced (herpes-specific), susceptibility to, 10 (Limited)
SNRPE	3	1	gene2phenotype	no	no	SNRPE-related hypotrichosis simplex ()
SNTA1	3	1	ClinGen	no	no	long QT syndrome (Disputed)
SNTG1	3	1	PanelApp	no	no	Intellectual disability (confidence 1)
SNW1	3	1	PanelApp	no	no	Intellectual disability (confidence 2) | Severe microcephaly (confidence 2)
SNX3	3	2	PanelApp,gene2phenotype	no	no	Intellectual disability (confidence 1) | SNX3-related microphthalmia syndromic ()
SOBP	3	3	ClinGen,PanelApp,gene2phenotype	no	no	Intellectual disability (confidence 1) | SOBP-related intellectual developmental disorder-anterior maxillary protrusion-strabismus () | syndromic intellectual disability (Limited)
SOX7	3	1	ClinGen	no	no	congenital heart disease (Limited)
SP9	3	2	PanelApp,gene2phenotype	no	no	Intellectual disability (confidence 2) | SP9-related neurodevelopmental disorder with or without epileptic encephalopathy ()
SPAG5	3	1	mitotic_panel	no	yes	tier 3
SPARC	3	1	gene2phenotype	no	no	SPARC-related osteogenesis imperfecta ()
SPATA13	3	1	ClinGen	no	no	primary angle-closure glaucoma (Limited)
SPG21	3	1	PanelApp	no	no	Intellectual disability (confidence 1)
SPICE1	3	1	mitotic_panel	no	yes	tier 4
SPNS2	3	1	ClinGen	no	no	hearing loss, autosomal recessive 115 (Limited)
SPRTN	3	2	PanelApp,gene2phenotype	no	no	Childhood solid tumours (confidence 2) | Intellectual disability (confidence 1) | SPRTN-related progeria and hepatocellular carcinoma ()
SPRY1	3	1	gene2phenotype	no	no	SPRY1-related craniosynostosis with inner ear and renal anomalies ()
SPRY3	3	1	PanelApp	no	no	Intellectual disability (confidence 1)
SPTSSA	3	1	gene2phenotype	no	no	SPTSSA-related complex hereditary spastic paraplegia ()
SQOR	3	1	ClinGen	no	no	Leigh syndrome (Limited)
SREBF2	3	2	PanelApp,gene2phenotype	no	no	Intellectual disability (confidence 1) | SREBF2-related complex dermatological, neurological, and skeletal abnormalities ()
SRF	3	1	ClinGen	no	no	congenital heart disease (Limited)
SRGAP3	3	2	PanelApp,gene2phenotype	no	no	Intellectual disability (confidence 2) | SRGAP3-related intellectual disability ()
SRP54	3	2	PanelApp,gene2phenotype	no	no	Intellectual disability (confidence 2) | SRP54-related syndromic neutropenia with Shwachman-Diamond-like features ()
SRPX2	3	3	ClinGen,PanelApp,gene2phenotype	no	no	Intellectual disability (confidence 1) | SRPX2-related bilateral perisylvian polymicrogyria () | epilepsy (Refuted)
SRY	3	2	PanelApp,gene2phenotype	no	no	Intellectual disability (confidence 1) | SRY-related 46XY sex reversal ()
SS18L1	3	2	ClinGen,mitotic_panel	no	yes	amyotrophic lateral sclerosis (Limited) | tier 4
SSX2IP	3	1	mitotic_panel	no	yes	tier 4
ST14	3	1	gene2phenotype	no	no	ST14-related ichthyosis with hypotrichosis ()
STAB2	3	1	PanelApp	no	no	Intellectual disability (confidence 1)
STAG3	3	1	mitotic_panel	no	yes	tier 4
STAR	3	2	PanelApp,gene2phenotype	no	no	Intellectual disability (confidence 1) | STAR-related cholesterol desmolase-deficient congenital adrenal hyperplasia ()
STARD8	3	1	PanelApp	no	no	Intellectual disability (confidence 1)
STAT2	3	1	gene2phenotype	no	no	STAT2-related gain of function causing increased interferon signalling () | STAT2-related viral induced severe multiorgan dysfunction related with impaired mitochondrial fission ()
STEAP3	3	1	ClinGen	no	no	severe congenital hypochromic anemia with ringed sideroblasts (Disputed)
STS	3	2	PanelApp,gene2phenotype	no	no	Intellectual disability (confidence 1) | STS-related ichthyosis ()
STT3B	3	3	ClinGen,PanelApp,gene2phenotype	no	no	Intellectual disability (confidence 1) | STT3B-related congenital disorder of glycosylation () | congenital disorder of glycosylation (Limited)
STUB1	3	1	PanelApp	no	no	Intellectual disability (confidence 1)
STX3	3	1	PanelApp	no	no	Intellectual disability (confidence 1)
SUGT1	3	1	mitotic_panel	no	yes	tier 4
SUMO1	3	1	gene2phenotype	no	no	SUMO1-related cleft lip with or without cleft palate ()
SUMO3	3	1	mitotic_panel	no	yes	tier 4
SYNE2	3	1	PanelApp	no	no	Intellectual disability (confidence 1)
SYNPO	3	1	ClinGen	no	no	focal segmental glomerulosclerosis (Limited)
SYT14	3	1	PanelApp	no	no	Intellectual disability (confidence 1)
SYTL4	3	1	PanelApp	no	no	Intellectual disability (confidence 1)
SYTL5	3	1	PanelApp	no	no	Intellectual disability (confidence 1)
TAC3	3	1	gene2phenotype	no	no	TAC3-related hypogonadotropic hypogonadism ()
TACC3	3	1	mitotic_panel	no	yes	tier 4
TACR3	3	1	gene2phenotype	no	no	TACR3-related hypogonadotropic hypogonadism ()
TAF13	3	2	PanelApp,gene2phenotype	no	no	Intellectual disability (confidence 2) | Severe microcephaly (confidence 2) | TAF13-related intellectual disability and microcephaly ()
TAF15	3	1	ClinGen	no	no	amyotrophic lateral sclerosis (Limited)
TAF1C	3	2	PanelApp,gene2phenotype	no	no	Intellectual disability (confidence 2) | TAF1C-related neurodevelopmental disorder ()
TAF7L	3	1	PanelApp	no	no	Intellectual disability (confidence 1)
TAPT1	3	1	gene2phenotype	no	no	TAPT1-related complex lethal osteochondrodysplasia ()
TARS1	3	1	gene2phenotype	no	no	TARS1-related non-photosensitive trichothiodystrophy ()
TBP	3	1	PanelApp	no	no	Intellectual disability (confidence 1)
TBX1	3	2	PanelApp,gene2phenotype	no	no	Intellectual disability (confidence 2) | TBX1-related 22q11.2 deletion syndrome ()
TBX15	3	2	PanelApp,gene2phenotype	no	no	Intellectual disability (confidence 1) | TBX15-related craniofacial dysmorphism, hypoplasia of scapula and pelvis, and short stature (Cousin syndrome) ()
TBX18	3	1	gene2phenotype	no	no	TBX18-related congenital anomalies of kidney and urinary tract ()
TBX2	3	1	ClinGen	no	no	vertebral anomalies and variable endocrine and T-cell dysfunction (Limited)
TBXT	3	1	PanelApp	no	no	Childhood solid tumours (confidence 1)
TCEAL3	3	1	PanelApp	no	no	Intellectual disability (confidence 1)
TCF21	3	1	ClinGen	no	no	congenital heart disease (No Known Disease Relationship)
TCP1	3	2	PanelApp,gene2phenotype	no	no	Intellectual disability (confidence 2) | TCP1-related neurodevelopmental disorder with polymicrogyria ()
TCP10L2	3	1	PanelApp	no	no	Intellectual disability (confidence 1)
TDO2	3	1	ClinGen	no	no	familial hypertryptophanemia (Limited)
TDP1	3	1	PanelApp	no	no	Intellectual disability (confidence 2)
TDRD7	3	1	gene2phenotype	no	no	TDRD7-related cataract with or without azoospermia ()
TECR	3	2	ClinGen,PanelApp	no	no	Intellectual disability (confidence 1) | intellectual disability (Limited)
TEDC1	3	1	gene2phenotype	no	no	TEDC1-related neurodevelopmental disorder with growth impairment, microcephaly, and endocrine abnormalities. ()
TEKT1	3	1	ClinGen	no	no	primary ciliary dyskinesia (Disputed)
TENM1	3	1	PanelApp	no	no	Intellectual disability (confidence 1)
TENT4A	3	1	mitotic_panel	no	yes	tier 4
TEPSIN	3	1	PanelApp	no	no	Intellectual disability (confidence 1)
TFAP2A	3	2	PanelApp,gene2phenotype	no	no	Intellectual disability (confidence 1) | TFAP2A-related branchiooculofacial syndrome ()
TFB2M	3	1	PanelApp	no	no	Intellectual disability (confidence 1)
TGFB1	3	3	ClinGen,PanelApp,gene2phenotype	no	no	Intellectual disability (confidence 2) | TGFB1-related Camurati-Engelmann disease () | inflammatory bowel disease, immunodeficiency, and encephalopathy (Limited)
TGFB3	3	3	ClinGen,PanelApp,gene2phenotype	no	no	Intellectual disability (confidence 1) | TGFB3-related Loeys-Dietz syndrome () | arrhythmogenic right ventricular cardiomyopathy (Limited) | familial thoracic aortic aneurysm and aortic dissection (Limited)
TGM6	3	1	PanelApp	no	no	Intellectual disability (confidence 1)
THAP1	3	2	PanelApp,gene2phenotype	no	no	Intellectual disability (confidence 1) | THAP1-related dystonia, torsion ()
THAP11	3	1	ClinGen	no	no	methylmalonic aciduria and homocystinuria (Limited)
THG1L	3	2	ClinGen,gene2phenotype	no	no	THG1L-related cerebellar ataxia () | spinocerebellar ataxia, autosomal recessive 28 (Limited)
THRB	3	1	PanelApp	no	no	Intellectual disability (confidence 2)
TIA1	3	1	ClinGen	no	no	amyotrophic lateral sclerosis 26 with or without frontotemporal dementia (Limited)
TIMM22	3	2	ClinGen,gene2phenotype	no	no	TIMM22-related combined oxidative phosphorylation deficiency () | mitochondrial disease (Limited)
TJP1	3	1	ClinGen	no	no	arrhythmogenic right ventricular cardiomyopathy (Limited)
TJP2	3	1	ClinGen	no	no	nonsyndromic genetic hearing loss (Limited)
TKFC	3	2	PanelApp,gene2phenotype	no	no	Intellectual disability (confidence 2) | TKFC-related cataracts and multisystem disease ()
TKT	3	2	PanelApp,gene2phenotype	no	no	Intellectual disability (confidence 2) | TKT-related short stature, developmental delay, and congenital heart defects ()
TKTL1	3	1	PanelApp	no	no	Intellectual disability (confidence 1)
TLL1	3	2	ClinGen,gene2phenotype	no	no	TLL1-related atrial septal defect () | congenital heart disease (Limited)
TLR5	3	1	ClinGen	no	no	systemic lupus erythematosus, susceptibility to, 1 (Limited)
TLR8	3	1	PanelApp	no	no	Intellectual disability (confidence 1)
TM2D3	3	2	PanelApp,gene2phenotype	no	no	Intellectual disability (confidence 2) | Severe microcephaly (confidence 2) | TM2D3-related neurodevelopmental disorder with microcephaly and congenital malformations ()
TM4SF20	3	2	PanelApp,gene2phenotype	no	no	Intellectual disability (confidence 1) | TM4SF20-related specific language impairment ()
TMEM114	3	1	gene2phenotype	no	no	TMEM114-related congenital and juvenile cataract ()
TMEM132E	3	2	ClinGen,PanelApp	no	no	Intellectual disability (confidence 1) | hearing loss, autosomal recessive (Limited)
TMEM135	3	2	PanelApp,gene2phenotype	no	no	Intellectual disability (confidence 1) | TMEM135-related intellectual developmental disorder ()
TMEM168	3	1	ClinGen	no	no	Brugada syndrome (Disputed)
TMEM17	3	1	PanelApp	no	no	Cystic renal disease (confidence 2)
TMEM184B	3	1	gene2phenotype	no	no	TMEM184B-related neurodevelopmental disorder ()
TMEM218	3	1	gene2phenotype	no	no	TMEM218-related ciliopathy ()
TMEM260	3	2	PanelApp,gene2phenotype	no	no	Intellectual disability (confidence 1) | TMEM260-related neurodevelopmental, cardiac, and renal syndrome ()
TMEM63A	3	1	gene2phenotype	no	no	TMEM63A-related transient hypomyelination during infancy ()
TMEM65	3	1	ClinGen	no	no	mitochondrial disease (Limited)
TMEM72	3	1	PanelApp	no	no	Cystic renal disease (confidence 2)
TMEM98	3	1	ClinGen	no	no	nanophthalmos 4 (Limited)
TMLHE	3	2	ClinGen,PanelApp	no	no	Intellectual disability (confidence 2) | autism spectrum disorder (Disputed)
TMOD1	3	1	ClinGen	no	no	dilated cardiomyopathy (Limited)
TMPO	3	1	ClinGen	no	no	hypertrophic cardiomyopathy (Limited) | obsolete familial isolated dilated cardiomyopathy (Refuted)
TMPRSS9	3	1	PanelApp	no	no	Intellectual disability (confidence 1)
TMTC2	3	1	ClinGen	no	no	nonsyndromic genetic hearing loss (Disputed)
TNC	3	1	ClinGen	no	no	nonsyndromic genetic hearing loss (Limited)
TNFRSF11A	3	1	PanelApp	no	no	Childhood solid tumours (confidence 1)
TNFRSF13C	3	1	ClinGen	no	no	immunodeficiency, common variable, 4 (Limited)
TNFRSF4	3	1	ClinGen	no	no	combined immunodeficiency due to OX40 deficiency (Limited)
TNFSF12	3	1	ClinGen	no	no	common variable immunodeficiency (Limited)
TNFSF13	3	1	ClinGen	no	no	common variable immunodeficiency (Limited)
TNIK	3	2	ClinGen,PanelApp	no	no	Intellectual disability (confidence 2) | non-syndromic intellectual disability (Limited)
TNK2	3	1	ClinGen	no	no	epilepsy (Refuted)
TNKS	3	1	mitotic_panel	no	yes	tier 4
TNKS2	3	1	PanelApp	no	no	Intellectual disability (confidence 1)
TNNC2	3	1	ClinGen	no	no	hypertrophic cardiomyopathy (No Known Disease Relationship)
TNNI1	3	1	ClinGen	no	no	childhood-onset nemaline myopathy (Limited) | nemaline myopathy (Limited)
TNNT3	3	2	ClinGen,gene2phenotype	no	no	TNNT3-related congenital myopathy () | nemaline myopathy (Limited)
TOGARAM1	3	1	gene2phenotype	no	no	TOGARAM1-related ciliopathy ()
TOMM70	3	1	PanelApp	no	no	Intellectual disability (confidence 2)
TONSL	3	1	gene2phenotype	no	no	TONSL-related sponastrime dysplasia ()
TOP2A	3	1	mitotic_panel	no	yes	tier 3
TOPBP1	3	1	ClinGen	no	no	pulmonary arterial hypertension (No Known Disease Relationship)
TP53BP2	3	1	ClinGen	no	no	open-angle glaucoma (Disputed)
TPH2	3	1	PanelApp	no	no	Intellectual disability (confidence 1)
TPR	3	2	PanelApp,mitotic_panel	no	yes	Intellectual disability (confidence 1) | Severe microcephaly (confidence 1) | tier 3
TPRKB	3	2	PanelApp,gene2phenotype	no	no	Severe microcephaly (confidence 1) | TPRKB-related Galloway-Mowat syndrome ()
TPX2	3	1	mitotic_panel	no	yes	tier 3
TRAK1	3	1	PanelApp	no	no	Intellectual disability (confidence 2)
TRAPPC14	3	1	PanelApp	no	no	Severe microcephaly (confidence 2)
TRAPPC2	3	2	PanelApp,gene2phenotype	no	no	Intellectual disability (confidence 1) | TRAPPC2-related spondyloepiphyseal dysplasia tarda ()
TRAPPC2L	3	2	PanelApp,gene2phenotype	no	no	Intellectual disability (confidence 2) | TRAPPC2L-related encephalopathy, progressive, early-onset, with episodic rhabdomyolysis ()
TRAPPC6A	3	1	PanelApp	no	no	Intellectual disability (confidence 1)
TREX2	3	1	PanelApp	no	no	Intellectual disability (confidence 1)
TRHR	3	1	PanelApp	no	no	Intellectual disability (confidence 1)
TRIM44	3	1	ClinGen	no	no	aniridia 3 (Limited)
TRIM71	3	1	gene2phenotype	no	no	TRIM71-related neurodevelopmental disorder with ventriculomegaly and hydrocephalus ()
TRIP4	3	1	gene2phenotype	no	no	TRIP4-related prenatal spinal muscular atrophy and congenital bone fractures ()
TRIR	3	1	mitotic_panel	no	yes	tier 4
TRMT1L	3	1	PanelApp	no	no	Intellectual disability (confidence 1)
TRPC5	3	2	PanelApp,gene2phenotype	no	no	Intellectual disability (confidence 2) | TRPC5-related neurodevelopmental disorder ()
TRPM4	3	1	ClinGen	no	no	Brugada syndrome (Refuted)
TRPM6	3	1	PanelApp	no	no	Nephrocalcinosis or nephrolithiasis (confidence 1)
TRPS1	3	2	PanelApp,gene2phenotype	no	no	Intellectual disability (confidence 1) | TRPS1-related trichorhinopharangeal syndrome ()
TRPV3	3	1	gene2phenotype	no	no	TRPV3-related Olmsted syndrome ()
TRPV6	3	1	gene2phenotype	no	no	TRPV6-related transient neonatal hyperparathyroidism ()
TSC22D3	3	1	PanelApp	no	no	Intellectual disability (confidence 1)
TSHR	3	2	PanelApp,gene2phenotype	no	no	Intellectual disability (confidence 1) | TSHR-related hyperthyroidism, familial gestational () | TSHR-related hypothyroidism, congenital, nongoitrous ()
TSHZ1	3	2	ClinGen,gene2phenotype	no	no	TSHZ1-related aural atresia, congenital () | aural atresia, congenital (Limited)
TSPAN8	3	1	PanelApp	no	no	Intellectual disability (confidence 1)
TSPEAR	3	2	ClinGen,gene2phenotype	no	no	TSPEAR-related ectodermal dysplasia and tooth agenesis () | nonsyndromic genetic hearing loss (Disputed)
TTBK2	3	1	PanelApp	no	no	Intellectual disability (confidence 1)
TTK	3	1	mitotic_panel	no	yes	tier 3
TTPA	3	1	PanelApp	no	no	Intellectual disability (confidence 1)
TUBA8	3	3	ClinGen,PanelApp,gene2phenotype	no	no	Intellectual disability (confidence 1) | TUBA8-related polymicrogyria with optic nerve hypoplasia () | polymicrogyria with optic nerve hypoplasia (Disputed)
TUBAL3	3	1	PanelApp	no	no	Intellectual disability (confidence 1)
TUBB8	3	1	mitotic_panel	no	yes	tier 3
TUBE1	3	1	mitotic_panel	no	yes	tier 4
TUBG2	3	1	mitotic_panel	no	yes	tier 3
TUBGCP3	3	2	PanelApp,mitotic_panel	no	yes	Severe microcephaly (confidence 1) | tier 3
TUBGCP5	3	1	mitotic_panel	no	yes	tier 3
TWIST2	3	2	PanelApp,gene2phenotype	no	no	Intellectual disability (confidence 2) | TWIST2-related Setleis syndrome () | TWIST2-related ablepharon-macrostomia syndrome ()
TYRP1	3	2	PanelApp,gene2phenotype	no	no	Intellectual disability (confidence 1) | TYRP1-related oculocutaneous albinism ()
TYW1	3	1	PanelApp	no	no	Intellectual disability (confidence 2) | Severe microcephaly (confidence 2)
UBE2U	3	1	PanelApp	no	no	Intellectual disability (confidence 1)
UBE3C	3	2	PanelApp,gene2phenotype	no	no	Intellectual disability (confidence 2) | UBE3C-related neurodevelopmental disorder with absent speech and movement and behavioural abnormalities ()
UBR4	3	1	PanelApp	no	no	Intellectual disability (confidence 1)
UBXN2B	3	1	mitotic_panel	no	yes	tier 4
UGT1A1	3	2	PanelApp,gene2phenotype	no	no	Intellectual disability (confidence 1) | UGT1A1-related Crigler-Najjar syndrome ()
UHRF1	3	1	gene2phenotype	no	no	UHRF1-related immunodeficiency-centromeric instability-facial anomalies syndrome ()
UNC45A	3	1	gene2phenotype	no	no	UNC45A-related osteootohepatoenteric syndrome ()
UNC45B	3	1	gene2phenotype	no	no	UNC45B-related progressive myopathy with eccentric cores ()
UNC79	3	2	PanelApp,gene2phenotype	no	no	Intellectual disability (confidence 2) | UNC79-related intellectual disability with focal motor seizures ()
UPB1	3	1	PanelApp	no	no	Intellectual disability (confidence 2)
UPK3A	3	1	ClinGen	no	no	congenital anomaly of kidney and urinary tract (Disputed)
UQCC3	3	1	ClinGen	no	no	mitochondrial disease (Limited)
UQCRB	3	3	ClinGen,PanelApp,gene2phenotype	no	no	Intellectual disability (confidence 1) | UQCRB-related mitochondrial respiratory chain complex III deficiency () | mitochondrial disease (Limited)
UQCRC1	3	1	ClinGen	no	no	mitochondrial disease (Disputed)
UQCRH	3	1	ClinGen	no	no	mitochondrial disease (Limited)
UQCRQ	3	3	ClinGen,PanelApp,gene2phenotype	no	no	Intellectual disability (confidence 1) | Leigh syndrome (Limited) | UQCRQ-related mitochondrial respiratory chain complex III deficiency () | mitochondrial disease (Limited)
USB1	3	2	PanelApp,gene2phenotype	no	no	Intellectual disability (confidence 1) | USB1-related poikiloderma with neutropenia ()
USH1G	3	1	ClinGen	no	no	nonsyndromic genetic hearing loss (Disputed)
USP14	3	1	gene2phenotype	no	no	USP14-related syndromic neurodevelopmental disorder with arthrogryposis ()
USP18	3	2	PanelApp,gene2phenotype	no	no	Intellectual disability (confidence 1) | USP18-related severe pseudo-TORCH syndrome ()
USP25	3	2	ClinGen,gene2phenotype	no	no	USP25-related generalized epilepsy () | epilepsy (Disputed)
USP33	3	1	mitotic_panel	no	yes	tier 4
USP34	3	2	ClinGen,PanelApp	no	no	Intellectual disability (confidence 2) | congenital heart disease (Limited)
USP44	3	2	ClinGen,mitotic_panel	no	yes	congenital heart disease (Limited) | tier 4
UTP14A	3	1	PanelApp	no	no	Intellectual disability (confidence 1)
UTP4	3	1	gene2phenotype	no	no	UTP4-related North American Indian childhood cirrhosis ()
UVRAG	3	1	mitotic_panel	no	yes	tier 4
UVSSA	3	2	PanelApp,gene2phenotype	no	no	Intellectual disability (confidence 1) | UVSSA-related UV-sensitive syndrome ()
UXT	3	1	mitotic_panel	no	yes	tier 4
VAC14	3	1	gene2phenotype	no	no	VAC14-related progressive neurological disorder and regression of developmental milestones ()
VAMP1	3	1	PanelApp	no	no	Intellectual disability (confidence 1)
VAMP7	3	1	PanelApp	no	no	Intellectual disability (confidence 1)
VANGL1	3	1	gene2phenotype	no	no	VANGL1-related neural tube defects ()
VDR	3	2	PanelApp,gene2phenotype	no	no	Intellectual disability (confidence 1) | Nephrocalcinosis or nephrolithiasis (confidence 1) | VDR-related rickets vitamin D-dependent ()
VEGFA	3	1	ClinGen	no	no	congenital heart disease (Limited)
VEZF1	3	1	ClinGen	no	no	cardiomyopathy, dilated, 100 (No Known Disease Relationship)
VIP	3	2	PanelApp,gene2phenotype	no	no	Intellectual disability (confidence 1) | VIP-related Asperger ()
VMA12	3	1	gene2phenotype	no	no	VMA12-related congenital disorder of glycosylation ()
VMA21	3	1	ClinGen	no	no	congenital disorder of glycosylation (Limited)
VPS13D	3	1	ClinGen	no	no	Leigh syndrome (Limited)
VPS26C	3	1	PanelApp	no	no	Intellectual disability (confidence 1)
VPS35L	3	1	PanelApp	no	no	Intellectual disability (confidence 2)
VPS36	3	1	PanelApp	no	no	Intellectual disability (confidence 2) | Severe microcephaly (confidence 2)
VPS37A	3	1	ClinGen	no	no	complex hereditary spastic paraplegia (Limited)
VPS4B	3	1	mitotic_panel	no	yes	tier 4
VPS50	3	1	PanelApp	no	no	Intellectual disability (confidence 2) | Severe microcephaly (confidence 2)
VPS51	3	1	PanelApp	no	no	Intellectual disability (confidence 2) | Severe microcephaly (confidence 2)
VPS8	3	1	ClinGen	no	no	arthrogryposis multiplex congenita (Limited)
VSX2	3	2	PanelApp,gene2phenotype	no	no	Intellectual disability (confidence 1) | VSX2-related microphthalmia isolated () | VSX2-related microphthalmia with cataracts and iris abnormalities ()
VWA8	3	1	PanelApp	no	no	Intellectual disability (confidence 1)
WAPL	3	2	PanelApp,mitotic_panel	no	yes	Intellectual disability (confidence 2) | tier 3
WASHC4	3	1	PanelApp	no	no	Intellectual disability (confidence 2)
WBP2	3	1	ClinGen	no	no	hearing loss, autosomal recessive (Limited)
WDHD1	3	1	PanelApp	no	no	Severe microcephaly (confidence 2)
WDR13	3	1	PanelApp	no	no	Intellectual disability (confidence 1)
WDR36	3	1	ClinGen	no	no	obsolete glaucoma 1, open angle, G (Disputed)
WDR44	3	1	gene2phenotype	no	no	WDR44-related ciliopathy ()
WDR83	3	1	PanelApp	no	no	Intellectual disability (confidence 2)
WDR90	3	1	mitotic_panel	no	yes	tier 4
WDR91	3	1	PanelApp	no	no	Intellectual disability (confidence 2)
WNT10B	3	2	PanelApp,gene2phenotype	no	no	Intellectual disability (confidence 1) | WNT10B-related split-hand/foot malformation ()
WNT3	3	3	ClinGen,PanelApp,gene2phenotype	no	no	Intellectual disability (confidence 1) | WNT3-related tetra-amelia syndrome () | tetraamelia syndrome 1 (Limited)
WNT4	3	2	PanelApp,gene2phenotype	no	no	Intellectual disability (confidence 1) | WNT4-related SERKAL syndrome () | WNT4-related mullerian aplasia and hyperandrogenism ()
WNT7A	3	2	PanelApp,gene2phenotype	no	no	Intellectual disability (confidence 1) | WNT7A- related skeletal malformations syndrome ()
WNT7B	3	1	gene2phenotype	no	no	WNT7B-related PDAC syndrome ()
WSB2	3	1	PanelApp	no	no	Intellectual disability (confidence 2)
WWC3	3	1	PanelApp	no	no	Intellectual disability (confidence 1)
XIST	3	1	PanelApp	no	no	Intellectual disability (confidence 1)
XK	3	1	PanelApp	no	no	Intellectual disability (confidence 1)
XKRX	3	1	PanelApp	no	no	Intellectual disability (confidence 1)
XPO1	3	2	gene2phenotype,mitotic_panel	no	yes	XPO1-related neurodevelopmental disorder with microcephaly () | tier 3
XRCC2	3	3	ClinGen,PanelApp,mitotic_panel	no	yes	Fanconi anaemia or Bloom syndrome (confidence 2) | Fanconi anemia complementation group U (Limited) | familial ovarian cancer (No Known Disease Relationship) | hereditary breast carcinoma (Refuted) | tier 4
XRCC3	3	1	mitotic_panel	no	yes	tier 3
XYLT2	3	1	gene2phenotype	no	no	XYLT2-related spondyloocular syndrome ()
YAP1	3	2	PanelApp,gene2phenotype	no	no	Intellectual disability (confidence 1) | YAP1-related coloboma, ocular, with or without hearing impairment, cleft lip/palate, and/or intellectual developmental disorder ()
YBX3	3	1	PanelApp	no	no	Intellectual disability (confidence 1)
YME1L1	3	1	ClinGen	no	no	mitochondrial disease (Limited) | optic atrophy 11 (Limited)
YRDC	3	1	gene2phenotype	no	no	YRDC-related nephrotic syndrome and microcephaly ()
YWHAE	3	2	PanelApp,gene2phenotype	no	no	Intellectual disability (confidence 1) | YWHAE-related developmental delay, seizures, hypotonia and brain abnormalities ()
ZBTB16	3	2	PanelApp,gene2phenotype	no	no	Intellectual disability (confidence 1) | ZBTB16-related skeletal defects, genital hypoplasia, and intellectual developmental disorder ()
ZBTB40	3	2	PanelApp,gene2phenotype	no	no	Intellectual disability (confidence 1) | ZBTB40-related intellectual developmental disorder ()
ZBTB7B	3	1	PanelApp	no	no	Intellectual disability (confidence 1)
ZC3H14	3	2	ClinGen,PanelApp	no	no	Intellectual disability (confidence 2) | intellectual disability (Limited)
ZCCHC12	3	1	PanelApp	no	no	Intellectual disability (confidence 1)
ZDHHC15	3	3	ClinGen,PanelApp,gene2phenotype	no	no	Intellectual disability (confidence 1) | X-linked complex neurodevelopmental disorder (Disputed) | ZDHHC15-related intellectual developmental disorder ()
ZEB1	3	1	gene2phenotype	no	no	ZEB1-related corneal dystrophy Fuchs endothelial ()
ZFP57	3	2	PanelApp,gene2phenotype	no	no	Intellectual disability (confidence 2) | ZFP57-related diabetes mellitus, transient neonatal ()
ZFPM1	3	1	ClinGen	no	no	congenital heart disease (Limited)
ZFPM2	3	1	gene2phenotype	no	no	ZFPM2-related malformation syndrome ()
ZFTRAF1	3	1	gene2phenotype	no	no	ZFTRAF1-related neurodevelopmental disorder ()
ZFYVE19	3	1	gene2phenotype	no	no	ZFYVE19-related congenital hepatic fibrosis, sclerosing cholangiopathy and high-GGT cholestasis ()
ZFYVE27	3	1	ClinGen	no	no	hereditary spastic paraplegia 33 (Disputed)
ZMYM6	3	2	PanelApp,gene2phenotype	no	no	Intellectual disability (confidence 1) | ZMYM6-related intellectual disability ()
ZMYND12	3	1	PanelApp	no	no	Intellectual disability (confidence 1)
ZMYND15	3	1	PanelApp	no	no	Intellectual disability (confidence 0)
ZNF143	3	1	ClinGen	no	no	methylmalonic aciduria and homocystinuria (Limited)
ZNF148	3	2	PanelApp,gene2phenotype	no	no	Intellectual disability (confidence 2) | ZNF148-related neurodevelopmental disorder ()
ZNF207	3	1	mitotic_panel	no	yes	tier 3
ZNF276	3	1	mitotic_panel	no	yes	tier 4
ZNF365	3	1	PanelApp	no	no	Nephrocalcinosis or nephrolithiasis (confidence 1)
ZNF407	3	2	PanelApp,gene2phenotype	no	no	Intellectual disability (confidence 2) | ZNF407-related neurodevelopmental disorder ()
ZNF41	3	2	ClinGen,PanelApp	no	no	Intellectual disability (confidence 1) | non-syndromic X-linked intellectual disability (Disputed)
ZNF425	3	1	PanelApp	no	no	Intellectual disability (confidence 1)
ZNF592	3	1	PanelApp	no	no	Intellectual disability (confidence 1)
ZNF599	3	1	PanelApp	no	no	Intellectual disability (confidence 1)
ZNF668	3	1	PanelApp	no	no	Intellectual disability (confidence 2) | Severe microcephaly (confidence 2)
ZNF674	3	2	ClinGen,PanelApp	no	no	Intellectual disability (confidence 1) | X-linked intellectual disability (Disputed)
ZNF713	3	2	PanelApp,gene2phenotype	no	no	Intellectual disability (confidence 1) | ZNF713-related autism ()
ZNF750	3	1	gene2phenotype	no	no	ZNF750-related seborrhea-like dermatitis with psoriasiform elements ()
ZNF808	3	1	gene2phenotype	no	no	ZNF808-related pancreatic agenesis ()
ZNF81	3	2	ClinGen,PanelApp	no	no	Intellectual disability (confidence 1) | X-linked intellectual disability (Disputed)
ZNF865	3	1	PanelApp	no	no	Intellectual disability (confidence 2)
ZNHIT3	3	1	PanelApp	no	no	Severe microcephaly (confidence 2)
ZNRF3	3	2	PanelApp,gene2phenotype	no	no	Intellectual disability (confidence 2) | ZNRF3-related neurodevelopmental disorder with macrocephaly ()
ZPR1	3	1	PanelApp	no	no	Severe microcephaly (confidence 1)
ZRSR2	3	1	gene2phenotype	no	no	ZRSR2-related oral-facial-digital syndrome ()
ZSCAN10	3	2	PanelApp,gene2phenotype	no	no	Intellectual disability (confidence 2) | ZSCAN10-related neurodevelopmental disorder with oto-facial malformations ()
