symbol	panel_tier	n_sources	sources	n_nominations	has_experimental_evidence	in_core_panel	n_specific_go_terms	specific_go_terms	go_terms	reactome_pathways	string_seeds	known_mva_gene	ensembl_gene_id	gnomad_transcript	gnomad_loeuf	gnomad_oe_lof	gnomad_pli	gnomad_mis_z	constraint_bin	gnomad_v2_loeuf	gnomad_v2_pli	constraint_source
BUB1	1	4	GO,Reactome,STRING,known_MVA_gene	93	yes	yes	4	GO:0000776 (kinetochore); GO:0007062 (sister chromatid cohesion); GO:0007094 (mitotic spindle assembly checkpoint signaling); GO:0051983 (regulation of chromosome segregation)	GO:0000776 (kinetochore); GO:0000819 (sister chromatid segregation); GO:0007059 (chromosome segregation); GO:0007062 (sister chromatid cohesion); GO:0007094 (mitotic spindle assembly checkpoint signaling); GO:0051983 (regulation of chromosome segregation)	R-HSA-141424 (Amplification of signal from the kinetochores); R-HSA-2467813 (Separation of Sister Chromatids); R-HSA-2500257 (Resolution of Sister Chromatid Cohesion); R-HSA-68877 (Mitotic Prometaphase); R-HSA-69618 (Mitotic Spindle Checkpoint)	BUB1B,BUB3,TRIP13	yes	699	NM_004336.5	0.727	0.596	0.000	1.49	moderate	NA	NA	gnomAD v4.1
BUB1B	1	4	GO,Reactome,STRING,known_MVA_gene	102	yes	yes	3	GO:0000776 (kinetochore); GO:0007094 (mitotic spindle assembly checkpoint signaling); GO:0051983 (regulation of chromosome segregation)	GO:0000776 (kinetochore); GO:0000819 (sister chromatid segregation); GO:0007059 (chromosome segregation); GO:0007062 (sister chromatid cohesion); GO:0007094 (mitotic spindle assembly checkpoint signaling); GO:0051983 (regulation of chromosome segregation)	R-HSA-141424 (Amplification of signal from the kinetochores); R-HSA-174184 (Cdh1:APC/C mediated degradation of Cdc20 and other targets); R-HSA-2467813 (Separation of Sister Chromatids); R-HSA-2500257 (Resolution of Sister Chromatid Cohesion); R-HSA-68877 (Mitotic Prometaphase); R-HSA-69618 (Mitotic Spindle Checkpoint)	BUB1,BUB3,TRIP13	yes	701	NM_001211.6	0.707	0.588	0.000	1.78	moderate	NA	NA	gnomAD v4.1
BUB3	1	4	GO,Reactome,STRING,known_MVA_gene	24	yes	yes	3	GO:0000776 (kinetochore); GO:0007094 (mitotic spindle assembly checkpoint signaling); GO:0051983 (regulation of chromosome segregation)	GO:0000776 (kinetochore); GO:0000819 (sister chromatid segregation); GO:0007059 (chromosome segregation); GO:0007094 (mitotic spindle assembly checkpoint signaling); GO:0051983 (regulation of chromosome segregation)	R-HSA-141424 (Amplification of signal from the kinetochores); R-HSA-174184 (Cdh1:APC/C mediated degradation of Cdc20 and other targets); R-HSA-2467813 (Separation of Sister Chromatids); R-HSA-2500257 (Resolution of Sister Chromatid Cohesion); R-HSA-68877 (Mitotic Prometaphase); R-HSA-69618 (Mitotic Spindle Checkpoint)	BUB1,BUB1B,TRIP13	yes	9184	NM_004725.4	0.770	0.539	0.001	2.27	moderate	NA	NA	gnomAD v4.1
CEP192	1	3	GO,Reactome,known_MVA_gene	28	yes	yes	1	GO:0007098 (centrosome cycle)	GO:0000819 (sister chromatid segregation); GO:0007059 (chromosome segregation); GO:0007098 (centrosome cycle)	R-HSA-380259 (Loss of Nlp from mitotic centrosomes); R-HSA-380270 (Recruitment of mitotic centrosome proteins and complexes); R-HSA-68877 (Mitotic Prometaphase)		yes	55125	NM_032142.4	0.610	0.513	0.000	1.62	moderate	NA	NA	gnomAD v4.1
CEP57	1	3	GO,Reactome,known_MVA_gene	5	yes	yes	0		GO:0007059 (chromosome segregation)	R-HSA-380259 (Loss of Nlp from mitotic centrosomes); R-HSA-380270 (Recruitment of mitotic centrosome proteins and complexes); R-HSA-68877 (Mitotic Prometaphase)		yes	9702	NM_014679.5	0.740	0.556	0.000	0.05	moderate	NA	NA	gnomAD v4.1
TRIP13	1	3	GO,STRING,known_MVA_gene	8	yes	yes	2	GO:0007094 (mitotic spindle assembly checkpoint signaling); GO:0051983 (regulation of chromosome segregation)	GO:0000819 (sister chromatid segregation); GO:0007059 (chromosome segregation); GO:0007094 (mitotic spindle assembly checkpoint signaling); GO:0051983 (regulation of chromosome segregation)		BUB3	yes	9319	NM_004237.4	0.592	0.418	0.192	2.67	constrained	NA	NA	gnomAD v4.1
CENATAC	1	2	GO,known_MVA_gene	4	yes	yes	1	GO:0007098 (centrosome cycle)	GO:0007059 (chromosome segregation); GO:0007098 (centrosome cycle)			yes	338657	NM_198489.3	1.227	0.972	0.000	-0.85	unconstrained	NA	NA	gnomAD v4.1
CEP57L1	1	2	GO,known_MVA_gene	2	yes	yes	0		GO:0007059 (chromosome segregation)			yes	285753	NM_001271852.3	0.949	0.632	0.000	1.48	moderate	NA	NA	gnomAD v4.1
SMC5	1	2	GO,known_MVA_gene	4	yes	yes	2	GO:0007062 (sister chromatid cohesion); GO:0051983 (regulation of chromosome segregation)	GO:0007059 (chromosome segregation); GO:0007062 (sister chromatid cohesion); GO:0051983 (regulation of chromosome segregation)			yes	23137	NM_015110.4	0.716	0.578	0.000	1.65	moderate	NA	NA	gnomAD v4.1
ANAPC1	2	3	GO,Reactome,STRING	8	yes	yes	0		GO:0000819 (sister chromatid segregation); GO:0007059 (chromosome segregation); GO:0051983 (regulation of chromosome segregation)	R-HSA-174184 (Cdh1:APC/C mediated degradation of Cdc20 and other targets); R-HSA-2467813 (Separation of Sister Chromatids); R-HSA-69618 (Mitotic Spindle Checkpoint)	BUB1B,BUB3	no	64682	NM_022662.4	0.273	0.197	1.000	5.26	highly_constrained	NA	NA	gnomAD v4.1
ANAPC11	2	3	GO,Reactome,STRING	11	yes	yes	1	GO:0051983 (regulation of chromosome segregation)	GO:0000819 (sister chromatid segregation); GO:0007059 (chromosome segregation); GO:0051983 (regulation of chromosome segregation)	R-HSA-174184 (Cdh1:APC/C mediated degradation of Cdc20 and other targets); R-HSA-2467813 (Separation of Sister Chromatids); R-HSA-69618 (Mitotic Spindle Checkpoint)	BUB1B,BUB3	no	51529	NM_001002248.3	0.785	0.343	0.546	1.66	moderate	NA	NA	gnomAD v4.1
ANAPC15	2	3	GO,Reactome,STRING	53	yes	yes	2	GO:0007094 (mitotic spindle assembly checkpoint signaling); GO:0051983 (regulation of chromosome segregation)	GO:0000819 (sister chromatid segregation); GO:0007059 (chromosome segregation); GO:0007094 (mitotic spindle assembly checkpoint signaling); GO:0051983 (regulation of chromosome segregation)	R-HSA-174184 (Cdh1:APC/C mediated degradation of Cdc20 and other targets); R-HSA-2467813 (Separation of Sister Chromatids); R-HSA-69618 (Mitotic Spindle Checkpoint)	BUB1B,BUB3	no	25906	NM_014042.3	0.939	0.554	0.018	2.05	moderate	NA	NA	gnomAD v4.1
ANAPC16	2	3	GO,Reactome,STRING	7	yes	yes	1	GO:0000776 (kinetochore)	GO:0000776 (kinetochore)	R-HSA-174184 (Cdh1:APC/C mediated degradation of Cdc20 and other targets); R-HSA-2467813 (Separation of Sister Chromatids); R-HSA-69618 (Mitotic Spindle Checkpoint)	BUB1B,BUB3	no	119504	NM_173473.4	0.847	0.403	0.338	0.66	moderate	NA	NA	gnomAD v4.1
ANAPC2	2	3	GO,Reactome,STRING	8	yes	yes	0		GO:0000819 (sister chromatid segregation); GO:0007059 (chromosome segregation); GO:0051983 (regulation of chromosome segregation)	R-HSA-174184 (Cdh1:APC/C mediated degradation of Cdc20 and other targets); R-HSA-2467813 (Separation of Sister Chromatids); R-HSA-69618 (Mitotic Spindle Checkpoint)	BUB1B,BUB3	no	29882	NM_013366.4	0.482	0.354	0.990	3.02	constrained	NA	NA	gnomAD v4.1
ANAPC4	2	3	GO,Reactome,STRING	68	yes	yes	0		GO:0000819 (sister chromatid segregation); GO:0007059 (chromosome segregation); GO:0051983 (regulation of chromosome segregation)	R-HSA-174184 (Cdh1:APC/C mediated degradation of Cdc20 and other targets); R-HSA-2467813 (Separation of Sister Chromatids); R-HSA-69618 (Mitotic Spindle Checkpoint)	BUB1B,BUB3	no	29945	NM_013367.3	0.757	0.589	0.000	2.54	moderate	NA	NA	gnomAD v4.1
ANAPC5	2	3	GO,Reactome,STRING	8	yes	yes	0		GO:0000819 (sister chromatid segregation); GO:0007059 (chromosome segregation); GO:0051983 (regulation of chromosome segregation)	R-HSA-174184 (Cdh1:APC/C mediated degradation of Cdc20 and other targets); R-HSA-2467813 (Separation of Sister Chromatids); R-HSA-69618 (Mitotic Spindle Checkpoint)	BUB1B,BUB3	no	51433	NM_016237.5	0.889	0.704	0.000	3.31	moderate	NA	NA	gnomAD v4.1
ANAPC7	2	3	GO,Reactome,STRING	7	yes	yes	0		GO:0000819 (sister chromatid segregation); GO:0007059 (chromosome segregation); GO:0051983 (regulation of chromosome segregation)	R-HSA-174184 (Cdh1:APC/C mediated degradation of Cdc20 and other targets); R-HSA-2467813 (Separation of Sister Chromatids); R-HSA-69618 (Mitotic Spindle Checkpoint)	BUB1B	no	51434	NM_016238.3	0.478	0.329	0.994	2.81	constrained	NA	NA	gnomAD v4.1
AURKB	2	3	GO,Reactome,STRING	48	yes	yes	3	GO:0000776 (kinetochore); GO:0007094 (mitotic spindle assembly checkpoint signaling); GO:0051983 (regulation of chromosome segregation)	GO:0000776 (kinetochore); GO:0000819 (sister chromatid segregation); GO:0007059 (chromosome segregation); GO:0007094 (mitotic spindle assembly checkpoint signaling); GO:0051983 (regulation of chromosome segregation)	R-HSA-141424 (Amplification of signal from the kinetochores); R-HSA-2467813 (Separation of Sister Chromatids); R-HSA-2500257 (Resolution of Sister Chromatid Cohesion); R-HSA-68877 (Mitotic Prometaphase); R-HSA-69618 (Mitotic Spindle Checkpoint)	BUB1,BUB1B,BUB3,TRIP13	no	9212	NM_004217.4	0.957	0.702	0.000	1.44	moderate	NA	NA	gnomAD v4.1
BIRC5	2	3	GO,Reactome,STRING	29	yes	yes	3	GO:0000776 (kinetochore); GO:0007094 (mitotic spindle assembly checkpoint signaling); GO:0051983 (regulation of chromosome segregation)	GO:0000776 (kinetochore); GO:0000819 (sister chromatid segregation); GO:0007059 (chromosome segregation); GO:0007094 (mitotic spindle assembly checkpoint signaling); GO:0051983 (regulation of chromosome segregation)	R-HSA-141424 (Amplification of signal from the kinetochores); R-HSA-2467813 (Separation of Sister Chromatids); R-HSA-2500257 (Resolution of Sister Chromatid Cohesion); R-HSA-68877 (Mitotic Prometaphase); R-HSA-69618 (Mitotic Spindle Checkpoint)	BUB1,BUB1B,TRIP13	no	332	NM_001168.3	1.004	0.534	0.057	0.35	unconstrained	NA	NA	gnomAD v4.1
CCNB1	2	3	GO,Reactome,STRING	17	yes	yes	3	GO:0000776 (kinetochore); GO:0007094 (mitotic spindle assembly checkpoint signaling); GO:0051983 (regulation of chromosome segregation)	GO:0000776 (kinetochore); GO:0000819 (sister chromatid segregation); GO:0007059 (chromosome segregation); GO:0007094 (mitotic spindle assembly checkpoint signaling); GO:0051983 (regulation of chromosome segregation)	R-HSA-2500257 (Resolution of Sister Chromatid Cohesion); R-HSA-68877 (Mitotic Prometaphase)	BUB1,BUB1B,BUB3,TRIP13	no	891	NM_031966.4	0.777	0.524	0.004	1.01	moderate	NA	NA	gnomAD v4.1
CDC16	2	3	GO,Reactome,STRING	8	yes	yes	0		GO:0000819 (sister chromatid segregation); GO:0007059 (chromosome segregation); GO:0051983 (regulation of chromosome segregation)	R-HSA-174184 (Cdh1:APC/C mediated degradation of Cdc20 and other targets); R-HSA-2467813 (Separation of Sister Chromatids); R-HSA-69618 (Mitotic Spindle Checkpoint)	BUB1B,BUB3	no	8881	NM_001078645.3	0.657	0.460	0.021	1.27	moderate	NA	NA	gnomAD v4.1
CDC20	2	3	GO,Reactome,STRING	31	yes	yes	2	GO:0007094 (mitotic spindle assembly checkpoint signaling); GO:0051983 (regulation of chromosome segregation)	GO:0000776 (kinetochore); GO:0000819 (sister chromatid segregation); GO:0007059 (chromosome segregation); GO:0007094 (mitotic spindle assembly checkpoint signaling); GO:0051983 (regulation of chromosome segregation)	R-HSA-141424 (Amplification of signal from the kinetochores); R-HSA-174184 (Cdh1:APC/C mediated degradation of Cdc20 and other targets); R-HSA-2467813 (Separation of Sister Chromatids); R-HSA-2500257 (Resolution of Sister Chromatid Cohesion); R-HSA-68877 (Mitotic Prometaphase); R-HSA-69618 (Mitotic Spindle Checkpoint)	BUB1,BUB1B,BUB3,TRIP13	no	991	NM_001255.3	0.744	0.551	0.000	2.51	moderate	NA	NA	gnomAD v4.1
CDC23	2	3	GO,Reactome,STRING	17	yes	yes	1	GO:0051983 (regulation of chromosome segregation)	GO:0000819 (sister chromatid segregation); GO:0007059 (chromosome segregation); GO:0051983 (regulation of chromosome segregation)	R-HSA-174184 (Cdh1:APC/C mediated degradation of Cdc20 and other targets); R-HSA-2467813 (Separation of Sister Chromatids); R-HSA-69618 (Mitotic Spindle Checkpoint)	BUB1,BUB1B,BUB3	no	8697	NM_004661.4	0.452	0.324	0.999	3.06	constrained	NA	NA	gnomAD v4.1
CDC27	2	3	GO,Reactome,STRING	11	yes	yes	1	GO:0051983 (regulation of chromosome segregation)	GO:0000819 (sister chromatid segregation); GO:0007059 (chromosome segregation); GO:0051983 (regulation of chromosome segregation)	R-HSA-174184 (Cdh1:APC/C mediated degradation of Cdc20 and other targets); R-HSA-2467813 (Separation of Sister Chromatids); R-HSA-69618 (Mitotic Spindle Checkpoint)	BUB1B,BUB3	no	996	NM_001256.6	0.380	0.000	0.961	1.42	constrained	NA	NA	gnomAD v4.1
CDCA5	2	3	GO,Reactome,STRING	11	yes	yes	1	GO:0007062 (sister chromatid cohesion)	GO:0007062 (sister chromatid cohesion)	R-HSA-2467813 (Separation of Sister Chromatids); R-HSA-2500257 (Resolution of Sister Chromatid Cohesion); R-HSA-68877 (Mitotic Prometaphase)	BUB1,TRIP13	no	113130	NM_080668.4	0.880	0.563	0.004	0.19	moderate	NA	NA	gnomAD v4.1
CDCA8	2	3	GO,Reactome,STRING	31	yes	yes	2	GO:0007094 (mitotic spindle assembly checkpoint signaling); GO:0051983 (regulation of chromosome segregation)	GO:0000819 (sister chromatid segregation); GO:0007059 (chromosome segregation); GO:0007094 (mitotic spindle assembly checkpoint signaling); GO:0051983 (regulation of chromosome segregation)	R-HSA-141424 (Amplification of signal from the kinetochores); R-HSA-2467813 (Separation of Sister Chromatids); R-HSA-2500257 (Resolution of Sister Chromatid Cohesion); R-HSA-68877 (Mitotic Prometaphase); R-HSA-69618 (Mitotic Spindle Checkpoint)	BUB1,BUB1B,BUB3,TRIP13	no	55143	NM_001256875.2	0.944	0.622	0.001	1.81	moderate	NA	NA	gnomAD v4.1
CDK1	2	3	GO,Reactome,STRING	16	yes	yes	2	GO:0007098 (centrosome cycle); GO:0051983 (regulation of chromosome segregation)	GO:0000819 (sister chromatid segregation); GO:0007059 (chromosome segregation); GO:0007098 (centrosome cycle); GO:0051983 (regulation of chromosome segregation)	R-HSA-174184 (Cdh1:APC/C mediated degradation of Cdc20 and other targets); R-HSA-2500257 (Resolution of Sister Chromatid Cohesion); R-HSA-380259 (Loss of Nlp from mitotic centrosomes); R-HSA-380270 (Recruitment of mitotic centrosome proteins and complexes); R-HSA-68877 (Mitotic Prometaphase)	BUB1,BUB1B,BUB3,TRIP13	no	983	NM_001786.5	0.565	0.119	0.904	2.23	constrained	NA	NA	gnomAD v4.1
CDK5RAP2	2	3	GO,Reactome,STRING	20	yes	yes	3	GO:0007094 (mitotic spindle assembly checkpoint signaling); GO:0007098 (centrosome cycle); GO:0051983 (regulation of chromosome segregation)	GO:0000819 (sister chromatid segregation); GO:0007059 (chromosome segregation); GO:0007094 (mitotic spindle assembly checkpoint signaling); GO:0007098 (centrosome cycle); GO:0051983 (regulation of chromosome segregation)	R-HSA-380259 (Loss of Nlp from mitotic centrosomes); R-HSA-380270 (Recruitment of mitotic centrosome proteins and complexes); R-HSA-68877 (Mitotic Prometaphase)	CEP192	no	55755	NM_018249.6	0.692	0.593	0.000	1.15	moderate	NA	NA	gnomAD v4.1
CENPA	2	3	GO,Reactome,STRING	11	yes	yes	0		GO:0000776 (kinetochore); GO:0000819 (sister chromatid segregation); GO:0007059 (chromosome segregation)	R-HSA-141424 (Amplification of signal from the kinetochores); R-HSA-2467813 (Separation of Sister Chromatids); R-HSA-2500257 (Resolution of Sister Chromatid Cohesion); R-HSA-68877 (Mitotic Prometaphase); R-HSA-69618 (Mitotic Spindle Checkpoint)	BUB1,BUB1B,BUB3	no	1058	NM_001809.4	0.769	0.409	0.318	0.77	moderate	NA	NA	gnomAD v4.1
CENPC	2	3	GO,Reactome,STRING	21	yes	yes	1	GO:0000776 (kinetochore)	GO:0000776 (kinetochore); GO:0000819 (sister chromatid segregation); GO:0007059 (chromosome segregation)	R-HSA-141424 (Amplification of signal from the kinetochores); R-HSA-2467813 (Separation of Sister Chromatids); R-HSA-2500257 (Resolution of Sister Chromatid Cohesion); R-HSA-68877 (Mitotic Prometaphase); R-HSA-69618 (Mitotic Spindle Checkpoint)	BUB3	no	1060	NM_001812.4	0.886	0.625	0.000	0.49	moderate	NA	NA	gnomAD v4.1
CENPE	2	3	GO,Reactome,STRING	75	yes	yes	2	GO:0000776 (kinetochore); GO:0051983 (regulation of chromosome segregation)	GO:0000776 (kinetochore); GO:0000819 (sister chromatid segregation); GO:0007059 (chromosome segregation); GO:0051983 (regulation of chromosome segregation)	R-HSA-141424 (Amplification of signal from the kinetochores); R-HSA-2467813 (Separation of Sister Chromatids); R-HSA-2500257 (Resolution of Sister Chromatid Cohesion); R-HSA-68877 (Mitotic Prometaphase); R-HSA-69618 (Mitotic Spindle Checkpoint)	BUB1,BUB1B,BUB3	no	1062	NM_001813.3	0.451	0.372	1.000	1.82	constrained	NA	NA	gnomAD v4.1
CENPF	2	3	GO,Reactome,STRING	24	yes	yes	3	GO:0000776 (kinetochore); GO:0007094 (mitotic spindle assembly checkpoint signaling); GO:0051983 (regulation of chromosome segregation)	GO:0000776 (kinetochore); GO:0000819 (sister chromatid segregation); GO:0007059 (chromosome segregation); GO:0007094 (mitotic spindle assembly checkpoint signaling); GO:0051983 (regulation of chromosome segregation)	R-HSA-141424 (Amplification of signal from the kinetochores); R-HSA-2467813 (Separation of Sister Chromatids); R-HSA-2500257 (Resolution of Sister Chromatid Cohesion); R-HSA-68877 (Mitotic Prometaphase); R-HSA-69618 (Mitotic Spindle Checkpoint)	BUB1,BUB1B,BUB3,TRIP13	no	1063	NM_016343.4	0.734	0.652	0.000	1.39	moderate	NA	NA	gnomAD v4.1
CENPI	2	3	GO,Reactome,STRING	21	yes	yes	1	GO:0000776 (kinetochore)	GO:0000776 (kinetochore); GO:0000819 (sister chromatid segregation); GO:0007059 (chromosome segregation)	R-HSA-141424 (Amplification of signal from the kinetochores); R-HSA-2467813 (Separation of Sister Chromatids); R-HSA-2500257 (Resolution of Sister Chromatid Cohesion); R-HSA-68877 (Mitotic Prometaphase); R-HSA-69618 (Mitotic Spindle Checkpoint)	BUB3	no	NA	NA	NA	NA	NA	NA	no_constraint_data	0.169	1.000	gnomAD v2.1.1 (X/Y; v4.1 is autosomes only)
CENPS	2	3	GO,Reactome,STRING	8	yes	yes	1	GO:0000776 (kinetochore)	GO:0000776 (kinetochore); GO:0007059 (chromosome segregation)	R-HSA-141424 (Amplification of signal from the kinetochores); R-HSA-2467813 (Separation of Sister Chromatids); R-HSA-2500257 (Resolution of Sister Chromatid Cohesion); R-HSA-68877 (Mitotic Prometaphase); R-HSA-69618 (Mitotic Spindle Checkpoint)	BUB3	no	378708	NM_199294.3	1.478	0.975	0.000	-0.03	unconstrained	NA	NA	gnomAD v4.1
CEP135	2	3	GO,Reactome,STRING	7	yes	yes	1	GO:0007098 (centrosome cycle)	GO:0007098 (centrosome cycle)	R-HSA-380259 (Loss of Nlp from mitotic centrosomes); R-HSA-380270 (Recruitment of mitotic centrosome proteins and complexes); R-HSA-68877 (Mitotic Prometaphase)	CEP192	no	9662	NM_025009.5	0.989	0.826	0.000	-0.01	moderate	NA	NA	gnomAD v4.1
CEP152	2	3	GO,Reactome,STRING	12	yes	yes	1	GO:0007098 (centrosome cycle)	GO:0007098 (centrosome cycle)	R-HSA-380259 (Loss of Nlp from mitotic centrosomes); R-HSA-380270 (Recruitment of mitotic centrosome proteins and complexes); R-HSA-68877 (Mitotic Prometaphase)	CEP192,CEP57	no	22995	NM_001194998.2	0.784	0.674	0.000	1.23	moderate	NA	NA	gnomAD v4.1
CEP63	2	3	GO,Reactome,STRING	12	yes	yes	1	GO:0007098 (centrosome cycle)	GO:0007059 (chromosome segregation); GO:0007098 (centrosome cycle)	R-HSA-380259 (Loss of Nlp from mitotic centrosomes); R-HSA-380270 (Recruitment of mitotic centrosome proteins and complexes); R-HSA-68877 (Mitotic Prometaphase)	CEP192,CEP57	no	80254	NM_001353108.3	1.127	0.900	0.000	-0.16	unconstrained	NA	NA	gnomAD v4.1
CKAP5	2	3	GO,Reactome,STRING	14	yes	yes	2	GO:0000776 (kinetochore); GO:0007098 (centrosome cycle)	GO:0000776 (kinetochore); GO:0007059 (chromosome segregation); GO:0007098 (centrosome cycle)	R-HSA-141424 (Amplification of signal from the kinetochores); R-HSA-2467813 (Separation of Sister Chromatids); R-HSA-2500257 (Resolution of Sister Chromatid Cohesion); R-HSA-380259 (Loss of Nlp from mitotic centrosomes); R-HSA-380270 (Recruitment of mitotic centrosome proteins and complexes); R-HSA-68877 (Mitotic Prometaphase); R-HSA-69618 (Mitotic Spindle Checkpoint)	BUB3	no	9793	NM_001008938.4	0.143	0.097	1.000	4.89	highly_constrained	NA	NA	gnomAD v4.1
CLIP1	2	3	GO,Reactome,STRING	7	yes	yes	1	GO:0000776 (kinetochore)	GO:0000776 (kinetochore)	R-HSA-141424 (Amplification of signal from the kinetochores); R-HSA-2467813 (Separation of Sister Chromatids); R-HSA-2500257 (Resolution of Sister Chromatid Cohesion); R-HSA-68877 (Mitotic Prometaphase); R-HSA-69618 (Mitotic Spindle Checkpoint)	BUB3	no	6249	NM_001247997.2	0.455	0.355	0.999	3.46	constrained	NA	NA	gnomAD v4.1
CPAP	2	3	GO,Reactome,STRING	17	yes	yes	1	GO:0007098 (centrosome cycle)	GO:0007059 (chromosome segregation); GO:0007098 (centrosome cycle)	R-HSA-380259 (Loss of Nlp from mitotic centrosomes); R-HSA-380270 (Recruitment of mitotic centrosome proteins and complexes); R-HSA-68877 (Mitotic Prometaphase)	CEP192	no	NA	NA	NA	NA	NA	NA	no_constraint_data	NA	NA	none
DSN1	2	3	GO,Reactome,STRING	52	yes	yes	1	GO:0000776 (kinetochore)	GO:0000776 (kinetochore); GO:0007059 (chromosome segregation)	R-HSA-141424 (Amplification of signal from the kinetochores); R-HSA-2467813 (Separation of Sister Chromatids); R-HSA-2500257 (Resolution of Sister Chromatid Cohesion); R-HSA-68877 (Mitotic Prometaphase); R-HSA-69618 (Mitotic Spindle Checkpoint)	BUB1,BUB3	no	79980	NM_001145315.2	0.847	0.627	0.000	0.75	moderate	NA	NA	gnomAD v4.1
ESPL1	2	3	GO,Reactome,STRING	19	yes	yes	2	GO:0007062 (sister chromatid cohesion); GO:0051983 (regulation of chromosome segregation)	GO:0000819 (sister chromatid segregation); GO:0007059 (chromosome segregation); GO:0007062 (sister chromatid cohesion); GO:0051983 (regulation of chromosome segregation)	R-HSA-2467813 (Separation of Sister Chromatids)	BUB1,BUB1B,BUB3	no	9700	NM_012291.5	0.292	0.230	1.000	6.07	highly_constrained	NA	NA	gnomAD v4.1
HAUS6	2	3	GO,Reactome,STRING	16	yes	yes	1	GO:0007098 (centrosome cycle)	GO:0007059 (chromosome segregation); GO:0007098 (centrosome cycle)	R-HSA-380259 (Loss of Nlp from mitotic centrosomes); R-HSA-380270 (Recruitment of mitotic centrosome proteins and complexes); R-HSA-68877 (Mitotic Prometaphase)	CEP192	no	54801	NM_017645.5	1.211	0.848	0.000	0.22	unconstrained	NA	NA	gnomAD v4.1
INCENP	2	3	GO,Reactome,STRING	31	yes	yes	3	GO:0000776 (kinetochore); GO:0007094 (mitotic spindle assembly checkpoint signaling); GO:0051983 (regulation of chromosome segregation)	GO:0000776 (kinetochore); GO:0000819 (sister chromatid segregation); GO:0007059 (chromosome segregation); GO:0007094 (mitotic spindle assembly checkpoint signaling); GO:0051983 (regulation of chromosome segregation)	R-HSA-141424 (Amplification of signal from the kinetochores); R-HSA-2467813 (Separation of Sister Chromatids); R-HSA-2500257 (Resolution of Sister Chromatid Cohesion); R-HSA-68877 (Mitotic Prometaphase); R-HSA-69618 (Mitotic Spindle Checkpoint)	BUB3	no	3619	NM_001040694.2	0.539	0.418	0.106	1.91	constrained	NA	NA	gnomAD v4.1
KIF2C	2	3	GO,Reactome,STRING	30	yes	yes	2	GO:0000776 (kinetochore); GO:0051983 (regulation of chromosome segregation)	GO:0000776 (kinetochore); GO:0000819 (sister chromatid segregation); GO:0007059 (chromosome segregation); GO:0051983 (regulation of chromosome segregation)	R-HSA-141424 (Amplification of signal from the kinetochores); R-HSA-2467813 (Separation of Sister Chromatids); R-HSA-2500257 (Resolution of Sister Chromatid Cohesion); R-HSA-68877 (Mitotic Prometaphase); R-HSA-69618 (Mitotic Spindle Checkpoint)	BUB1,BUB1B,BUB3,TRIP13	no	11004	NM_006845.4	0.432	0.311	1.000	2.09	constrained	NA	NA	gnomAD v4.1
KNL1	2	3	GO,Reactome,STRING	30	yes	yes	3	GO:0000776 (kinetochore); GO:0007094 (mitotic spindle assembly checkpoint signaling); GO:0051983 (regulation of chromosome segregation)	GO:0000776 (kinetochore); GO:0000819 (sister chromatid segregation); GO:0007059 (chromosome segregation); GO:0007094 (mitotic spindle assembly checkpoint signaling); GO:0051983 (regulation of chromosome segregation)	R-HSA-141424 (Amplification of signal from the kinetochores); R-HSA-2467813 (Separation of Sister Chromatids); R-HSA-2500257 (Resolution of Sister Chromatid Cohesion); R-HSA-68877 (Mitotic Prometaphase); R-HSA-69618 (Mitotic Spindle Checkpoint)	BUB1,BUB1B,BUB3	no	57082	NM_144508.5	0.366	0.274	1.000	-0.50	constrained	NA	NA	gnomAD v4.1
MAD1L1	2	3	GO,Reactome,STRING	104	yes	yes	3	GO:0000776 (kinetochore); GO:0007094 (mitotic spindle assembly checkpoint signaling); GO:0051983 (regulation of chromosome segregation)	GO:0000776 (kinetochore); GO:0000819 (sister chromatid segregation); GO:0007059 (chromosome segregation); GO:0007094 (mitotic spindle assembly checkpoint signaling); GO:0051983 (regulation of chromosome segregation)	R-HSA-141424 (Amplification of signal from the kinetochores); R-HSA-2467813 (Separation of Sister Chromatids); R-HSA-2500257 (Resolution of Sister Chromatid Cohesion); R-HSA-68877 (Mitotic Prometaphase); R-HSA-69618 (Mitotic Spindle Checkpoint)	BUB1,BUB1B,BUB3	no	8379	NM_001013836.2	1.228	1.034	0.000	-0.62	unconstrained	NA	NA	gnomAD v4.1
MAD2L1	2	3	GO,Reactome,STRING	46	yes	yes	3	GO:0000776 (kinetochore); GO:0007094 (mitotic spindle assembly checkpoint signaling); GO:0051983 (regulation of chromosome segregation)	GO:0000776 (kinetochore); GO:0000819 (sister chromatid segregation); GO:0007059 (chromosome segregation); GO:0007094 (mitotic spindle assembly checkpoint signaling); GO:0051983 (regulation of chromosome segregation)	R-HSA-141424 (Amplification of signal from the kinetochores); R-HSA-174184 (Cdh1:APC/C mediated degradation of Cdc20 and other targets); R-HSA-2467813 (Separation of Sister Chromatids); R-HSA-2500257 (Resolution of Sister Chromatid Cohesion); R-HSA-68877 (Mitotic Prometaphase); R-HSA-69618 (Mitotic Spindle Checkpoint)	BUB1,BUB1B,BUB3,TRIP13	no	4085	NM_002358.4	0.684	0.379	0.503	1.49	moderate	NA	NA	gnomAD v4.1
MAPRE1	2	3	GO,Reactome,STRING	13	yes	yes	0		GO:0000819 (sister chromatid segregation); GO:0007059 (chromosome segregation)	R-HSA-141424 (Amplification of signal from the kinetochores); R-HSA-2467813 (Separation of Sister Chromatids); R-HSA-2500257 (Resolution of Sister Chromatid Cohesion); R-HSA-380259 (Loss of Nlp from mitotic centrosomes); R-HSA-380270 (Recruitment of mitotic centrosome proteins and complexes); R-HSA-68877 (Mitotic Prometaphase); R-HSA-69618 (Mitotic Spindle Checkpoint)	BUB3	no	22919	NM_012325.3	0.376	0.179	0.999	2.43	constrained	NA	NA	gnomAD v4.1
NCAPD2	2	3	GO,Reactome,STRING	32	yes	yes	0		GO:0000819 (sister chromatid segregation); GO:0007059 (chromosome segregation)	R-HSA-68877 (Mitotic Prometaphase)	SMC5	no	9918	NM_014865.4	0.687	0.582	0.000	2.35	moderate	NA	NA	gnomAD v4.1
NCAPG	2	3	GO,Reactome,STRING	42	yes	yes	0		GO:0000819 (sister chromatid segregation); GO:0007059 (chromosome segregation); GO:0051983 (regulation of chromosome segregation)	R-HSA-68877 (Mitotic Prometaphase)	BUB1,SMC5,TRIP13	no	64151	NM_022346.5	0.671	0.515	0.000	1.39	moderate	NA	NA	gnomAD v4.1
NCAPH	2	3	GO,Reactome,STRING	44	yes	yes	0		GO:0000819 (sister chromatid segregation); GO:0007059 (chromosome segregation); GO:0051983 (regulation of chromosome segregation)	R-HSA-68877 (Mitotic Prometaphase)	BUB1,SMC5	no	23397	NM_015341.5	0.566	0.422	0.111	1.64	constrained	NA	NA	gnomAD v4.1
NDC80	2	3	GO,Reactome,STRING	75	yes	yes	4	GO:0000776 (kinetochore); GO:0007094 (mitotic spindle assembly checkpoint signaling); GO:0007098 (centrosome cycle); GO:0051983 (regulation of chromosome segregation)	GO:0000776 (kinetochore); GO:0000819 (sister chromatid segregation); GO:0007059 (chromosome segregation); GO:0007094 (mitotic spindle assembly checkpoint signaling); GO:0007098 (centrosome cycle); GO:0051983 (regulation of chromosome segregation)	R-HSA-141424 (Amplification of signal from the kinetochores); R-HSA-2467813 (Separation of Sister Chromatids); R-HSA-2500257 (Resolution of Sister Chromatid Cohesion); R-HSA-68877 (Mitotic Prometaphase); R-HSA-69618 (Mitotic Spindle Checkpoint)	BUB1,BUB1B,BUB3	no	10403	NM_006101.3	0.876	0.655	0.000	2.27	moderate	NA	NA	gnomAD v4.1
NEK2	2	3	GO,Reactome,STRING	19	yes	yes	2	GO:0000776 (kinetochore); GO:0007098 (centrosome cycle)	GO:0000776 (kinetochore); GO:0007059 (chromosome segregation); GO:0007098 (centrosome cycle)	R-HSA-380259 (Loss of Nlp from mitotic centrosomes); R-HSA-380270 (Recruitment of mitotic centrosome proteins and complexes); R-HSA-68877 (Mitotic Prometaphase)	BUB1,BUB1B,TRIP13	no	4751	NM_002497.4	0.648	0.450	0.040	2.18	moderate	NA	NA	gnomAD v4.1
NUF2	2	3	GO,Reactome,STRING	45	yes	yes	3	GO:0000776 (kinetochore); GO:0007094 (mitotic spindle assembly checkpoint signaling); GO:0051983 (regulation of chromosome segregation)	GO:0000776 (kinetochore); GO:0000819 (sister chromatid segregation); GO:0007059 (chromosome segregation); GO:0007094 (mitotic spindle assembly checkpoint signaling); GO:0051983 (regulation of chromosome segregation)	R-HSA-141424 (Amplification of signal from the kinetochores); R-HSA-2467813 (Separation of Sister Chromatids); R-HSA-2500257 (Resolution of Sister Chromatid Cohesion); R-HSA-68877 (Mitotic Prometaphase); R-HSA-69618 (Mitotic Spindle Checkpoint)	BUB1,BUB1B,BUB3,TRIP13	no	83540	NM_145697.3	0.989	0.583	0.012	0.70	moderate	NA	NA	gnomAD v4.1
NUP107	2	3	GO,Reactome,STRING	7	yes	yes	1	GO:0000776 (kinetochore)	GO:0000776 (kinetochore)	R-HSA-141424 (Amplification of signal from the kinetochores); R-HSA-2467813 (Separation of Sister Chromatids); R-HSA-2500257 (Resolution of Sister Chromatid Cohesion); R-HSA-68877 (Mitotic Prometaphase); R-HSA-69618 (Mitotic Spindle Checkpoint)	BUB3	no	57122	NM_020401.4	0.833	0.644	0.000	1.46	moderate	NA	NA	gnomAD v4.1
NUP98	2	3	GO,Reactome,STRING	7	yes	yes	1	GO:0000776 (kinetochore)	GO:0000776 (kinetochore)	R-HSA-141424 (Amplification of signal from the kinetochores); R-HSA-2467813 (Separation of Sister Chromatids); R-HSA-2500257 (Resolution of Sister Chromatid Cohesion); R-HSA-68877 (Mitotic Prometaphase); R-HSA-69618 (Mitotic Spindle Checkpoint)	BUB3	no	4928	NM_016320.5	0.155	0.103	1.000	2.20	highly_constrained	NA	NA	gnomAD v4.1
PDS5A	2	3	GO,Reactome,STRING	26	yes	yes	1	GO:0007062 (sister chromatid cohesion)	GO:0007062 (sister chromatid cohesion)	R-HSA-2467813 (Separation of Sister Chromatids); R-HSA-2500257 (Resolution of Sister Chromatid Cohesion); R-HSA-68877 (Mitotic Prometaphase)	SMC5	no	23244	NM_001100399.2	0.520	0.327	0.960	2.70	constrained	NA	NA	gnomAD v4.1
PLK1	2	3	GO,Reactome,STRING	51	yes	yes	5	GO:0000776 (kinetochore); GO:0007062 (sister chromatid cohesion); GO:0007094 (mitotic spindle assembly checkpoint signaling); GO:0007098 (centrosome cycle); GO:0051983 (regulation of chromosome segregation)	GO:0000776 (kinetochore); GO:0000819 (sister chromatid segregation); GO:0007059 (chromosome segregation); GO:0007062 (sister chromatid cohesion); GO:0007094 (mitotic spindle assembly checkpoint signaling); GO:0007098 (centrosome cycle); GO:0051983 (regulation of chromosome segregation)	R-HSA-141424 (Amplification of signal from the kinetochores); R-HSA-2467813 (Separation of Sister Chromatids); R-HSA-2500257 (Resolution of Sister Chromatid Cohesion); R-HSA-380259 (Loss of Nlp from mitotic centrosomes); R-HSA-380270 (Recruitment of mitotic centrosome proteins and complexes); R-HSA-68877 (Mitotic Prometaphase); R-HSA-69618 (Mitotic Spindle Checkpoint)	BUB1,BUB1B,BUB3,CEP192,CEP57,TRIP13	no	5347	NM_005030.6	0.205	0.098	1.000	3.55	highly_constrained	NA	NA	gnomAD v4.1
PLK4	2	3	GO,Reactome,STRING	19	yes	yes	1	GO:0007098 (centrosome cycle)	GO:0007098 (centrosome cycle)	R-HSA-380259 (Loss of Nlp from mitotic centrosomes); R-HSA-380270 (Recruitment of mitotic centrosome proteins and complexes); R-HSA-68877 (Mitotic Prometaphase)	BUB1,CEP192	no	10733	NM_014264.5	0.619	0.422	0.180	1.09	moderate	NA	NA	gnomAD v4.1
PPP1CC	2	3	GO,Reactome,STRING	8	yes	yes	0		GO:0000819 (sister chromatid segregation); GO:0007059 (chromosome segregation)	R-HSA-141424 (Amplification of signal from the kinetochores); R-HSA-2467813 (Separation of Sister Chromatids); R-HSA-2500257 (Resolution of Sister Chromatid Cohesion); R-HSA-68877 (Mitotic Prometaphase); R-HSA-69618 (Mitotic Spindle Checkpoint)	BUB3	no	5501	NM_002710.4	0.583	0.344	0.825	3.88	constrained	NA	NA	gnomAD v4.1
PPP2R5C	2	3	GO,Reactome,STRING	11	yes	yes	0		GO:0007059 (chromosome segregation); GO:0007062 (sister chromatid cohesion)	R-HSA-141424 (Amplification of signal from the kinetochores); R-HSA-2467813 (Separation of Sister Chromatids); R-HSA-2500257 (Resolution of Sister Chromatid Cohesion); R-HSA-68877 (Mitotic Prometaphase); R-HSA-69618 (Mitotic Spindle Checkpoint)	BUB1B	no	ENSG00000078304	ENST00000334743	0.198	0.100	1.000	4.07	highly_constrained	NA	NA	gnomAD v4.1
PTTG1	2	3	GO,Reactome,STRING	7	yes	yes	1	GO:0007062 (sister chromatid cohesion)	GO:0007059 (chromosome segregation); GO:0007062 (sister chromatid cohesion)	R-HSA-2467813 (Separation of Sister Chromatids)	BUB1,BUB1B,BUB3	no	9232	NM_004219.4	0.673	0.358	0.614	1.19	moderate	NA	NA	gnomAD v4.1
RAD21	2	3	GO,Reactome,STRING	25	yes	yes	1	GO:0007062 (sister chromatid cohesion)	GO:0000819 (sister chromatid segregation); GO:0007059 (chromosome segregation); GO:0007062 (sister chromatid cohesion); GO:0051983 (regulation of chromosome segregation)	R-HSA-2467813 (Separation of Sister Chromatids); R-HSA-2500257 (Resolution of Sister Chromatid Cohesion); R-HSA-68877 (Mitotic Prometaphase)	SMC5	no	5885	NM_006265.3	0.341	0.210	1.000	3.65	highly_constrained	NA	NA	gnomAD v4.1
SEH1L	2	3	GO,Reactome,STRING	12	yes	yes	1	GO:0000776 (kinetochore)	GO:0000776 (kinetochore); GO:0000819 (sister chromatid segregation); GO:0007059 (chromosome segregation)	R-HSA-141424 (Amplification of signal from the kinetochores); R-HSA-2467813 (Separation of Sister Chromatids); R-HSA-2500257 (Resolution of Sister Chromatid Cohesion); R-HSA-68877 (Mitotic Prometaphase); R-HSA-69618 (Mitotic Spindle Checkpoint)	CEP192	no	81929	NM_001013437.2	0.629	0.414	0.259	2.17	moderate	NA	NA	gnomAD v4.1
SGO1	2	3	GO,Reactome,STRING	33	yes	yes	3	GO:0000776 (kinetochore); GO:0007062 (sister chromatid cohesion); GO:0007098 (centrosome cycle)	GO:0000776 (kinetochore); GO:0007059 (chromosome segregation); GO:0007062 (sister chromatid cohesion); GO:0007098 (centrosome cycle)	R-HSA-141424 (Amplification of signal from the kinetochores); R-HSA-2467813 (Separation of Sister Chromatids); R-HSA-2500257 (Resolution of Sister Chromatid Cohesion); R-HSA-68877 (Mitotic Prometaphase); R-HSA-69618 (Mitotic Spindle Checkpoint)	BUB1,BUB1B,BUB3	no	151648	NM_001199251.3	1.036	0.775	0.000	-0.15	unconstrained	NA	NA	gnomAD v4.1
SKA1	2	3	GO,Reactome,STRING	38	yes	yes	3	GO:0000776 (kinetochore); GO:0007094 (mitotic spindle assembly checkpoint signaling); GO:0051983 (regulation of chromosome segregation)	GO:0000776 (kinetochore); GO:0000819 (sister chromatid segregation); GO:0007059 (chromosome segregation); GO:0007094 (mitotic spindle assembly checkpoint signaling); GO:0051983 (regulation of chromosome segregation)	R-HSA-141424 (Amplification of signal from the kinetochores); R-HSA-2467813 (Separation of Sister Chromatids); R-HSA-2500257 (Resolution of Sister Chromatid Cohesion); R-HSA-68877 (Mitotic Prometaphase); R-HSA-69618 (Mitotic Spindle Checkpoint)	BUB1B,TRIP13	no	220134	NM_145060.4	0.849	0.471	0.114	0.91	moderate	NA	NA	gnomAD v4.1
SMC1A	2	3	GO,Reactome,STRING	22	yes	yes	2	GO:0000776 (kinetochore); GO:0007062 (sister chromatid cohesion)	GO:0000776 (kinetochore); GO:0000819 (sister chromatid segregation); GO:0007059 (chromosome segregation); GO:0007062 (sister chromatid cohesion)	R-HSA-2467813 (Separation of Sister Chromatids); R-HSA-2500257 (Resolution of Sister Chromatid Cohesion); R-HSA-68877 (Mitotic Prometaphase)	SMC5	no	NA	NA	NA	NA	NA	NA	no_constraint_data	0.062	1.000	gnomAD v2.1.1 (X/Y; v4.1 is autosomes only)
SMC2	2	3	GO,Reactome,STRING	16	yes	yes	0		GO:0000819 (sister chromatid segregation); GO:0007059 (chromosome segregation); GO:0051983 (regulation of chromosome segregation)	R-HSA-68877 (Mitotic Prometaphase)	SMC5	no	10592	NM_006444.3	0.408	0.294	1.000	0.97	constrained	NA	NA	gnomAD v4.1
SMC3	2	3	GO,Reactome,STRING	11	yes	yes	1	GO:0007062 (sister chromatid cohesion)	GO:0000819 (sister chromatid segregation); GO:0007059 (chromosome segregation); GO:0007062 (sister chromatid cohesion)	R-HSA-2467813 (Separation of Sister Chromatids); R-HSA-2500257 (Resolution of Sister Chromatid Cohesion); R-HSA-68877 (Mitotic Prometaphase)	SMC5	no	9126	NM_005445.4	0.132	0.076	1.000	7.63	highly_constrained	NA	NA	gnomAD v4.1
SMC4	2	3	GO,Reactome,STRING	21	yes	yes	0		GO:0000819 (sister chromatid segregation); GO:0007059 (chromosome segregation); GO:0051983 (regulation of chromosome segregation)	R-HSA-68877 (Mitotic Prometaphase)	SMC5	no	10051	NM_001002800.3	0.775	0.632	0.000	0.89	moderate	NA	NA	gnomAD v4.1
SPC24	2	3	GO,Reactome,STRING	20	yes	yes	3	GO:0000776 (kinetochore); GO:0007094 (mitotic spindle assembly checkpoint signaling); GO:0051983 (regulation of chromosome segregation)	GO:0000776 (kinetochore); GO:0000819 (sister chromatid segregation); GO:0007059 (chromosome segregation); GO:0007094 (mitotic spindle assembly checkpoint signaling); GO:0051983 (regulation of chromosome segregation)	R-HSA-141424 (Amplification of signal from the kinetochores); R-HSA-2467813 (Separation of Sister Chromatids); R-HSA-2500257 (Resolution of Sister Chromatid Cohesion); R-HSA-68877 (Mitotic Prometaphase); R-HSA-69618 (Mitotic Spindle Checkpoint)	BUB1	no	147841	NM_182513.4	1.844	1.407	0.000	-1.63	unconstrained	NA	NA	gnomAD v4.1
SPC25	2	3	GO,Reactome,STRING	42	yes	yes	3	GO:0000776 (kinetochore); GO:0007094 (mitotic spindle assembly checkpoint signaling); GO:0051983 (regulation of chromosome segregation)	GO:0000776 (kinetochore); GO:0000819 (sister chromatid segregation); GO:0007059 (chromosome segregation); GO:0007094 (mitotic spindle assembly checkpoint signaling); GO:0051983 (regulation of chromosome segregation)	R-HSA-141424 (Amplification of signal from the kinetochores); R-HSA-2467813 (Separation of Sister Chromatids); R-HSA-2500257 (Resolution of Sister Chromatid Cohesion); R-HSA-68877 (Mitotic Prometaphase); R-HSA-69618 (Mitotic Spindle Checkpoint)	BUB1	no	57405	NM_020675.4	1.153	0.759	0.000	0.37	unconstrained	NA	NA	gnomAD v4.1
SPDL1	2	3	GO,Reactome,STRING	37	yes	yes	1	GO:0000776 (kinetochore)	GO:0000776 (kinetochore); GO:0000819 (sister chromatid segregation); GO:0007059 (chromosome segregation); GO:0007094 (mitotic spindle assembly checkpoint signaling); GO:0051983 (regulation of chromosome segregation)	R-HSA-141424 (Amplification of signal from the kinetochores); R-HSA-2467813 (Separation of Sister Chromatids); R-HSA-2500257 (Resolution of Sister Chromatid Cohesion); R-HSA-68877 (Mitotic Prometaphase); R-HSA-69618 (Mitotic Spindle Checkpoint)	BUB1B	no	54908	NM_017785.5	1.263	1.034	0.000	0.34	unconstrained	NA	NA	gnomAD v4.1
STAG1	2	3	GO,Reactome,STRING	14	yes	yes	1	GO:0007062 (sister chromatid cohesion)	GO:0000819 (sister chromatid segregation); GO:0007059 (chromosome segregation); GO:0007062 (sister chromatid cohesion)	R-HSA-2467813 (Separation of Sister Chromatids); R-HSA-2500257 (Resolution of Sister Chromatid Cohesion); R-HSA-68877 (Mitotic Prometaphase)	SMC5	no	10274	NM_005862.3	0.159	0.085	1.000	4.17	highly_constrained	NA	NA	gnomAD v4.1
STAG2	2	3	GO,Reactome,STRING	21	yes	yes	1	GO:0007062 (sister chromatid cohesion)	GO:0000819 (sister chromatid segregation); GO:0007059 (chromosome segregation); GO:0007062 (sister chromatid cohesion)	R-HSA-2467813 (Separation of Sister Chromatids); R-HSA-2500257 (Resolution of Sister Chromatid Cohesion); R-HSA-68877 (Mitotic Prometaphase)	SMC5	no	NA	NA	NA	NA	NA	NA	no_constraint_data	0.090	1.000	gnomAD v2.1.1 (X/Y; v4.1 is autosomes only)
UBE2C	2	3	GO,Reactome,STRING	13	yes	yes	1	GO:0051983 (regulation of chromosome segregation)	GO:0000819 (sister chromatid segregation); GO:0007059 (chromosome segregation); GO:0051983 (regulation of chromosome segregation)	R-HSA-174184 (Cdh1:APC/C mediated degradation of Cdc20 and other targets); R-HSA-2467813 (Separation of Sister Chromatids); R-HSA-69618 (Mitotic Spindle Checkpoint)	BUB1,BUB1B,BUB3,TRIP13	no	11065	NM_007019.4	1.073	0.707	0.000	0.85	unconstrained	NA	NA	gnomAD v4.1
ZW10	2	3	GO,Reactome,STRING	33	yes	yes	3	GO:0000776 (kinetochore); GO:0007094 (mitotic spindle assembly checkpoint signaling); GO:0051983 (regulation of chromosome segregation)	GO:0000776 (kinetochore); GO:0000819 (sister chromatid segregation); GO:0007059 (chromosome segregation); GO:0007094 (mitotic spindle assembly checkpoint signaling); GO:0051983 (regulation of chromosome segregation)	R-HSA-141424 (Amplification of signal from the kinetochores); R-HSA-2467813 (Separation of Sister Chromatids); R-HSA-2500257 (Resolution of Sister Chromatid Cohesion); R-HSA-68877 (Mitotic Prometaphase); R-HSA-69618 (Mitotic Spindle Checkpoint)	BUB3	no	9183	NM_004724.4	0.730	0.574	0.000	1.54	moderate	NA	NA	gnomAD v4.1
ZWILCH	2	3	GO,Reactome,STRING	59	yes	yes	3	GO:0000776 (kinetochore); GO:0007094 (mitotic spindle assembly checkpoint signaling); GO:0051983 (regulation of chromosome segregation)	GO:0000776 (kinetochore); GO:0000819 (sister chromatid segregation); GO:0007059 (chromosome segregation); GO:0007094 (mitotic spindle assembly checkpoint signaling); GO:0051983 (regulation of chromosome segregation)	R-HSA-141424 (Amplification of signal from the kinetochores); R-HSA-2467813 (Separation of Sister Chromatids); R-HSA-2500257 (Resolution of Sister Chromatid Cohesion); R-HSA-68877 (Mitotic Prometaphase); R-HSA-69618 (Mitotic Spindle Checkpoint)	BUB1B,BUB3	no	55055	NM_017975.5	1.061	0.813	0.000	0.16	unconstrained	NA	NA	gnomAD v4.1
ZWINT	2	3	GO,Reactome,STRING	51	yes	yes	3	GO:0000776 (kinetochore); GO:0007094 (mitotic spindle assembly checkpoint signaling); GO:0051983 (regulation of chromosome segregation)	GO:0000776 (kinetochore); GO:0000819 (sister chromatid segregation); GO:0007059 (chromosome segregation); GO:0007094 (mitotic spindle assembly checkpoint signaling); GO:0051983 (regulation of chromosome segregation)	R-HSA-141424 (Amplification of signal from the kinetochores); R-HSA-2467813 (Separation of Sister Chromatids); R-HSA-2500257 (Resolution of Sister Chromatid Cohesion); R-HSA-68877 (Mitotic Prometaphase); R-HSA-69618 (Mitotic Spindle Checkpoint)	BUB1,BUB1B,BUB3,TRIP13	no	11130	NM_007057.4	1.248	0.961	0.000	-0.59	unconstrained	NA	NA	gnomAD v4.1
AHCTF1	3	2	GO,Reactome	6	yes	yes	1	GO:0000776 (kinetochore)	GO:0000776 (kinetochore)	R-HSA-141424 (Amplification of signal from the kinetochores); R-HSA-2467813 (Separation of Sister Chromatids); R-HSA-2500257 (Resolution of Sister Chromatid Cohesion); R-HSA-68877 (Mitotic Prometaphase); R-HSA-69618 (Mitotic Spindle Checkpoint)		no	25909	NM_001323342.2	0.142	0.098	1.000	2.73	highly_constrained	NA	NA	gnomAD v4.1
AKAP9	3	2	Reactome,STRING	4	yes	yes	0			R-HSA-380259 (Loss of Nlp from mitotic centrosomes); R-HSA-380270 (Recruitment of mitotic centrosome proteins and complexes); R-HSA-68877 (Mitotic Prometaphase)	CEP192	no	10142	NM_005751.5	0.662	0.596	0.000	2.05	moderate	NA	NA	gnomAD v4.1
ALMS1	3	2	GO,Reactome	4	yes	yes	0		GO:0007098 (centrosome cycle)	R-HSA-380259 (Loss of Nlp from mitotic centrosomes); R-HSA-380270 (Recruitment of mitotic centrosome proteins and complexes); R-HSA-68877 (Mitotic Prometaphase)		no	7840	NM_001378454.1	0.825	0.745	0.000	-1.69	moderate	NA	NA	gnomAD v4.1
ANAPC10	3	2	Reactome,STRING	5	yes	yes	0			R-HSA-174184 (Cdh1:APC/C mediated degradation of Cdc20 and other targets); R-HSA-2467813 (Separation of Sister Chromatids); R-HSA-69618 (Mitotic Spindle Checkpoint)	BUB1B,BUB3	no	10393	NM_001256706.2	0.863	0.334	0.516	0.73	moderate	NA	NA	gnomAD v4.1
ATRX	3	2	GO,STRING	2	yes	yes	1	GO:0007062 (sister chromatid cohesion)	GO:0007062 (sister chromatid cohesion)		SMC5	no	NA	NA	NA	NA	NA	NA	no_constraint_data	0.119	1.000	gnomAD v2.1.1 (X/Y; v4.1 is autosomes only)
AURKA	3	2	GO,STRING	13	yes	yes	1	GO:0007098 (centrosome cycle)	GO:0000776 (kinetochore); GO:0007098 (centrosome cycle)		BUB1,CEP192,TRIP13	no	6790	NM_198437.3	0.528	0.348	0.933	2.78	constrained	NA	NA	gnomAD v4.1
BRCA1	3	2	GO,STRING	3	yes	yes	1	GO:0007098 (centrosome cycle)	GO:0007059 (chromosome segregation); GO:0007098 (centrosome cycle)		SMC5	no	672	NM_007294.4	0.885	0.766	0.000	2.34	moderate	NA	NA	gnomAD v4.1
BRCA2	3	2	GO,STRING	2	yes	yes	1	GO:0007098 (centrosome cycle)	GO:0007098 (centrosome cycle)		BUB1B	no	675	NM_000059.4	0.803	0.711	0.000	1.02	moderate	NA	NA	gnomAD v4.1
CCNA2	3	2	Reactome,STRING	5	yes	yes	0			R-HSA-174184 (Cdh1:APC/C mediated degradation of Cdc20 and other targets)	BUB1,BUB1B,BUB3,TRIP13	no	890	NM_001237.5	0.183	0.071	1.000	2.52	highly_constrained	NA	NA	gnomAD v4.1
CCNB2	3	2	Reactome,STRING	6	yes	yes	0			R-HSA-2500257 (Resolution of Sister Chromatid Cohesion); R-HSA-68877 (Mitotic Prometaphase)	BUB1,BUB1B,BUB3,TRIP13	no	9133	NM_004701.4	1.013	0.764	0.000	0.19	unconstrained	NA	NA	gnomAD v4.1
CCP110	3	2	GO,Reactome	24	yes	yes	1	GO:0007098 (centrosome cycle)	GO:0007098 (centrosome cycle)	R-HSA-380259 (Loss of Nlp from mitotic centrosomes); R-HSA-380270 (Recruitment of mitotic centrosome proteins and complexes); R-HSA-68877 (Mitotic Prometaphase)		no	9738	XM_017023908.1	0.372	0.225	1.000	1.82	constrained	NA	NA	gnomAD v4.1
CDC26	3	2	Reactome,STRING	5	yes	yes	0			R-HSA-174184 (Cdh1:APC/C mediated degradation of Cdc20 and other targets); R-HSA-2467813 (Separation of Sister Chromatids); R-HSA-69618 (Mitotic Spindle Checkpoint)	BUB1B,BUB3	no	246184	NM_139286.4	1.640	0.413	0.294	0.39	unconstrained	NA	NA	gnomAD v4.1
CDK11B	3	2	GO,Reactome	2	yes	yes	1	GO:0007062 (sister chromatid cohesion)	GO:0007062 (sister chromatid cohesion)	R-HSA-380270 (Recruitment of mitotic centrosome proteins and complexes)		no	984	NM_033486.3	0.902	0.658	0.000	2.50	moderate	NA	NA	gnomAD v4.1
CENPH	3	2	GO,Reactome	22	yes	yes	1	GO:0000776 (kinetochore)	GO:0000776 (kinetochore); GO:0007059 (chromosome segregation)	R-HSA-141424 (Amplification of signal from the kinetochores); R-HSA-2467813 (Separation of Sister Chromatids); R-HSA-2500257 (Resolution of Sister Chromatid Cohesion); R-HSA-68877 (Mitotic Prometaphase); R-HSA-69618 (Mitotic Spindle Checkpoint)		no	64946	NM_022909.4	1.944	1.760	0.007	-1.55	unconstrained	NA	NA	gnomAD v4.1
CENPK	3	2	GO,Reactome	7	yes	yes	1	GO:0000776 (kinetochore)	GO:0000776 (kinetochore); GO:0007059 (chromosome segregation)	R-HSA-141424 (Amplification of signal from the kinetochores); R-HSA-2467813 (Separation of Sister Chromatids); R-HSA-2500257 (Resolution of Sister Chromatid Cohesion); R-HSA-68877 (Mitotic Prometaphase); R-HSA-69618 (Mitotic Spindle Checkpoint)		no	64105	NM_022145.5	1.643	0.938	0.001	-0.08	unconstrained	NA	NA	gnomAD v4.1
CENPL	3	2	GO,Reactome	7	yes	yes	1	GO:0000776 (kinetochore)	GO:0000776 (kinetochore); GO:0007059 (chromosome segregation)	R-HSA-141424 (Amplification of signal from the kinetochores); R-HSA-2467813 (Separation of Sister Chromatids); R-HSA-2500257 (Resolution of Sister Chromatid Cohesion); R-HSA-68877 (Mitotic Prometaphase); R-HSA-69618 (Mitotic Spindle Checkpoint)		no	91687	NM_001387287.1	0.739	0.456	0.092	1.07	moderate	NA	NA	gnomAD v4.1
CENPM	3	2	GO,Reactome	7	yes	yes	1	GO:0000776 (kinetochore)	GO:0000776 (kinetochore); GO:0007059 (chromosome segregation)	R-HSA-141424 (Amplification of signal from the kinetochores); R-HSA-2467813 (Separation of Sister Chromatids); R-HSA-2500257 (Resolution of Sister Chromatid Cohesion); R-HSA-68877 (Mitotic Prometaphase); R-HSA-69618 (Mitotic Spindle Checkpoint)		no	79019	NM_024053.5	1.038	0.664	0.001	0.07	unconstrained	NA	NA	gnomAD v4.1
CENPN	3	2	GO,Reactome	13	yes	yes	1	GO:0000776 (kinetochore)	GO:0000776 (kinetochore); GO:0007059 (chromosome segregation)	R-HSA-141424 (Amplification of signal from the kinetochores); R-HSA-2467813 (Separation of Sister Chromatids); R-HSA-2500257 (Resolution of Sister Chromatid Cohesion); R-HSA-68877 (Mitotic Prometaphase); R-HSA-69618 (Mitotic Spindle Checkpoint)		no	55839	NM_001100624.3	1.257	0.873	0.000	-0.15	unconstrained	NA	NA	gnomAD v4.1
CENPO	3	2	GO,Reactome	9	yes	yes	1	GO:0000776 (kinetochore)	GO:0000776 (kinetochore); GO:0007059 (chromosome segregation)	R-HSA-141424 (Amplification of signal from the kinetochores); R-HSA-2467813 (Separation of Sister Chromatids); R-HSA-2500257 (Resolution of Sister Chromatid Cohesion); R-HSA-68877 (Mitotic Prometaphase); R-HSA-69618 (Mitotic Spindle Checkpoint)		no	79172	NM_001322101.2	1.138	0.820	0.000	0.39	unconstrained	NA	NA	gnomAD v4.1
CENPP	3	2	GO,Reactome	7	yes	yes	1	GO:0000776 (kinetochore)	GO:0000776 (kinetochore); GO:0007059 (chromosome segregation)	R-HSA-141424 (Amplification of signal from the kinetochores); R-HSA-2467813 (Separation of Sister Chromatids); R-HSA-2500257 (Resolution of Sister Chromatid Cohesion); R-HSA-68877 (Mitotic Prometaphase); R-HSA-69618 (Mitotic Spindle Checkpoint)		no	401541	NM_001012267.3	1.272	0.800	0.000	-0.19	unconstrained	NA	NA	gnomAD v4.1
CENPQ	3	2	GO,Reactome	10	yes	yes	1	GO:0000776 (kinetochore)	GO:0000776 (kinetochore); GO:0007059 (chromosome segregation)	R-HSA-141424 (Amplification of signal from the kinetochores); R-HSA-2467813 (Separation of Sister Chromatids); R-HSA-2500257 (Resolution of Sister Chromatid Cohesion); R-HSA-68877 (Mitotic Prometaphase); R-HSA-69618 (Mitotic Spindle Checkpoint)		no	55166	NM_018132.4	1.040	0.576	0.025	0.41	unconstrained	NA	NA	gnomAD v4.1
CENPT	3	2	GO,Reactome	21	yes	yes	1	GO:0000776 (kinetochore)	GO:0000776 (kinetochore); GO:0007059 (chromosome segregation)	R-HSA-141424 (Amplification of signal from the kinetochores); R-HSA-2467813 (Separation of Sister Chromatids); R-HSA-2500257 (Resolution of Sister Chromatid Cohesion); R-HSA-68877 (Mitotic Prometaphase); R-HSA-69618 (Mitotic Spindle Checkpoint)		no	80152	NM_025082.4	0.917	0.709	0.000	0.10	moderate	NA	NA	gnomAD v4.1
CENPU	3	2	GO,Reactome	7	yes	yes	1	GO:0000776 (kinetochore)	GO:0000776 (kinetochore); GO:0007059 (chromosome segregation)	R-HSA-141424 (Amplification of signal from the kinetochores); R-HSA-2467813 (Separation of Sister Chromatids); R-HSA-2500257 (Resolution of Sister Chromatid Cohesion); R-HSA-68877 (Mitotic Prometaphase); R-HSA-69618 (Mitotic Spindle Checkpoint)		no	79682	NM_024629.4	1.207	0.830	0.000	-0.09	unconstrained	NA	NA	gnomAD v4.1
CEP120	3	2	GO,STRING	17	yes	yes	1	GO:0007098 (centrosome cycle)	GO:0007098 (centrosome cycle)		CEP192	no	153241	NM_001375405.1	0.930	0.762	0.000	-0.44	moderate	NA	NA	gnomAD v4.1
CEP131	3	2	GO,Reactome	4	yes	yes	1	GO:0007098 (centrosome cycle)	GO:0007098 (centrosome cycle)	R-HSA-380259 (Loss of Nlp from mitotic centrosomes); R-HSA-380270 (Recruitment of mitotic centrosome proteins and complexes); R-HSA-68877 (Mitotic Prometaphase)		no	22994	NM_014984.4	1.031	0.871	0.000	-0.88	unconstrained	NA	NA	gnomAD v4.1
CEP250	3	2	GO,Reactome	9	yes	yes	1	GO:0007098 (centrosome cycle)	GO:0007098 (centrosome cycle)	R-HSA-380259 (Loss of Nlp from mitotic centrosomes); R-HSA-380270 (Recruitment of mitotic centrosome proteins and complexes); R-HSA-68877 (Mitotic Prometaphase)		no	11190	NM_007186.6	0.860	0.772	0.000	2.78	moderate	NA	NA	gnomAD v4.1
CEP295	3	2	GO,STRING	5	yes	yes	1	GO:0007098 (centrosome cycle)	GO:0007098 (centrosome cycle)		CEP192	no	85459	NM_033395.2	0.735	0.641	0.000	1.12	moderate	NA	NA	gnomAD v4.1
CEP55	3	2	GO,STRING	4	yes	yes	0		GO:0000819 (sister chromatid segregation); GO:0007059 (chromosome segregation)		BUB1,TRIP13	no	55165	NM_018131.5	1.138	0.899	0.000	1.25	unconstrained	NA	NA	gnomAD v4.1
CEP72	3	2	GO,Reactome	5	yes	yes	1	GO:0007098 (centrosome cycle)	GO:0007098 (centrosome cycle)	R-HSA-380259 (Loss of Nlp from mitotic centrosomes); R-HSA-380270 (Recruitment of mitotic centrosome proteins and complexes); R-HSA-68877 (Mitotic Prometaphase)		no	55722	NM_018140.4	1.409	1.158	0.000	-0.68	unconstrained	NA	NA	gnomAD v4.1
CEP76	3	2	GO,Reactome	5	yes	yes	1	GO:0007098 (centrosome cycle)	GO:0007098 (centrosome cycle)	R-HSA-380259 (Loss of Nlp from mitotic centrosomes); R-HSA-380270 (Recruitment of mitotic centrosome proteins and complexes); R-HSA-68877 (Mitotic Prometaphase)		no	79959	NM_024899.4	0.716	0.519	0.000	1.66	moderate	NA	NA	gnomAD v4.1
CEP85	3	2	GO,STRING	3	yes	yes	1	GO:0007098 (centrosome cycle)	GO:0007098 (centrosome cycle)		CEP192	no	64793	NM_001319944.2	0.784	0.619	0.000	0.95	moderate	NA	NA	gnomAD v4.1
CETN2	3	2	GO,Reactome	5	yes	yes	1	GO:0007098 (centrosome cycle)	GO:0007098 (centrosome cycle)	R-HSA-380259 (Loss of Nlp from mitotic centrosomes); R-HSA-380270 (Recruitment of mitotic centrosome proteins and complexes); R-HSA-68877 (Mitotic Prometaphase)		no	NA	NA	NA	NA	NA	NA	no_constraint_data	0.779	0.503	gnomAD v2.1.1 (X/Y; v4.1 is autosomes only)
CHEK1	3	2	GO,STRING	2	yes	yes	1	GO:0007098 (centrosome cycle)	GO:0007098 (centrosome cycle)		BUB1	no	1111	NM_001114122.3	0.831	0.591	0.000	2.08	moderate	NA	NA	gnomAD v4.1
CHEK2	3	2	GO,STRING	3	yes	yes	0		GO:0000819 (sister chromatid segregation); GO:0007059 (chromosome segregation)		SMC5	no	11200	NM_007194.4	1.399	1.067	0.000	-0.02	unconstrained	NA	NA	gnomAD v4.1
CLASP1	3	2	GO,Reactome	13	yes	yes	1	GO:0000776 (kinetochore)	GO:0000776 (kinetochore); GO:0000819 (sister chromatid segregation); GO:0007059 (chromosome segregation)	R-HSA-141424 (Amplification of signal from the kinetochores); R-HSA-2467813 (Separation of Sister Chromatids); R-HSA-2500257 (Resolution of Sister Chromatid Cohesion); R-HSA-380259 (Loss of Nlp from mitotic centrosomes); R-HSA-380270 (Recruitment of mitotic centrosome proteins and complexes); R-HSA-68877 (Mitotic Prometaphase); R-HSA-69618 (Mitotic Spindle Checkpoint)		no	ENSG00000074054	ENST00000263710	0.237	0.163	1.000	3.48	highly_constrained	NA	NA	gnomAD v4.1
CLASP2	3	2	GO,Reactome	8	yes	yes	1	GO:0000776 (kinetochore)	GO:0000776 (kinetochore); GO:0000819 (sister chromatid segregation); GO:0007059 (chromosome segregation)	R-HSA-141424 (Amplification of signal from the kinetochores); R-HSA-2467813 (Separation of Sister Chromatids); R-HSA-2500257 (Resolution of Sister Chromatid Cohesion); R-HSA-68877 (Mitotic Prometaphase); R-HSA-69618 (Mitotic Spindle Checkpoint)		no	23122	NM_001365631.1	0.365	0.261	1.000	2.54	constrained	NA	NA	gnomAD v4.1
CSNK1D	3	2	GO,Reactome	5	yes	yes	0		GO:0007059 (chromosome segregation)	R-HSA-380259 (Loss of Nlp from mitotic centrosomes); R-HSA-380270 (Recruitment of mitotic centrosome proteins and complexes); R-HSA-68877 (Mitotic Prometaphase)		no	1453	NM_001893.6	0.512	0.333	0.968	2.66	constrained	NA	NA	gnomAD v4.1
CSNK2A1	3	2	GO,Reactome	3	yes	yes	1	GO:0051983 (regulation of chromosome segregation)	GO:0007059 (chromosome segregation); GO:0051983 (regulation of chromosome segregation)	R-HSA-68877 (Mitotic Prometaphase)		no	1457	NM_177559.3	0.274	0.152	1.000	5.33	highly_constrained	NA	NA	gnomAD v4.1
CSNK2A2	3	2	GO,Reactome	5	yes	yes	1	GO:0051983 (regulation of chromosome segregation)	GO:0007059 (chromosome segregation); GO:0051983 (regulation of chromosome segregation)	R-HSA-68877 (Mitotic Prometaphase)		no	1459	NM_001896.4	0.424	0.215	0.997	3.06	constrained	NA	NA	gnomAD v4.1
DCTN1	3	2	GO,Reactome	7	yes	yes	2	GO:0000776 (kinetochore); GO:0007098 (centrosome cycle)	GO:0000776 (kinetochore); GO:0007098 (centrosome cycle)	R-HSA-380259 (Loss of Nlp from mitotic centrosomes); R-HSA-380270 (Recruitment of mitotic centrosome proteins and complexes); R-HSA-68877 (Mitotic Prometaphase)		no	1639	NM_004082.5	0.448	0.362	1.000	2.50	constrained	NA	NA	gnomAD v4.1
DCTN2	3	2	GO,Reactome	6	yes	yes	1	GO:0000776 (kinetochore)	GO:0000776 (kinetochore); GO:0000819 (sister chromatid segregation); GO:0007059 (chromosome segregation)	R-HSA-380259 (Loss of Nlp from mitotic centrosomes); R-HSA-380270 (Recruitment of mitotic centrosome proteins and complexes); R-HSA-68877 (Mitotic Prometaphase)		no	10540	NM_001261413.2	0.540	0.364	0.870	1.44	constrained	NA	NA	gnomAD v4.1
DDB1	3	2	GO,STRING	2	yes	yes	0		GO:0007059 (chromosome segregation)		SMC5	no	1642	NM_001923.5	0.195	0.132	1.000	6.46	highly_constrained	NA	NA	gnomAD v4.1
DLGAP5	3	2	GO,STRING	9	yes	yes	1	GO:0051983 (regulation of chromosome segregation)	GO:0000819 (sister chromatid segregation); GO:0007059 (chromosome segregation); GO:0051983 (regulation of chromosome segregation)		BUB1,BUB1B,TRIP13	no	9787	NM_014750.5	1.112	0.915	0.000	-0.20	unconstrained	NA	NA	gnomAD v4.1
DMC1	3	2	GO,STRING	11	yes	yes	0		GO:0007059 (chromosome segregation)		TRIP13	no	11144	NM_007068.4	0.990	0.675	0.000	2.27	moderate	NA	NA	gnomAD v4.1
DYNC1H1	3	2	GO,Reactome	14	yes	yes	2	GO:0007094 (mitotic spindle assembly checkpoint signaling); GO:0051983 (regulation of chromosome segregation)	GO:0000776 (kinetochore); GO:0000819 (sister chromatid segregation); GO:0007059 (chromosome segregation); GO:0007094 (mitotic spindle assembly checkpoint signaling); GO:0051983 (regulation of chromosome segregation)	R-HSA-141424 (Amplification of signal from the kinetochores); R-HSA-2467813 (Separation of Sister Chromatids); R-HSA-2500257 (Resolution of Sister Chromatid Cohesion); R-HSA-380259 (Loss of Nlp from mitotic centrosomes); R-HSA-380270 (Recruitment of mitotic centrosome proteins and complexes); R-HSA-68877 (Mitotic Prometaphase); R-HSA-69618 (Mitotic Spindle Checkpoint)		no	1778	NM_001376.5	0.117	0.093	1.000	16.08	highly_constrained	NA	NA	gnomAD v4.1
DYNC1I1	3	2	GO,Reactome	10	yes	yes	3	GO:0000776 (kinetochore); GO:0007094 (mitotic spindle assembly checkpoint signaling); GO:0051983 (regulation of chromosome segregation)	GO:0000776 (kinetochore); GO:0000819 (sister chromatid segregation); GO:0007059 (chromosome segregation); GO:0007094 (mitotic spindle assembly checkpoint signaling); GO:0051983 (regulation of chromosome segregation)	R-HSA-141424 (Amplification of signal from the kinetochores); R-HSA-2467813 (Separation of Sister Chromatids); R-HSA-2500257 (Resolution of Sister Chromatid Cohesion); R-HSA-68877 (Mitotic Prometaphase); R-HSA-69618 (Mitotic Spindle Checkpoint)		no	1780	NM_001135556.2	0.647	0.498	0.000	2.66	moderate	NA	NA	gnomAD v4.1
DYNC1I2	3	2	GO,Reactome	11	yes	yes	2	GO:0007094 (mitotic spindle assembly checkpoint signaling); GO:0051983 (regulation of chromosome segregation)	GO:0000819 (sister chromatid segregation); GO:0007059 (chromosome segregation); GO:0007094 (mitotic spindle assembly checkpoint signaling); GO:0051983 (regulation of chromosome segregation)	R-HSA-141424 (Amplification of signal from the kinetochores); R-HSA-2467813 (Separation of Sister Chromatids); R-HSA-2500257 (Resolution of Sister Chromatid Cohesion); R-HSA-380259 (Loss of Nlp from mitotic centrosomes); R-HSA-380270 (Recruitment of mitotic centrosome proteins and complexes); R-HSA-68877 (Mitotic Prometaphase); R-HSA-69618 (Mitotic Spindle Checkpoint)		no	1781	NM_001378.3	0.840	0.641	0.000	3.36	moderate	NA	NA	gnomAD v4.1
DYNC1LI1	3	2	GO,Reactome	15	yes	yes	3	GO:0000776 (kinetochore); GO:0007094 (mitotic spindle assembly checkpoint signaling); GO:0051983 (regulation of chromosome segregation)	GO:0000776 (kinetochore); GO:0000819 (sister chromatid segregation); GO:0007059 (chromosome segregation); GO:0007094 (mitotic spindle assembly checkpoint signaling); GO:0051983 (regulation of chromosome segregation)	R-HSA-141424 (Amplification of signal from the kinetochores); R-HSA-2467813 (Separation of Sister Chromatids); R-HSA-2500257 (Resolution of Sister Chromatid Cohesion); R-HSA-68877 (Mitotic Prometaphase); R-HSA-69618 (Mitotic Spindle Checkpoint)		no	51143	NM_016141.4	0.502	0.303	0.981	0.67	constrained	NA	NA	gnomAD v4.1
DYNC1LI2	3	2	GO,Reactome	7	yes	yes	0		GO:0000776 (kinetochore)	R-HSA-141424 (Amplification of signal from the kinetochores); R-HSA-2467813 (Separation of Sister Chromatids); R-HSA-2500257 (Resolution of Sister Chromatid Cohesion); R-HSA-68877 (Mitotic Prometaphase); R-HSA-69618 (Mitotic Spindle Checkpoint)		no	1783	NM_006141.3	0.474	0.323	0.995	2.28	constrained	NA	NA	gnomAD v4.1
DYNLL1	3	2	GO,Reactome	12	yes	yes	3	GO:0000776 (kinetochore); GO:0007094 (mitotic spindle assembly checkpoint signaling); GO:0051983 (regulation of chromosome segregation)	GO:0000776 (kinetochore); GO:0000819 (sister chromatid segregation); GO:0007059 (chromosome segregation); GO:0007094 (mitotic spindle assembly checkpoint signaling); GO:0051983 (regulation of chromosome segregation)	R-HSA-141424 (Amplification of signal from the kinetochores); R-HSA-2467813 (Separation of Sister Chromatids); R-HSA-2500257 (Resolution of Sister Chromatid Cohesion); R-HSA-380259 (Loss of Nlp from mitotic centrosomes); R-HSA-380270 (Recruitment of mitotic centrosome proteins and complexes); R-HSA-68877 (Mitotic Prometaphase); R-HSA-69618 (Mitotic Spindle Checkpoint)		no	8655	NM_003746.3	0.744	0.288	0.689	2.32	moderate	NA	NA	gnomAD v4.1
DYNLL2	3	2	GO,Reactome	9	yes	yes	2	GO:0007094 (mitotic spindle assembly checkpoint signaling); GO:0051983 (regulation of chromosome segregation)	GO:0000819 (sister chromatid segregation); GO:0007059 (chromosome segregation); GO:0007094 (mitotic spindle assembly checkpoint signaling); GO:0051983 (regulation of chromosome segregation)	R-HSA-141424 (Amplification of signal from the kinetochores); R-HSA-2467813 (Separation of Sister Chromatids); R-HSA-2500257 (Resolution of Sister Chromatid Cohesion); R-HSA-68877 (Mitotic Prometaphase); R-HSA-69618 (Mitotic Spindle Checkpoint)		no	140735	NM_080677.3	0.462	0.097	0.960	2.81	constrained	NA	NA	gnomAD v4.1
DYNLT3	3	2	GO,STRING	7	yes	yes	3	GO:0000776 (kinetochore); GO:0007094 (mitotic spindle assembly checkpoint signaling); GO:0051983 (regulation of chromosome segregation)	GO:0000776 (kinetochore); GO:0000819 (sister chromatid segregation); GO:0007059 (chromosome segregation); GO:0007094 (mitotic spindle assembly checkpoint signaling); GO:0051983 (regulation of chromosome segregation)		BUB3	no	NA	NA	NA	NA	NA	NA	no_constraint_data	0.715	0.719	gnomAD v2.1.1 (X/Y; v4.1 is autosomes only)
ECT2	3	2	GO,STRING	2	yes	yes	0		GO:0007059 (chromosome segregation)		BUB1	no	1894	NM_001258315.2	0.664	0.501	0.000	1.90	moderate	NA	NA	gnomAD v4.1
EML4	3	2	GO,Reactome	32	yes	yes	0		GO:0000819 (sister chromatid segregation); GO:0007059 (chromosome segregation)	R-HSA-68877 (Mitotic Prometaphase)		no	27436	NM_019063.5	0.680	0.535	0.000	-1.33	moderate	NA	NA	gnomAD v4.1
ESCO1	3	2	GO,STRING	3	yes	yes	1	GO:0007062 (sister chromatid cohesion)	GO:0007062 (sister chromatid cohesion)		SMC5	no	114799	NM_052911.3	0.511	0.371	0.925	1.75	constrained	NA	NA	gnomAD v4.1
FIRRM	3	2	GO,Reactome	4	yes	yes	1	GO:0000776 (kinetochore)	GO:0000776 (kinetochore); GO:0007059 (chromosome segregation)	R-HSA-2500257 (Resolution of Sister Chromatid Cohesion); R-HSA-68877 (Mitotic Prometaphase)		no	NA	NA	NA	NA	NA	NA	no_constraint_data	NA	NA	none
HASPIN	3	2	GO,STRING	6	yes	yes	3	GO:0007062 (sister chromatid cohesion); GO:0007094 (mitotic spindle assembly checkpoint signaling); GO:0051983 (regulation of chromosome segregation)	GO:0000819 (sister chromatid segregation); GO:0007059 (chromosome segregation); GO:0007062 (sister chromatid cohesion); GO:0007094 (mitotic spindle assembly checkpoint signaling); GO:0051983 (regulation of chromosome segregation)		BUB1	no	83903	NM_031965.2	1.067	0.774	0.000	0.10	unconstrained	NA	NA	gnomAD v4.1
HAUS1	3	2	GO,Reactome	30	yes	yes	1	GO:0007098 (centrosome cycle)	GO:0007059 (chromosome segregation); GO:0007098 (centrosome cycle)	R-HSA-380259 (Loss of Nlp from mitotic centrosomes); R-HSA-380270 (Recruitment of mitotic centrosome proteins and complexes); R-HSA-68877 (Mitotic Prometaphase)		no	115106	NM_138443.4	1.221	0.768	0.000	0.10	unconstrained	NA	NA	gnomAD v4.1
HAUS2	3	2	GO,Reactome	25	yes	yes	1	GO:0007098 (centrosome cycle)	GO:0007059 (chromosome segregation); GO:0007098 (centrosome cycle)	R-HSA-380259 (Loss of Nlp from mitotic centrosomes); R-HSA-380270 (Recruitment of mitotic centrosome proteins and complexes); R-HSA-68877 (Mitotic Prometaphase)		no	55142	NM_018097.3	1.858	0.000	0.326	-1.40	unconstrained	NA	NA	gnomAD v4.1
HAUS3	3	2	GO,Reactome	10	yes	yes	1	GO:0007098 (centrosome cycle)	GO:0007059 (chromosome segregation); GO:0007098 (centrosome cycle)	R-HSA-380259 (Loss of Nlp from mitotic centrosomes); R-HSA-380270 (Recruitment of mitotic centrosome proteins and complexes); R-HSA-68877 (Mitotic Prometaphase)		no	79441	NM_001303143.2	0.773	0.550	0.000	-0.72	moderate	NA	NA	gnomAD v4.1
HAUS4	3	2	GO,Reactome	38	yes	yes	1	GO:0007098 (centrosome cycle)	GO:0007059 (chromosome segregation); GO:0007098 (centrosome cycle)	R-HSA-380259 (Loss of Nlp from mitotic centrosomes); R-HSA-380270 (Recruitment of mitotic centrosome proteins and complexes); R-HSA-68877 (Mitotic Prometaphase)		no	54930	NM_001166269.2	0.890	0.642	0.000	1.27	moderate	NA	NA	gnomAD v4.1
HAUS5	3	2	GO,Reactome	29	yes	yes	1	GO:0007098 (centrosome cycle)	GO:0007059 (chromosome segregation); GO:0007098 (centrosome cycle)	R-HSA-380259 (Loss of Nlp from mitotic centrosomes); R-HSA-380270 (Recruitment of mitotic centrosome proteins and complexes); R-HSA-68877 (Mitotic Prometaphase)		no	23354	NM_015302.2	0.860	0.700	0.000	1.06	moderate	NA	NA	gnomAD v4.1
HAUS7	3	2	GO,Reactome	9	yes	yes	1	GO:0007098 (centrosome cycle)	GO:0007059 (chromosome segregation); GO:0007098 (centrosome cycle)	R-HSA-380259 (Loss of Nlp from mitotic centrosomes); R-HSA-380270 (Recruitment of mitotic centrosome proteins and complexes); R-HSA-68877 (Mitotic Prometaphase)		no	NA	NA	NA	NA	NA	NA	no_constraint_data	0.220	0.989	gnomAD v2.1.1 (X/Y; v4.1 is autosomes only)
HAUS8	3	2	GO,Reactome	10	yes	yes	1	GO:0007098 (centrosome cycle)	GO:0007059 (chromosome segregation); GO:0007098 (centrosome cycle)	R-HSA-380259 (Loss of Nlp from mitotic centrosomes); R-HSA-380270 (Recruitment of mitotic centrosome proteins and complexes); R-HSA-68877 (Mitotic Prometaphase)		no	93323	NM_033417.2	1.140	0.860	0.000	0.58	unconstrained	NA	NA	gnomAD v4.1
HDAC8	3	2	GO,Reactome	4	yes	yes	1	GO:0007062 (sister chromatid cohesion)	GO:0007062 (sister chromatid cohesion)	R-HSA-2467813 (Separation of Sister Chromatids); R-HSA-2500257 (Resolution of Sister Chromatid Cohesion); R-HSA-68877 (Mitotic Prometaphase)		no	NA	NA	NA	NA	NA	NA	no_constraint_data	0.297	0.977	gnomAD v2.1.1 (X/Y; v4.1 is autosomes only)
HJURP	3	2	GO,STRING	5	yes	yes	1	GO:0000776 (kinetochore)	GO:0000776 (kinetochore); GO:0007059 (chromosome segregation)		BUB1,TRIP13	no	55355	NM_018410.5	0.805	0.609	0.000	0.93	moderate	NA	NA	gnomAD v4.1
HORMAD1	3	2	GO,STRING	10	yes	yes	0		GO:0007059 (chromosome segregation); GO:0007062 (sister chromatid cohesion); GO:0051983 (regulation of chromosome segregation)		TRIP13	no	84072	NM_032132.5	0.747	0.237	0.734	0.57	moderate	NA	NA	gnomAD v4.1
HORMAD2	3	2	GO,STRING	4	yes	yes	0		GO:0007059 (chromosome segregation); GO:0007062 (sister chromatid cohesion)		TRIP13	no	150280	NM_152510.4	1.524	0.993	0.000	0.66	unconstrained	NA	NA	gnomAD v4.1
ITGB3BP	3	2	GO,Reactome	7	yes	yes	1	GO:0000776 (kinetochore)	GO:0000776 (kinetochore); GO:0007059 (chromosome segregation)	R-HSA-141424 (Amplification of signal from the kinetochores); R-HSA-2467813 (Separation of Sister Chromatids); R-HSA-2500257 (Resolution of Sister Chromatid Cohesion); R-HSA-68877 (Mitotic Prometaphase); R-HSA-69618 (Mitotic Spindle Checkpoint)		no	23421	NM_014288.5	1.883	1.032	0.080	-0.45	unconstrained	NA	NA	gnomAD v4.1
KIF11	3	2	GO,STRING	17	yes	yes	1	GO:0007098 (centrosome cycle)	GO:0000819 (sister chromatid segregation); GO:0007059 (chromosome segregation); GO:0007098 (centrosome cycle)		BUB1,BUB1B,TRIP13	no	3832	NM_004523.4	0.184	0.071	1.000	2.72	highly_constrained	NA	NA	gnomAD v4.1
KIF14	3	2	GO,STRING	3	yes	yes	0		GO:0000819 (sister chromatid segregation); GO:0007059 (chromosome segregation)		TRIP13	no	9928	NM_014875.3	0.650	0.512	0.000	1.61	moderate	NA	NA	gnomAD v4.1
KIF15	3	2	GO,STRING	4	yes	yes	0		GO:0000819 (sister chromatid segregation); GO:0007059 (chromosome segregation); GO:0007098 (centrosome cycle)		BUB1	no	56992	NM_020242.3	0.891	0.754	0.000	2.32	moderate	NA	NA	gnomAD v4.1
KIF18A	3	2	GO,Reactome	10	yes	yes	0		GO:0000776 (kinetochore); GO:0000819 (sister chromatid segregation); GO:0007059 (chromosome segregation)	R-HSA-141424 (Amplification of signal from the kinetochores); R-HSA-2467813 (Separation of Sister Chromatids); R-HSA-2500257 (Resolution of Sister Chromatid Cohesion); R-HSA-68877 (Mitotic Prometaphase); R-HSA-69618 (Mitotic Spindle Checkpoint)		no	81930	NM_031217.4	0.728	0.518	0.001	0.69	moderate	NA	NA	gnomAD v4.1
KIF23	3	2	GO,STRING	8	yes	yes	0		GO:0000819 (sister chromatid segregation); GO:0007059 (chromosome segregation)		BUB1,TRIP13	no	9493	NM_001367805.3	0.279	0.192	1.000	3.28	highly_constrained	NA	NA	gnomAD v4.1
KIF2A	3	2	GO,Reactome	39	yes	yes	0		GO:0000819 (sister chromatid segregation); GO:0007059 (chromosome segregation)	R-HSA-141424 (Amplification of signal from the kinetochores); R-HSA-2467813 (Separation of Sister Chromatids); R-HSA-2500257 (Resolution of Sister Chromatid Cohesion); R-HSA-68877 (Mitotic Prometaphase); R-HSA-69618 (Mitotic Spindle Checkpoint)		no	3796	NM_001098511.3	0.617	0.342	0.761	2.60	moderate	NA	NA	gnomAD v4.1
KIF2B	3	2	GO,Reactome	8	yes	yes	1	GO:0051983 (regulation of chromosome segregation)	GO:0007059 (chromosome segregation); GO:0051983 (regulation of chromosome segregation)	R-HSA-141424 (Amplification of signal from the kinetochores); R-HSA-2467813 (Separation of Sister Chromatids); R-HSA-2500257 (Resolution of Sister Chromatid Cohesion); R-HSA-68877 (Mitotic Prometaphase); R-HSA-69618 (Mitotic Spindle Checkpoint)		no	84643	NM_032559.5	1.235	0.777	0.000	-0.36	unconstrained	NA	NA	gnomAD v4.1
KIF4A	3	2	GO,STRING	26	yes	yes	0		GO:0000819 (sister chromatid segregation); GO:0007059 (chromosome segregation)		BUB1,BUB1B,TRIP13	no	NA	NA	NA	NA	NA	NA	no_constraint_data	0.200	1.000	gnomAD v2.1.1 (X/Y; v4.1 is autosomes only)
KNTC1	3	2	GO,Reactome	19	yes	yes	3	GO:0000776 (kinetochore); GO:0007094 (mitotic spindle assembly checkpoint signaling); GO:0051983 (regulation of chromosome segregation)	GO:0000776 (kinetochore); GO:0000819 (sister chromatid segregation); GO:0007059 (chromosome segregation); GO:0007094 (mitotic spindle assembly checkpoint signaling); GO:0051983 (regulation of chromosome segregation)	R-HSA-141424 (Amplification of signal from the kinetochores); R-HSA-2467813 (Separation of Sister Chromatids); R-HSA-2500257 (Resolution of Sister Chromatid Cohesion); R-HSA-68877 (Mitotic Prometaphase); R-HSA-69618 (Mitotic Spindle Checkpoint)		no	9735	NM_014708.6	0.835	0.704	0.000	1.48	moderate	NA	NA	gnomAD v4.1
MAD2L1BP	3	2	GO,STRING	5	yes	yes	2	GO:0007094 (mitotic spindle assembly checkpoint signaling); GO:0051983 (regulation of chromosome segregation)	GO:0000819 (sister chromatid segregation); GO:0007059 (chromosome segregation); GO:0007094 (mitotic spindle assembly checkpoint signaling); GO:0051983 (regulation of chromosome segregation)		TRIP13	no	9587	NM_014628.3	1.071	0.750	0.000	0.65	unconstrained	NA	NA	gnomAD v4.1
MAD2L2	3	2	GO,STRING	7	yes	yes	2	GO:0007094 (mitotic spindle assembly checkpoint signaling); GO:0051983 (regulation of chromosome segregation)	GO:0000819 (sister chromatid segregation); GO:0007059 (chromosome segregation); GO:0007094 (mitotic spindle assembly checkpoint signaling); GO:0051983 (regulation of chromosome segregation)		BUB1,BUB3,TRIP13	no	10459	NM_006341.4	0.806	0.538	0.003	1.59	moderate	NA	NA	gnomAD v4.1
MIS12	3	2	GO,Reactome	21	yes	yes	1	GO:0000776 (kinetochore)	GO:0000776 (kinetochore); GO:0000819 (sister chromatid segregation); GO:0007059 (chromosome segregation)	R-HSA-141424 (Amplification of signal from the kinetochores); R-HSA-2467813 (Separation of Sister Chromatids); R-HSA-2500257 (Resolution of Sister Chromatid Cohesion); R-HSA-68877 (Mitotic Prometaphase); R-HSA-69618 (Mitotic Spindle Checkpoint)		no	79003	NM_001258217.2	1.180	0.742	0.000	1.22	unconstrained	NA	NA	gnomAD v4.1
MKI67	3	2	GO,STRING	5	yes	yes	0		GO:0007059 (chromosome segregation)		BUB1	no	4288	NM_002417.5	0.719	0.626	0.000	0.59	moderate	NA	NA	gnomAD v4.1
MZT1	3	2	GO,Reactome	4	yes	yes	0		GO:0000819 (sister chromatid segregation); GO:0007059 (chromosome segregation)	R-HSA-380270 (Recruitment of mitotic centrosome proteins and complexes); R-HSA-68877 (Mitotic Prometaphase)		no	440145	NM_001071775.3	1.831	1.146	0.001	0.21	unconstrained	NA	NA	gnomAD v4.1
NDE1	3	2	GO,Reactome	14	yes	yes	1	GO:0000776 (kinetochore)	GO:0000776 (kinetochore); GO:0007059 (chromosome segregation); GO:0007098 (centrosome cycle)	R-HSA-141424 (Amplification of signal from the kinetochores); R-HSA-2467813 (Separation of Sister Chromatids); R-HSA-2500257 (Resolution of Sister Chromatid Cohesion); R-HSA-380259 (Loss of Nlp from mitotic centrosomes); R-HSA-380270 (Recruitment of mitotic centrosome proteins and complexes); R-HSA-68877 (Mitotic Prometaphase); R-HSA-69618 (Mitotic Spindle Checkpoint)		no	54820	NM_017668.3	0.851	0.621	0.000	0.26	moderate	NA	NA	gnomAD v4.1
NDEL1	3	2	GO,Reactome	10	yes	yes	1	GO:0000776 (kinetochore)	GO:0000776 (kinetochore); GO:0007059 (chromosome segregation); GO:0007098 (centrosome cycle)	R-HSA-141424 (Amplification of signal from the kinetochores); R-HSA-2467813 (Separation of Sister Chromatids); R-HSA-2500257 (Resolution of Sister Chromatid Cohesion); R-HSA-68877 (Mitotic Prometaphase); R-HSA-69618 (Mitotic Spindle Checkpoint)		no	81565	NM_030808.5	0.357	0.198	1.000	2.01	constrained	NA	NA	gnomAD v4.1
NEDD1	3	2	Reactome,STRING	4	yes	yes	0			R-HSA-380259 (Loss of Nlp from mitotic centrosomes); R-HSA-380270 (Recruitment of mitotic centrosome proteins and complexes); R-HSA-68877 (Mitotic Prometaphase)	CEP192	no	121441	NM_152905.4	0.842	0.483	0.079	0.48	moderate	NA	NA	gnomAD v4.1
NEK6	3	2	GO,Reactome	17	yes	yes	1	GO:0051983 (regulation of chromosome segregation)	GO:0000819 (sister chromatid segregation); GO:0007059 (chromosome segregation); GO:0051983 (regulation of chromosome segregation)	R-HSA-68877 (Mitotic Prometaphase)		no	10783	NM_014397.6	0.968	0.672	0.000	1.92	moderate	NA	NA	gnomAD v4.1
NEK7	3	2	GO,Reactome	17	yes	yes	0		GO:0007059 (chromosome segregation)	R-HSA-68877 (Mitotic Prometaphase)		no	140609	NM_133494.3	1.045	0.457	0.213	1.31	unconstrained	NA	NA	gnomAD v4.1
NIN	3	2	GO,STRING	2	yes	yes	1	GO:0007098 (centrosome cycle)	GO:0007098 (centrosome cycle)		CEP192	no	51199	NM_020921.4	0.620	0.534	0.000	1.22	moderate	NA	NA	gnomAD v4.1
NIPBL	3	2	GO,STRING	7	yes	yes	1	GO:0007062 (sister chromatid cohesion)	GO:0000819 (sister chromatid segregation); GO:0007059 (chromosome segregation); GO:0007062 (sister chromatid cohesion)		SMC5	no	25836	NM_133433.4	0.057	0.030	1.000	6.70	highly_constrained	NA	NA	gnomAD v4.1
NSL1	3	2	GO,Reactome	36	yes	yes	1	GO:0000776 (kinetochore)	GO:0000776 (kinetochore); GO:0000819 (sister chromatid segregation); GO:0007059 (chromosome segregation)	R-HSA-141424 (Amplification of signal from the kinetochores); R-HSA-2467813 (Separation of Sister Chromatids); R-HSA-2500257 (Resolution of Sister Chromatid Cohesion); R-HSA-68877 (Mitotic Prometaphase); R-HSA-69618 (Mitotic Spindle Checkpoint)		no	25936	NM_015471.4	0.981	0.562	0.022	0.29	moderate	NA	NA	gnomAD v4.1
NSMCE2	3	2	GO,STRING	5	yes	yes	2	GO:0007062 (sister chromatid cohesion); GO:0051983 (regulation of chromosome segregation)	GO:0000819 (sister chromatid segregation); GO:0007059 (chromosome segregation); GO:0007062 (sister chromatid cohesion); GO:0051983 (regulation of chromosome segregation)		SMC5	no	286053	NM_173685.4	1.113	0.237	0.522	0.85	unconstrained	NA	NA	gnomAD v4.1
NUDC	3	2	GO,Reactome	7	yes	yes	0		GO:0000819 (sister chromatid segregation); GO:0007059 (chromosome segregation)	R-HSA-141424 (Amplification of signal from the kinetochores); R-HSA-2467813 (Separation of Sister Chromatids); R-HSA-2500257 (Resolution of Sister Chromatid Cohesion); R-HSA-68877 (Mitotic Prometaphase); R-HSA-69618 (Mitotic Spindle Checkpoint)		no	10726	NM_006600.4	0.511	0.327	0.971	1.76	constrained	NA	NA	gnomAD v4.1
NUMA1	3	2	GO,Reactome	11	yes	yes	1	GO:0051983 (regulation of chromosome segregation)	GO:0000819 (sister chromatid segregation); GO:0007059 (chromosome segregation); GO:0051983 (regulation of chromosome segregation)	R-HSA-68877 (Mitotic Prometaphase)		no	4926	NM_006185.4	0.325	0.262	1.000	1.45	highly_constrained	NA	NA	gnomAD v4.1
NUP133	3	2	GO,Reactome	6	yes	yes	1	GO:0000776 (kinetochore)	GO:0000776 (kinetochore)	R-HSA-141424 (Amplification of signal from the kinetochores); R-HSA-2467813 (Separation of Sister Chromatids); R-HSA-2500257 (Resolution of Sister Chromatid Cohesion); R-HSA-68877 (Mitotic Prometaphase); R-HSA-69618 (Mitotic Spindle Checkpoint)		no	55746	NM_018230.3	0.570	0.438	0.015	1.07	constrained	NA	NA	gnomAD v4.1
NUP160	3	2	GO,Reactome	6	yes	yes	1	GO:0000776 (kinetochore)	GO:0000776 (kinetochore)	R-HSA-141424 (Amplification of signal from the kinetochores); R-HSA-2467813 (Separation of Sister Chromatids); R-HSA-2500257 (Resolution of Sister Chromatid Cohesion); R-HSA-68877 (Mitotic Prometaphase); R-HSA-69618 (Mitotic Spindle Checkpoint)		no	ENSG00000030066	ENST00000378460	0.595	0.467	0.000	1.10	constrained	NA	NA	gnomAD v4.1
NUP37	3	2	GO,Reactome	6	yes	yes	1	GO:0000776 (kinetochore)	GO:0000776 (kinetochore)	R-HSA-141424 (Amplification of signal from the kinetochores); R-HSA-2467813 (Separation of Sister Chromatids); R-HSA-2500257 (Resolution of Sister Chromatid Cohesion); R-HSA-68877 (Mitotic Prometaphase); R-HSA-69618 (Mitotic Spindle Checkpoint)		no	79023	NM_024057.4	1.144	0.706	0.001	1.12	unconstrained	NA	NA	gnomAD v4.1
NUP43	3	2	GO,Reactome	6	yes	yes	1	GO:0000776 (kinetochore)	GO:0000776 (kinetochore)	R-HSA-141424 (Amplification of signal from the kinetochores); R-HSA-2467813 (Separation of Sister Chromatids); R-HSA-2500257 (Resolution of Sister Chromatid Cohesion); R-HSA-68877 (Mitotic Prometaphase); R-HSA-69618 (Mitotic Spindle Checkpoint)		no	348995	NM_198887.3	0.843	0.586	0.000	0.42	moderate	NA	NA	gnomAD v4.1
NUP85	3	2	GO,Reactome	6	yes	yes	1	GO:0000776 (kinetochore)	GO:0000776 (kinetochore)	R-HSA-141424 (Amplification of signal from the kinetochores); R-HSA-2467813 (Separation of Sister Chromatids); R-HSA-2500257 (Resolution of Sister Chromatid Cohesion); R-HSA-68877 (Mitotic Prometaphase); R-HSA-69618 (Mitotic Spindle Checkpoint)		no	79902	NM_024844.5	0.352	0.246	1.000	1.12	constrained	NA	NA	gnomAD v4.1
NUSAP1	3	2	GO,STRING	9	yes	yes	0		GO:0000819 (sister chromatid segregation); GO:0007059 (chromosome segregation)		BUB1,BUB1B,TRIP13	no	51203	NM_016359.5	1.046	0.705	0.000	0.57	unconstrained	NA	NA	gnomAD v4.1
ODF2	3	2	GO,Reactome	6	yes	yes	1	GO:0007098 (centrosome cycle)	GO:0007098 (centrosome cycle)	R-HSA-380259 (Loss of Nlp from mitotic centrosomes); R-HSA-380270 (Recruitment of mitotic centrosome proteins and complexes); R-HSA-68877 (Mitotic Prometaphase)		no	ENSG00000136811	ENST00000604420	0.564	0.438	0.010	3.00	constrained	NA	NA	gnomAD v4.1
OFD1	3	2	GO,Reactome	6	yes	yes	0		GO:0000819 (sister chromatid segregation); GO:0007059 (chromosome segregation); GO:0007098 (centrosome cycle)	R-HSA-380259 (Loss of Nlp from mitotic centrosomes); R-HSA-380270 (Recruitment of mitotic centrosome proteins and complexes); R-HSA-68877 (Mitotic Prometaphase)		no	NA	NA	NA	NA	NA	NA	no_constraint_data	0.322	0.960	gnomAD v2.1.1 (X/Y; v4.1 is autosomes only)
PAFAH1B1	3	2	GO,Reactome	11	yes	yes	1	GO:0000776 (kinetochore)	GO:0000776 (kinetochore)	R-HSA-141424 (Amplification of signal from the kinetochores); R-HSA-2467813 (Separation of Sister Chromatids); R-HSA-2500257 (Resolution of Sister Chromatid Cohesion); R-HSA-380259 (Loss of Nlp from mitotic centrosomes); R-HSA-380270 (Recruitment of mitotic centrosome proteins and complexes); R-HSA-68877 (Mitotic Prometaphase); R-HSA-69618 (Mitotic Spindle Checkpoint)		no	5048	NM_000430.4	0.100	0.000	1.000	3.71	highly_constrained	NA	NA	gnomAD v4.1
PCM1	3	2	GO,Reactome	4	yes	yes	1	GO:0007098 (centrosome cycle)	GO:0007098 (centrosome cycle)	R-HSA-380259 (Loss of Nlp from mitotic centrosomes); R-HSA-380270 (Recruitment of mitotic centrosome proteins and complexes); R-HSA-68877 (Mitotic Prometaphase)		no	5108	NM_006197.4	0.700	0.575	0.000	-6.73	moderate	NA	NA	gnomAD v4.1
PCNT	3	2	Reactome,STRING	4	yes	yes	0			R-HSA-380259 (Loss of Nlp from mitotic centrosomes); R-HSA-380270 (Recruitment of mitotic centrosome proteins and complexes); R-HSA-68877 (Mitotic Prometaphase)	CEP192	no	5116	NM_006031.6	0.943	0.856	0.000	-0.46	moderate	NA	NA	gnomAD v4.1
PDS5B	3	2	GO,Reactome	15	yes	yes	1	GO:0007062 (sister chromatid cohesion)	GO:0007062 (sister chromatid cohesion)	R-HSA-2467813 (Separation of Sister Chromatids); R-HSA-2500257 (Resolution of Sister Chromatid Cohesion); R-HSA-68877 (Mitotic Prometaphase)		no	23047	NM_015032.4	0.498	0.332	0.982	2.36	constrained	NA	NA	gnomAD v4.1
PMF1	3	2	GO,Reactome	28	yes	yes	1	GO:0000776 (kinetochore)	GO:0000776 (kinetochore); GO:0007059 (chromosome segregation)	R-HSA-141424 (Amplification of signal from the kinetochores); R-HSA-2467813 (Separation of Sister Chromatids); R-HSA-2500257 (Resolution of Sister Chromatid Cohesion); R-HSA-68877 (Mitotic Prometaphase); R-HSA-69618 (Mitotic Spindle Checkpoint)		no	11243	NM_007221.4	1.231	0.839	0.000	0.05	unconstrained	NA	NA	gnomAD v4.1
PPP2CA	3	2	Reactome,STRING	6	yes	yes	0			R-HSA-141424 (Amplification of signal from the kinetochores); R-HSA-2467813 (Separation of Sister Chromatids); R-HSA-2500257 (Resolution of Sister Chromatid Cohesion); R-HSA-68877 (Mitotic Prometaphase); R-HSA-69618 (Mitotic Spindle Checkpoint)	BUB1B	no	5515	NM_002715.4	0.315	0.150	1.000	5.57	highly_constrained	NA	NA	gnomAD v4.1
PPP2R1A	3	2	GO,Reactome	10	yes	yes	0		GO:0007059 (chromosome segregation); GO:0007062 (sister chromatid cohesion)	R-HSA-141424 (Amplification of signal from the kinetochores); R-HSA-2467813 (Separation of Sister Chromatids); R-HSA-2500257 (Resolution of Sister Chromatid Cohesion); R-HSA-380259 (Loss of Nlp from mitotic centrosomes); R-HSA-380270 (Recruitment of mitotic centrosome proteins and complexes); R-HSA-68877 (Mitotic Prometaphase); R-HSA-69618 (Mitotic Spindle Checkpoint)		no	5518	NM_014225.6	0.345	0.224	1.000	5.43	highly_constrained	NA	NA	gnomAD v4.1
PPP2R1B	3	2	GO,Reactome	7	yes	yes	0		GO:0007059 (chromosome segregation); GO:0007062 (sister chromatid cohesion)	R-HSA-141424 (Amplification of signal from the kinetochores); R-HSA-2467813 (Separation of Sister Chromatids); R-HSA-2500257 (Resolution of Sister Chromatid Cohesion); R-HSA-68877 (Mitotic Prometaphase); R-HSA-69618 (Mitotic Spindle Checkpoint)		no	5519	NM_002716.5	0.955	0.768	0.000	0.94	moderate	NA	NA	gnomAD v4.1
PPP2R5A	3	2	Reactome,STRING	6	yes	yes	0			R-HSA-141424 (Amplification of signal from the kinetochores); R-HSA-2467813 (Separation of Sister Chromatids); R-HSA-2500257 (Resolution of Sister Chromatid Cohesion); R-HSA-68877 (Mitotic Prometaphase); R-HSA-69618 (Mitotic Spindle Checkpoint)	BUB1B	no	5525	NM_006243.4	0.777	0.535	0.001	1.19	moderate	NA	NA	gnomAD v4.1
PPP2R5D	3	2	GO,Reactome	10	yes	yes	0		GO:0007059 (chromosome segregation); GO:0007062 (sister chromatid cohesion)	R-HSA-141424 (Amplification of signal from the kinetochores); R-HSA-2467813 (Separation of Sister Chromatids); R-HSA-2500257 (Resolution of Sister Chromatid Cohesion); R-HSA-68877 (Mitotic Prometaphase); R-HSA-69618 (Mitotic Spindle Checkpoint)		no	5528	NM_006245.4	0.234	0.144	1.000	4.92	highly_constrained	NA	NA	gnomAD v4.1
PRC1	3	2	GO,STRING	5	yes	yes	0		GO:0000819 (sister chromatid segregation); GO:0007059 (chromosome segregation)		TRIP13	no	9055	NM_003981.4	0.705	0.558	0.000	0.77	moderate	NA	NA	gnomAD v4.1
PTTG2	3	2	GO,STRING	2	yes	yes	0		GO:0007059 (chromosome segregation)		BUB3	no	10744	NM_006607.3	1.945	2.364	0.044	0.30	unconstrained	NA	NA	gnomAD v4.1
RAD18	3	2	GO,STRING	3	yes	yes	1	GO:0051983 (regulation of chromosome segregation)	GO:0007059 (chromosome segregation); GO:0051983 (regulation of chromosome segregation)		SMC5	no	56852	NM_020165.4	1.050	0.778	0.000	-0.21	unconstrained	NA	NA	gnomAD v4.1
RAD21L1	3	2	GO,STRING	8	yes	yes	1	GO:0007062 (sister chromatid cohesion)	GO:0007062 (sister chromatid cohesion)		SMC5	no	642636	NM_001384355.1	1.207	0.712	0.002	0.43	unconstrained	NA	NA	gnomAD v4.1
RANBP2	3	2	Reactome,STRING	6	yes	yes	0			R-HSA-141424 (Amplification of signal from the kinetochores); R-HSA-2467813 (Separation of Sister Chromatids); R-HSA-2500257 (Resolution of Sister Chromatid Cohesion); R-HSA-68877 (Mitotic Prometaphase); R-HSA-69618 (Mitotic Spindle Checkpoint)	SMC5	no	5903	NM_006267.5	0.231	0.185	1.000	3.83	highly_constrained	NA	NA	gnomAD v4.1
RANGAP1	3	2	GO,Reactome	6	yes	yes	1	GO:0000776 (kinetochore)	GO:0000776 (kinetochore)	R-HSA-141424 (Amplification of signal from the kinetochores); R-HSA-2467813 (Separation of Sister Chromatids); R-HSA-2500257 (Resolution of Sister Chromatid Cohesion); R-HSA-68877 (Mitotic Prometaphase); R-HSA-69618 (Mitotic Spindle Checkpoint)		no	5905	NM_002883.4	0.808	0.617	0.000	1.47	moderate	NA	NA	gnomAD v4.1
RCC2	3	2	GO,Reactome	9	yes	yes	1	GO:0051983 (regulation of chromosome segregation)	GO:0007059 (chromosome segregation); GO:0051983 (regulation of chromosome segregation)	R-HSA-141424 (Amplification of signal from the kinetochores); R-HSA-2467813 (Separation of Sister Chromatids); R-HSA-2500257 (Resolution of Sister Chromatid Cohesion); R-HSA-68877 (Mitotic Prometaphase); R-HSA-69618 (Mitotic Spindle Checkpoint)		no	55920	NM_018715.4	0.508	0.343	0.969	2.06	constrained	NA	NA	gnomAD v4.1
REC8	3	2	GO,STRING	9	yes	yes	1	GO:0007062 (sister chromatid cohesion)	GO:0000776 (kinetochore); GO:0007062 (sister chromatid cohesion)		SMC5	no	9985	NM_001048205.2	0.682	0.529	0.000	2.21	moderate	NA	NA	gnomAD v4.1
RTTN	3	2	GO,STRING	3	yes	yes	0		GO:0007098 (centrosome cycle)		CEP192	no	25914	NM_173630.4	0.786	0.666	0.000	1.05	moderate	NA	NA	gnomAD v4.1
SASS6	3	2	GO,STRING	8	yes	yes	1	GO:0007098 (centrosome cycle)	GO:0007059 (chromosome segregation); GO:0007098 (centrosome cycle)		CEP192	no	163786	NM_194292.3	1.202	0.572	0.071	0.48	unconstrained	NA	NA	gnomAD v4.1
SDCCAG8	3	2	GO,Reactome	17	yes	yes	0		GO:0007098 (centrosome cycle)	R-HSA-380259 (Loss of Nlp from mitotic centrosomes); R-HSA-380270 (Recruitment of mitotic centrosome proteins and complexes); R-HSA-68877 (Mitotic Prometaphase)		no	10806	NM_006642.5	0.843	0.676	0.000	0.93	moderate	NA	NA	gnomAD v4.1
SEC13	3	2	GO,Reactome	6	yes	yes	1	GO:0000776 (kinetochore)	GO:0000776 (kinetochore)	R-HSA-141424 (Amplification of signal from the kinetochores); R-HSA-2467813 (Separation of Sister Chromatids); R-HSA-2500257 (Resolution of Sister Chromatid Cohesion); R-HSA-68877 (Mitotic Prometaphase); R-HSA-69618 (Mitotic Spindle Checkpoint)		no	6396	NM_183352.3	0.739	0.529	0.000	0.77	moderate	NA	NA	gnomAD v4.1
SGO2	3	2	GO,Reactome	9	yes	yes	0		GO:0000776 (kinetochore); GO:0007059 (chromosome segregation); GO:0007062 (sister chromatid cohesion)	R-HSA-141424 (Amplification of signal from the kinetochores); R-HSA-2467813 (Separation of Sister Chromatids); R-HSA-2500257 (Resolution of Sister Chromatid Cohesion); R-HSA-68877 (Mitotic Prometaphase); R-HSA-69618 (Mitotic Spindle Checkpoint)		no	151246	NM_152524.6	0.817	0.649	0.000	1.20	moderate	NA	NA	gnomAD v4.1
SKA2	3	2	GO,Reactome	36	yes	yes	1	GO:0000776 (kinetochore)	GO:0000776 (kinetochore); GO:0000819 (sister chromatid segregation); GO:0007059 (chromosome segregation)	R-HSA-141424 (Amplification of signal from the kinetochores); R-HSA-2467813 (Separation of Sister Chromatids); R-HSA-2500257 (Resolution of Sister Chromatid Cohesion); R-HSA-68877 (Mitotic Prometaphase); R-HSA-69618 (Mitotic Spindle Checkpoint)		no	348235	NM_182620.4	1.576	0.917	0.001	0.54	unconstrained	NA	NA	gnomAD v4.1
SKA3	3	2	GO,STRING	41	yes	yes	3	GO:0000776 (kinetochore); GO:0007094 (mitotic spindle assembly checkpoint signaling); GO:0051983 (regulation of chromosome segregation)	GO:0000776 (kinetochore); GO:0000819 (sister chromatid segregation); GO:0007059 (chromosome segregation); GO:0007094 (mitotic spindle assembly checkpoint signaling); GO:0051983 (regulation of chromosome segregation)		BUB1B	no	221150	NM_145061.6	1.206	0.858	0.000	-0.70	unconstrained	NA	NA	gnomAD v4.1
SLF1	3	2	GO,STRING	2	yes	yes	1	GO:0007062 (sister chromatid cohesion)	GO:0007062 (sister chromatid cohesion)		SMC5	no	84250	NM_032290.4	1.019	0.845	0.000	0.44	unconstrained	NA	NA	gnomAD v4.1
SLF2	3	2	GO,STRING	2	yes	yes	1	GO:0007062 (sister chromatid cohesion)	GO:0007062 (sister chromatid cohesion)		SMC5	no	55719	NM_018121.4	0.672	0.521	0.000	1.51	moderate	NA	NA	gnomAD v4.1
SMC6	3	2	GO,STRING	3	yes	yes	1	GO:0051983 (regulation of chromosome segregation)	GO:0007059 (chromosome segregation); GO:0051983 (regulation of chromosome segregation)		SMC5	no	79677	NM_001142286.2	0.707	0.562	0.000	1.68	moderate	NA	NA	gnomAD v4.1
SPAG5	3	2	GO,STRING	25	yes	yes	1	GO:0000776 (kinetochore)	GO:0000776 (kinetochore); GO:0000819 (sister chromatid segregation); GO:0007059 (chromosome segregation)		BUB1	no	10615	NM_006461.4	0.764	0.647	0.000	2.84	moderate	NA	NA	gnomAD v4.1
STIL	3	2	GO,STRING	6	yes	yes	1	GO:0007098 (centrosome cycle)	GO:0007059 (chromosome segregation); GO:0007098 (centrosome cycle)		CEP192	no	6491	NM_001048166.1	0.575	0.446	0.005	2.17	constrained	NA	NA	gnomAD v4.1
TOP2A	3	2	GO,STRING	9	yes	yes	0		GO:0000819 (sister chromatid segregation); GO:0007059 (chromosome segregation)		BUB1,BUB1B,SMC5,TRIP13	no	7153	NM_001067.4	0.422	0.333	1.000	5.00	constrained	NA	NA	gnomAD v4.1
TOP3A	3	2	GO,STRING	2	yes	yes	0		GO:0007059 (chromosome segregation)		SMC5	no	7156	NM_004618.5	0.737	0.590	0.000	2.24	moderate	NA	NA	gnomAD v4.1
TPX2	3	2	GO,STRING	10	yes	yes	0		GO:0000819 (sister chromatid segregation); GO:0007059 (chromosome segregation)		BUB1,TRIP13	no	22974	NM_012112.5	0.290	0.195	1.000	1.49	highly_constrained	NA	NA	gnomAD v4.1
TTK	3	2	GO,STRING	51	yes	yes	2	GO:0007094 (mitotic spindle assembly checkpoint signaling); GO:0051983 (regulation of chromosome segregation)	GO:0000776 (kinetochore); GO:0000819 (sister chromatid segregation); GO:0007059 (chromosome segregation); GO:0007094 (mitotic spindle assembly checkpoint signaling); GO:0051983 (regulation of chromosome segregation)		BUB1,BUB1B,BUB3,TRIP13	no	7272	NM_003318.5	0.666	0.528	0.000	0.75	moderate	NA	NA	gnomAD v4.1
TUBA1A	3	2	GO,Reactome	6	yes	yes	0		GO:0007098 (centrosome cycle)	R-HSA-2467813 (Separation of Sister Chromatids); R-HSA-2500257 (Resolution of Sister Chromatid Cohesion); R-HSA-380259 (Loss of Nlp from mitotic centrosomes); R-HSA-380270 (Recruitment of mitotic centrosome proteins and complexes); R-HSA-68877 (Mitotic Prometaphase)		no	7846	NM_006009.4	0.370	0.197	1.000	8.75	constrained	NA	NA	gnomAD v4.1
TUBB8	3	2	GO,Reactome	4	yes	yes	0		GO:0007059 (chromosome segregation)	R-HSA-2467813 (Separation of Sister Chromatids); R-HSA-2500257 (Resolution of Sister Chromatid Cohesion); R-HSA-68877 (Mitotic Prometaphase)		no	347688	NM_177987.3	1.286	0.901	0.000	3.48	unconstrained	NA	NA	gnomAD v4.1
TUBG1	3	2	GO,Reactome	5	yes	yes	0		GO:0000819 (sister chromatid segregation); GO:0007059 (chromosome segregation)	R-HSA-380259 (Loss of Nlp from mitotic centrosomes); R-HSA-380270 (Recruitment of mitotic centrosome proteins and complexes); R-HSA-68877 (Mitotic Prometaphase)		no	7283	NM_001070.5	0.583	0.408	0.316	5.86	constrained	NA	NA	gnomAD v4.1
TUBG2	3	2	GO,Reactome	4	yes	yes	0		GO:0000819 (sister chromatid segregation); GO:0007059 (chromosome segregation)	R-HSA-380270 (Recruitment of mitotic centrosome proteins and complexes); R-HSA-68877 (Mitotic Prometaphase)		no	27175	NM_016437.3	0.903	0.691	0.000	3.69	moderate	NA	NA	gnomAD v4.1
TUBGCP2	3	2	GO,Reactome	3	yes	yes	0		GO:0007059 (chromosome segregation)	R-HSA-380270 (Recruitment of mitotic centrosome proteins and complexes); R-HSA-68877 (Mitotic Prometaphase)		no	10844	NM_006659.4	0.762	0.610	0.000	1.19	moderate	NA	NA	gnomAD v4.1
TUBGCP3	3	2	GO,Reactome	3	yes	yes	0		GO:0007059 (chromosome segregation)	R-HSA-380270 (Recruitment of mitotic centrosome proteins and complexes); R-HSA-68877 (Mitotic Prometaphase)		no	10426	NM_006322.6	0.512	0.396	0.670	2.68	constrained	NA	NA	gnomAD v4.1
TUBGCP4	3	2	GO,Reactome	3	yes	yes	0		GO:0007059 (chromosome segregation)	R-HSA-380270 (Recruitment of mitotic centrosome proteins and complexes); R-HSA-68877 (Mitotic Prometaphase)		no	27229	NM_014444.5	0.710	0.558	0.000	2.97	moderate	NA	NA	gnomAD v4.1
TUBGCP5	3	2	GO,Reactome	3	yes	yes	0		GO:0007059 (chromosome segregation)	R-HSA-380270 (Recruitment of mitotic centrosome proteins and complexes); R-HSA-68877 (Mitotic Prometaphase)		no	114791	NM_052903.6	0.843	0.703	0.000	1.37	moderate	NA	NA	gnomAD v4.1
TUBGCP6	3	2	GO,Reactome	3	yes	yes	0		GO:0007059 (chromosome segregation)	R-HSA-380270 (Recruitment of mitotic centrosome proteins and complexes); R-HSA-68877 (Mitotic Prometaphase)		no	85378	NM_020461.4	1.071	0.939	0.000	-1.01	unconstrained	NA	NA	gnomAD v4.1
WAPL	3	2	GO,Reactome	18	yes	yes	1	GO:0007062 (sister chromatid cohesion)	GO:0000776 (kinetochore); GO:0000819 (sister chromatid segregation); GO:0007059 (chromosome segregation); GO:0007062 (sister chromatid cohesion)	R-HSA-2467813 (Separation of Sister Chromatids); R-HSA-2500257 (Resolution of Sister Chromatid Cohesion); R-HSA-68877 (Mitotic Prometaphase)		no	23063	NM_015045.5	0.083	0.036	1.000	4.29	highly_constrained	NA	NA	gnomAD v4.1
XPO1	3	2	GO,Reactome	6	yes	yes	1	GO:0000776 (kinetochore)	GO:0000776 (kinetochore)	R-HSA-141424 (Amplification of signal from the kinetochores); R-HSA-2467813 (Separation of Sister Chromatids); R-HSA-2500257 (Resolution of Sister Chromatid Cohesion); R-HSA-68877 (Mitotic Prometaphase); R-HSA-69618 (Mitotic Spindle Checkpoint)		no	7514	NM_003400.4	0.083	0.039	1.000	7.95	highly_constrained	NA	NA	gnomAD v4.1
ZNF207	3	2	GO,STRING	33	yes	yes	3	GO:0000776 (kinetochore); GO:0007094 (mitotic spindle assembly checkpoint signaling); GO:0051983 (regulation of chromosome segregation)	GO:0000776 (kinetochore); GO:0000819 (sister chromatid segregation); GO:0007059 (chromosome segregation); GO:0007094 (mitotic spindle assembly checkpoint signaling); GO:0051983 (regulation of chromosome segregation)		BUB3	no	7756	NM_001098507.2	0.597	0.425	0.125	2.70	constrained	NA	NA	gnomAD v4.1
ACTB	3	1	GO	7	yes	yes	2	GO:0000776 (kinetochore); GO:0051983 (regulation of chromosome segregation)	GO:0000776 (kinetochore); GO:0000819 (sister chromatid segregation); GO:0007059 (chromosome segregation); GO:0051983 (regulation of chromosome segregation)			no	60	NM_001101.5	0.193	0.061	1.000	7.69	highly_constrained	NA	NA	gnomAD v4.1
ACTL6A	3	1	GO	7	yes	yes	2	GO:0000776 (kinetochore); GO:0051983 (regulation of chromosome segregation)	GO:0000776 (kinetochore); GO:0000819 (sister chromatid segregation); GO:0007059 (chromosome segregation); GO:0051983 (regulation of chromosome segregation)			no	86	NM_004301.5	0.186	0.072	1.000	3.63	highly_constrained	NA	NA	gnomAD v4.1
ACTL6B	3	1	GO	7	yes	yes	2	GO:0000776 (kinetochore); GO:0051983 (regulation of chromosome segregation)	GO:0000776 (kinetochore); GO:0000819 (sister chromatid segregation); GO:0007059 (chromosome segregation); GO:0051983 (regulation of chromosome segregation)			no	51412	NM_016188.5	0.954	0.750	0.000	3.37	moderate	NA	NA	gnomAD v4.1
APC	3	1	GO	7	yes	yes	3	GO:0000776 (kinetochore); GO:0007094 (mitotic spindle assembly checkpoint signaling); GO:0051983 (regulation of chromosome segregation)	GO:0000776 (kinetochore); GO:0000819 (sister chromatid segregation); GO:0007059 (chromosome segregation); GO:0007094 (mitotic spindle assembly checkpoint signaling); GO:0051983 (regulation of chromosome segregation)			no	324	NM_000038.6	0.321	0.258	1.000	0.80	highly_constrained	NA	NA	gnomAD v4.1
ARID2	3	1	GO	4	yes	yes	2	GO:0000776 (kinetochore); GO:0051983 (regulation of chromosome segregation)	GO:0000776 (kinetochore); GO:0000819 (sister chromatid segregation); GO:0007059 (chromosome segregation); GO:0051983 (regulation of chromosome segregation)			no	196528	NM_152641.4	0.224	0.165	1.000	4.49	highly_constrained	NA	NA	gnomAD v4.1
ATM	3	1	GO	4	yes	yes	2	GO:0007094 (mitotic spindle assembly checkpoint signaling); GO:0051983 (regulation of chromosome segregation)	GO:0000819 (sister chromatid segregation); GO:0007059 (chromosome segregation); GO:0007094 (mitotic spindle assembly checkpoint signaling); GO:0051983 (regulation of chromosome segregation)			no	472	NM_000051.4	0.847	0.767	0.000	2.54	moderate	NA	NA	gnomAD v4.1
AURKC	3	1	GO	8	yes	yes	2	GO:0007094 (mitotic spindle assembly checkpoint signaling); GO:0051983 (regulation of chromosome segregation)	GO:0000776 (kinetochore); GO:0000819 (sister chromatid segregation); GO:0007059 (chromosome segregation); GO:0007094 (mitotic spindle assembly checkpoint signaling); GO:0051983 (regulation of chromosome segregation)			no	6795	NM_001015878.2	0.806	0.538	0.003	1.23	moderate	NA	NA	gnomAD v4.1
BOD1	3	1	GO	8	yes	yes	2	GO:0000776 (kinetochore); GO:0007062 (sister chromatid cohesion)	GO:0000776 (kinetochore); GO:0000819 (sister chromatid segregation); GO:0007059 (chromosome segregation); GO:0007062 (sister chromatid cohesion)			no	91272	NM_138369.3	1.335	0.807	0.001	0.55	unconstrained	NA	NA	gnomAD v4.1
BRD7	3	1	GO	4	yes	yes	2	GO:0000776 (kinetochore); GO:0051983 (regulation of chromosome segregation)	GO:0000776 (kinetochore); GO:0000819 (sister chromatid segregation); GO:0007059 (chromosome segregation); GO:0051983 (regulation of chromosome segregation)			no	29117	NM_013263.5	0.336	0.215	1.000	1.26	highly_constrained	NA	NA	gnomAD v4.1
CHMP1A	3	1	GO	72	yes	yes	2	GO:0000776 (kinetochore); GO:0007098 (centrosome cycle)	GO:0000776 (kinetochore); GO:0000819 (sister chromatid segregation); GO:0007059 (chromosome segregation); GO:0007098 (centrosome cycle)			no	5119	NM_002768.5	1.045	0.697	0.000	-0.26	unconstrained	NA	NA	gnomAD v4.1
CHMP1B	3	1	GO	15	yes	yes	2	GO:0000776 (kinetochore); GO:0007098 (centrosome cycle)	GO:0000776 (kinetochore); GO:0000819 (sister chromatid segregation); GO:0007059 (chromosome segregation); GO:0007098 (centrosome cycle)			no	57132	NM_020412.5	0.869	0.413	0.304	0.61	moderate	NA	NA	gnomAD v4.1
CHMP2A	3	1	GO	66	yes	yes	2	GO:0000776 (kinetochore); GO:0007098 (centrosome cycle)	GO:0000776 (kinetochore); GO:0000819 (sister chromatid segregation); GO:0007059 (chromosome segregation); GO:0007098 (centrosome cycle)			no	27243	NM_014453.4	0.508	0.258	0.973	0.15	constrained	NA	NA	gnomAD v4.1
CHMP2B	3	1	GO	30	yes	yes	2	GO:0000776 (kinetochore); GO:0007098 (centrosome cycle)	GO:0000776 (kinetochore); GO:0000819 (sister chromatid segregation); GO:0007059 (chromosome segregation); GO:0007098 (centrosome cycle)			no	25978	NM_014043.4	1.503	0.892	0.000	-0.04	unconstrained	NA	NA	gnomAD v4.1
CHMP3	3	1	GO	26	yes	yes	2	GO:0000776 (kinetochore); GO:0007098 (centrosome cycle)	GO:0000776 (kinetochore); GO:0000819 (sister chromatid segregation); GO:0007059 (chromosome segregation); GO:0007098 (centrosome cycle)			no	51652	NM_016079.4	0.543	0.301	0.940	1.42	constrained	NA	NA	gnomAD v4.1
CHMP4B	3	1	GO	20	yes	yes	2	GO:0000776 (kinetochore); GO:0007098 (centrosome cycle)	GO:0000776 (kinetochore); GO:0000819 (sister chromatid segregation); GO:0007059 (chromosome segregation); GO:0007098 (centrosome cycle)			no	128866	NM_176812.5	0.208	0.044	1.000	2.90	highly_constrained	NA	NA	gnomAD v4.1
CHMP4C	3	1	GO	15	yes	yes	2	GO:0000776 (kinetochore); GO:0007098 (centrosome cycle)	GO:0000776 (kinetochore); GO:0000819 (sister chromatid segregation); GO:0007059 (chromosome segregation); GO:0007098 (centrosome cycle)			no	92421	NM_152284.4	1.393	0.959	0.000	-0.06	unconstrained	NA	NA	gnomAD v4.1
CHMP5	3	1	GO	45	yes	yes	2	GO:0000776 (kinetochore); GO:0007098 (centrosome cycle)	GO:0000776 (kinetochore); GO:0000819 (sister chromatid segregation); GO:0007059 (chromosome segregation); GO:0007098 (centrosome cycle)			no	51510	NM_016410.6	1.441	0.737	0.015	0.46	unconstrained	NA	NA	gnomAD v4.1
CTNNB1	3	1	GO	3	yes	yes	2	GO:0007062 (sister chromatid cohesion); GO:0007098 (centrosome cycle)	GO:0007062 (sister chromatid cohesion); GO:0007098 (centrosome cycle)			no	1499	NM_001904.4	0.139	0.070	1.000	5.72	highly_constrained	NA	NA	gnomAD v4.1
DYNLRB1	3	1	GO	4	yes	yes	2	GO:0007094 (mitotic spindle assembly checkpoint signaling); GO:0051983 (regulation of chromosome segregation)	GO:0000819 (sister chromatid segregation); GO:0007059 (chromosome segregation); GO:0007094 (mitotic spindle assembly checkpoint signaling); GO:0051983 (regulation of chromosome segregation)			no	83658	NM_014183.4	0.851	0.431	0.242	1.25	moderate	NA	NA	gnomAD v4.1
DYNLRB2	3	1	GO	4	yes	yes	2	GO:0007094 (mitotic spindle assembly checkpoint signaling); GO:0051983 (regulation of chromosome segregation)	GO:0000819 (sister chromatid segregation); GO:0007059 (chromosome segregation); GO:0007094 (mitotic spindle assembly checkpoint signaling); GO:0051983 (regulation of chromosome segregation)			no	83657	NM_130897.3	1.624	1.050	0.000	-0.68	unconstrained	NA	NA	gnomAD v4.1
DYNLT1	3	1	GO	4	yes	yes	2	GO:0007094 (mitotic spindle assembly checkpoint signaling); GO:0051983 (regulation of chromosome segregation)	GO:0000819 (sister chromatid segregation); GO:0007059 (chromosome segregation); GO:0007094 (mitotic spindle assembly checkpoint signaling); GO:0051983 (regulation of chromosome segregation)			no	6993	NM_006519.4	1.276	0.816	0.000	0.26	unconstrained	NA	NA	gnomAD v4.1
GEN1	3	1	GO	6	yes	yes	3	GO:0007094 (mitotic spindle assembly checkpoint signaling); GO:0007098 (centrosome cycle); GO:0051983 (regulation of chromosome segregation)	GO:0000819 (sister chromatid segregation); GO:0007059 (chromosome segregation); GO:0007094 (mitotic spindle assembly checkpoint signaling); GO:0007098 (centrosome cycle); GO:0051983 (regulation of chromosome segregation)			no	348654	NM_001130009.3	1.422	0.979	0.000	0.04	unconstrained	NA	NA	gnomAD v4.1
HNRNPU	3	1	GO	6	yes	yes	2	GO:0000776 (kinetochore); GO:0051983 (regulation of chromosome segregation)	GO:0000776 (kinetochore); GO:0000819 (sister chromatid segregation); GO:0007059 (chromosome segregation); GO:0051983 (regulation of chromosome segregation)			no	3192	NM_031844.3	0.111	0.043	1.000	3.51	highly_constrained	NA	NA	gnomAD v4.1
IK	3	1	GO	4	yes	yes	2	GO:0007094 (mitotic spindle assembly checkpoint signaling); GO:0051983 (regulation of chromosome segregation)	GO:0000819 (sister chromatid segregation); GO:0007059 (chromosome segregation); GO:0007094 (mitotic spindle assembly checkpoint signaling); GO:0051983 (regulation of chromosome segregation)			no	3550	NM_006083.4	0.771	0.588	0.000	3.27	moderate	NA	NA	gnomAD v4.1
KAT2B	3	1	GO	8	yes	yes	2	GO:0007098 (centrosome cycle); GO:0051983 (regulation of chromosome segregation)	GO:0000776 (kinetochore); GO:0000819 (sister chromatid segregation); GO:0007059 (chromosome segregation); GO:0007098 (centrosome cycle); GO:0051983 (regulation of chromosome segregation)			no	8850	NM_003884.5	0.461	0.323	0.998	1.76	constrained	NA	NA	gnomAD v4.1
KAT5	3	1	GO	7	yes	yes	2	GO:0000776 (kinetochore); GO:0051983 (regulation of chromosome segregation)	GO:0000776 (kinetochore); GO:0000819 (sister chromatid segregation); GO:0007059 (chromosome segregation); GO:0051983 (regulation of chromosome segregation)			no	10524	NM_182710.3	0.594	0.440	0.027	3.75	constrained	NA	NA	gnomAD v4.1
KIF22	3	1	GO	6	yes	yes	2	GO:0000776 (kinetochore); GO:0007062 (sister chromatid cohesion)	GO:0000776 (kinetochore); GO:0000819 (sister chromatid segregation); GO:0007059 (chromosome segregation); GO:0007062 (sister chromatid cohesion)			no	3835	NM_007317.3	1.025	0.825	0.000	0.59	unconstrained	NA	NA	gnomAD v4.1
KLHL22	3	1	GO	6	yes	yes	2	GO:0007094 (mitotic spindle assembly checkpoint signaling); GO:0051983 (regulation of chromosome segregation)	GO:0000819 (sister chromatid segregation); GO:0007059 (chromosome segregation); GO:0007094 (mitotic spindle assembly checkpoint signaling); GO:0051983 (regulation of chromosome segregation)			no	84861	NM_032775.4	0.471	0.314	0.996	3.36	constrained	NA	NA	gnomAD v4.1
LCMT1	3	1	GO	8	yes	yes	2	GO:0007094 (mitotic spindle assembly checkpoint signaling); GO:0051983 (regulation of chromosome segregation)	GO:0000819 (sister chromatid segregation); GO:0007059 (chromosome segregation); GO:0007094 (mitotic spindle assembly checkpoint signaling); GO:0051983 (regulation of chromosome segregation)			no	51451	NM_016309.3	0.956	0.638	0.000	0.58	moderate	NA	NA	gnomAD v4.1
PBRM1	3	1	GO	4	yes	yes	2	GO:0000776 (kinetochore); GO:0051983 (regulation of chromosome segregation)	GO:0000776 (kinetochore); GO:0000819 (sister chromatid segregation); GO:0007059 (chromosome segregation); GO:0051983 (regulation of chromosome segregation)			no	ENSG00000163939	ENST00000296302	0.230	0.152	1.000	4.42	highly_constrained	NA	NA	gnomAD v4.1
PHF10	3	1	GO	7	yes	yes	2	GO:0000776 (kinetochore); GO:0051983 (regulation of chromosome segregation)	GO:0000776 (kinetochore); GO:0000819 (sister chromatid segregation); GO:0007059 (chromosome segregation); GO:0051983 (regulation of chromosome segregation)			no	55274	NM_018288.4	0.930	0.595	0.002	1.37	moderate	NA	NA	gnomAD v4.1
PPP1R12A	3	1	GO	2	yes	yes	2	GO:0000776 (kinetochore); GO:0007098 (centrosome cycle)	GO:0000776 (kinetochore); GO:0007098 (centrosome cycle)			no	4659	NM_002480.3	0.158	0.084	1.000	2.75	highly_constrained	NA	NA	gnomAD v4.1
PRAP1	3	1	GO	4	yes	yes	2	GO:0007094 (mitotic spindle assembly checkpoint signaling); GO:0051983 (regulation of chromosome segregation)	GO:0000819 (sister chromatid segregation); GO:0007059 (chromosome segregation); GO:0007094 (mitotic spindle assembly checkpoint signaling); GO:0051983 (regulation of chromosome segregation)			no	118471	NM_145202.5	1.401	0.911	0.000	1.04	unconstrained	NA	NA	gnomAD v4.1
PRP4K	3	1	GO	5	yes	yes	3	GO:0000776 (kinetochore); GO:0007094 (mitotic spindle assembly checkpoint signaling); GO:0051983 (regulation of chromosome segregation)	GO:0000776 (kinetochore); GO:0000819 (sister chromatid segregation); GO:0007059 (chromosome segregation); GO:0007094 (mitotic spindle assembly checkpoint signaling); GO:0051983 (regulation of chromosome segregation)			no	NA	NA	NA	NA	NA	NA	no_constraint_data	NA	NA	none
RB1	3	1	GO	6	yes	yes	2	GO:0007062 (sister chromatid cohesion); GO:0051983 (regulation of chromosome segregation)	GO:0000819 (sister chromatid segregation); GO:0007059 (chromosome segregation); GO:0007062 (sister chromatid cohesion); GO:0051983 (regulation of chromosome segregation)			no	5925	NM_000321.3	0.239	0.158	1.000	2.32	highly_constrained	NA	NA	gnomAD v4.1
SMARCA4	3	1	GO	7	yes	yes	2	GO:0000776 (kinetochore); GO:0051983 (regulation of chromosome segregation)	GO:0000776 (kinetochore); GO:0000819 (sister chromatid segregation); GO:0007059 (chromosome segregation); GO:0051983 (regulation of chromosome segregation)			no	6597	NM_003072.5	0.226	0.168	1.000	8.81	highly_constrained	NA	NA	gnomAD v4.1
SMARCB1	3	1	GO	7	yes	yes	2	GO:0000776 (kinetochore); GO:0051983 (regulation of chromosome segregation)	GO:0000776 (kinetochore); GO:0000819 (sister chromatid segregation); GO:0007059 (chromosome segregation); GO:0051983 (regulation of chromosome segregation)			no	6598	NM_003073.5	0.221	0.105	1.000	4.86	highly_constrained	NA	NA	gnomAD v4.1
SMARCC1	3	1	GO	7	yes	yes	2	GO:0000776 (kinetochore); GO:0051983 (regulation of chromosome segregation)	GO:0000776 (kinetochore); GO:0000819 (sister chromatid segregation); GO:0007059 (chromosome segregation); GO:0051983 (regulation of chromosome segregation)			no	6599	NM_003074.4	0.369	0.246	1.000	2.00	constrained	NA	NA	gnomAD v4.1
SMARCC2	3	1	GO	7	yes	yes	2	GO:0000776 (kinetochore); GO:0051983 (regulation of chromosome segregation)	GO:0000776 (kinetochore); GO:0000819 (sister chromatid segregation); GO:0007059 (chromosome segregation); GO:0051983 (regulation of chromosome segregation)			no	6601	NM_001330288.2	0.167	0.103	1.000	4.83	highly_constrained	NA	NA	gnomAD v4.1
SMARCD1	3	1	GO	7	yes	yes	2	GO:0000776 (kinetochore); GO:0051983 (regulation of chromosome segregation)	GO:0000776 (kinetochore); GO:0000819 (sister chromatid segregation); GO:0007059 (chromosome segregation); GO:0051983 (regulation of chromosome segregation)			no	6602	NM_003076.5	0.339	0.217	1.000	3.27	highly_constrained	NA	NA	gnomAD v4.1
SMARCD2	3	1	GO	7	yes	yes	2	GO:0000776 (kinetochore); GO:0051983 (regulation of chromosome segregation)	GO:0000776 (kinetochore); GO:0000819 (sister chromatid segregation); GO:0007059 (chromosome segregation); GO:0051983 (regulation of chromosome segregation)			no	6603	NM_001098426.2	0.762	0.583	0.000	1.89	moderate	NA	NA	gnomAD v4.1
SMARCE1	3	1	GO	7	yes	yes	2	GO:0000776 (kinetochore); GO:0051983 (regulation of chromosome segregation)	GO:0000776 (kinetochore); GO:0000819 (sister chromatid segregation); GO:0007059 (chromosome segregation); GO:0051983 (regulation of chromosome segregation)			no	6605	NM_003079.5	0.318	0.151	1.000	2.78	highly_constrained	NA	NA	gnomAD v4.1
TPR	3	1	GO	21	yes	yes	3	GO:0000776 (kinetochore); GO:0007094 (mitotic spindle assembly checkpoint signaling); GO:0051983 (regulation of chromosome segregation)	GO:0000776 (kinetochore); GO:0000819 (sister chromatid segregation); GO:0007059 (chromosome segregation); GO:0007094 (mitotic spindle assembly checkpoint signaling); GO:0051983 (regulation of chromosome segregation)			no	7175	NM_003292.3	0.203	0.159	1.000	4.00	highly_constrained	NA	NA	gnomAD v4.1
XRCC3	3	1	GO	5	yes	yes	3	GO:0007094 (mitotic spindle assembly checkpoint signaling); GO:0007098 (centrosome cycle); GO:0051983 (regulation of chromosome segregation)	GO:0000819 (sister chromatid segregation); GO:0007059 (chromosome segregation); GO:0007094 (mitotic spindle assembly checkpoint signaling); GO:0007098 (centrosome cycle); GO:0051983 (regulation of chromosome segregation)			no	7517	NM_005432.4	1.797	1.377	0.000	-0.82	unconstrained	NA	NA	gnomAD v4.1
ARHGEF10	4	1	GO	5	yes	yes	1	GO:0007098 (centrosome cycle)	GO:0000819 (sister chromatid segregation); GO:0007059 (chromosome segregation); GO:0007098 (centrosome cycle)			no	9639	NM_014629.4	1.062	0.923	0.000	-3.42	unconstrained	NA	NA	gnomAD v4.1
ARID1A	4	1	GO	6	yes	yes	1	GO:0051983 (regulation of chromosome segregation)	GO:0000819 (sister chromatid segregation); GO:0007059 (chromosome segregation); GO:0051983 (regulation of chromosome segregation)			no	8289	NM_006015.6	0.141	0.096	1.000	2.46	highly_constrained	NA	NA	gnomAD v4.1
ARID1B	4	1	GO	3	yes	yes	1	GO:0051983 (regulation of chromosome segregation)	GO:0000819 (sister chromatid segregation); GO:0007059 (chromosome segregation); GO:0051983 (regulation of chromosome segregation)			no	57492	NM_001374828.1	0.205	0.151	1.000	0.81	highly_constrained	NA	NA	gnomAD v4.1
ARL2	4	1	GO	1	yes	yes	1	GO:0007098 (centrosome cycle)	GO:0007098 (centrosome cycle)			no	402	NM_001667.4	0.935	0.551	0.019	0.52	moderate	NA	NA	gnomAD v4.1
ATF5	4	1	GO	1	yes	yes	1	GO:0007098 (centrosome cycle)	GO:0007098 (centrosome cycle)			no	22809	NM_001193646.2	1.596	0.977	0.000	-1.04	unconstrained	NA	NA	gnomAD v4.1
AXIN2	4	1	GO	2	yes	yes	1	GO:0007062 (sister chromatid cohesion)	GO:0007062 (sister chromatid cohesion)			no	8313	NM_004655.4	0.397	0.276	1.000	-0.01	constrained	NA	NA	gnomAD v4.1
BBS4	4	1	GO	1	yes	yes	1	GO:0007098 (centrosome cycle)	GO:0007098 (centrosome cycle)			no	585	NM_033028.5	0.953	0.743	0.000	-0.38	moderate	NA	NA	gnomAD v4.1
BCL7A	4	1	GO	3	yes	yes	1	GO:0051983 (regulation of chromosome segregation)	GO:0000819 (sister chromatid segregation); GO:0007059 (chromosome segregation); GO:0051983 (regulation of chromosome segregation)			no	605	NM_001024808.3	0.685	0.414	0.283	1.05	moderate	NA	NA	gnomAD v4.1
BCL7B	4	1	GO	3	yes	yes	1	GO:0051983 (regulation of chromosome segregation)	GO:0000819 (sister chromatid segregation); GO:0007059 (chromosome segregation); GO:0051983 (regulation of chromosome segregation)			no	9275	NM_001707.4	0.867	0.524	0.023	0.62	moderate	NA	NA	gnomAD v4.1
BCL7C	4	1	GO	3	yes	yes	1	GO:0051983 (regulation of chromosome segregation)	GO:0000819 (sister chromatid segregation); GO:0007059 (chromosome segregation); GO:0051983 (regulation of chromosome segregation)			no	9274	NM_004765.4	0.546	0.303	0.936	0.77	constrained	NA	NA	gnomAD v4.1
BECN1	4	1	GO	5	yes	yes	1	GO:0051983 (regulation of chromosome segregation)	GO:0000819 (sister chromatid segregation); GO:0007059 (chromosome segregation); GO:0051983 (regulation of chromosome segregation)			no	8678	NM_001313998.2	0.330	0.199	1.000	2.34	highly_constrained	NA	NA	gnomAD v4.1
C2CD3	4	1	GO	11	yes	yes	1	GO:0007098 (centrosome cycle)	GO:0007098 (centrosome cycle)			no	26005	NM_001286577.2	0.637	0.540	0.000	2.62	moderate	NA	NA	gnomAD v4.1
C9orf78	4	1	GO	2	yes	yes	1	GO:0051983 (regulation of chromosome segregation)	GO:0007059 (chromosome segregation); GO:0051983 (regulation of chromosome segregation)			no	51759	NM_016520.3	0.764	0.438	0.183	1.51	moderate	NA	NA	gnomAD v4.1
CCDC102B	4	1	GO	1	yes	yes	1	GO:0007098 (centrosome cycle)	GO:0007098 (centrosome cycle)			no	79839	NM_024781.3	1.584	1.280	0.000	-0.27	unconstrained	NA	NA	gnomAD v4.1
CCDC15	4	1	GO	1	yes	yes	1	GO:0007098 (centrosome cycle)	GO:0007098 (centrosome cycle)			no	80071	NM_025004.3	1.265	1.035	0.000	-0.11	unconstrained	NA	NA	gnomAD v4.1
CCDC57	4	1	GO	2	yes	yes	1	GO:0007098 (centrosome cycle)	GO:0007098 (centrosome cycle)			no	ENSG00000176155	ENST00000665763	1.260	1.076	0.000	-0.37	unconstrained	NA	NA	gnomAD v4.1
CCNF	4	1	GO	5	yes	yes	1	GO:0007098 (centrosome cycle)	GO:0007098 (centrosome cycle)			no	899	NM_001761.3	0.531	0.390	0.704	1.30	constrained	NA	NA	gnomAD v4.1
CCNL1	4	1	GO	1	yes	yes	1	GO:0007098 (centrosome cycle)	GO:0007098 (centrosome cycle)			no	57018	NM_020307.4	0.380	0.239	1.000	2.76	constrained	NA	NA	gnomAD v4.1
CCNL2	4	1	GO	1	yes	yes	1	GO:0007098 (centrosome cycle)	GO:0007098 (centrosome cycle)			no	81669	NM_030937.6	0.665	0.485	0.002	0.21	moderate	NA	NA	gnomAD v4.1
CDC6	4	1	GO	5	yes	yes	1	GO:0051983 (regulation of chromosome segregation)	GO:0000819 (sister chromatid segregation); GO:0007059 (chromosome segregation); GO:0051983 (regulation of chromosome segregation)			no	990	NM_001254.4	0.990	0.753	0.000	1.00	moderate	NA	NA	gnomAD v4.1
CDK2	4	1	GO	2	yes	yes	1	GO:0007098 (centrosome cycle)	GO:0007098 (centrosome cycle)			no	1017	NM_001798.5	0.390	0.186	0.999	2.93	constrained	NA	NA	gnomAD v4.1
CDT1	4	1	GO	3	yes	yes	1	GO:0000776 (kinetochore)	GO:0000776 (kinetochore); GO:0000819 (sister chromatid segregation); GO:0007059 (chromosome segregation)			no	81620	NM_030928.4	1.737	1.414	0.000	-2.67	unconstrained	NA	NA	gnomAD v4.1
CENPV	4	1	GO	2	yes	yes	1	GO:0000776 (kinetochore)	GO:0000776 (kinetochore)			no	201161	NM_181716.3	0.953	0.562	0.016	-0.69	moderate	NA	NA	gnomAD v4.1
CENPW	4	1	GO	7	yes	yes	1	GO:0000776 (kinetochore)	GO:0000776 (kinetochore); GO:0007059 (chromosome segregation)			no	387103	NM_001012507.4	0.550	0.000	0.878	0.01	constrained	NA	NA	gnomAD v4.1
CENPX	4	1	GO	2	yes	yes	1	GO:0000776 (kinetochore)	GO:0000776 (kinetochore); GO:0007059 (chromosome segregation)			no	201254	NM_001271006.2	1.663	1.065	0.000	-1.56	unconstrained	NA	NA	gnomAD v4.1
CEP44	4	1	GO	5	yes	yes	1	GO:0007098 (centrosome cycle)	GO:0007098 (centrosome cycle)			no	80817	NM_001040157.3	1.340	0.959	0.000	0.39	unconstrained	NA	NA	gnomAD v4.1
CEP68	4	1	GO	2	yes	yes	1	GO:0007098 (centrosome cycle)	GO:0007098 (centrosome cycle)			no	23177	NM_015147.3	0.627	0.443	0.048	0.46	moderate	NA	NA	gnomAD v4.1
CETN3	4	1	GO	1	yes	yes	1	GO:0007098 (centrosome cycle)	GO:0007098 (centrosome cycle)			no	1070	NM_004365.4	1.750	1.035	0.001	0.67	unconstrained	NA	NA	gnomAD v4.1
CHAMP1	4	1	GO	17	yes	yes	1	GO:0000776 (kinetochore)	GO:0000776 (kinetochore); GO:0000819 (sister chromatid segregation); GO:0007059 (chromosome segregation)			no	283489	NM_032436.4	0.160	0.070	1.000	0.32	highly_constrained	NA	NA	gnomAD v4.1
CHD3	4	1	GO	1	yes	yes	1	GO:0007098 (centrosome cycle)	GO:0007098 (centrosome cycle)			no	1107	NM_001005273.3	0.257	0.204	1.000	8.43	highly_constrained	NA	NA	gnomAD v4.1
CHFR	4	1	GO	3	yes	yes	1	GO:0051983 (regulation of chromosome segregation)	GO:0000819 (sister chromatid segregation); GO:0007059 (chromosome segregation); GO:0051983 (regulation of chromosome segregation)			no	55743	NM_001161346.2	0.929	0.722	0.000	0.43	moderate	NA	NA	gnomAD v4.1
CHMP4A	4	1	GO	42	yes	yes	1	GO:0000776 (kinetochore)	GO:0000776 (kinetochore); GO:0000819 (sister chromatid segregation); GO:0007059 (chromosome segregation)			no	29082	NM_014169.5	1.343	0.980	0.000	0.78	unconstrained	NA	NA	gnomAD v4.1
CHMP6	4	1	GO	27	yes	yes	1	GO:0000776 (kinetochore)	GO:0000776 (kinetochore); GO:0000819 (sister chromatid segregation); GO:0007059 (chromosome segregation)			no	79643	NM_024591.5	0.599	0.353	0.761	-0.52	constrained	NA	NA	gnomAD v4.1
CHMP7	4	1	GO	32	yes	yes	1	GO:0000776 (kinetochore)	GO:0000776 (kinetochore); GO:0000819 (sister chromatid segregation); GO:0007059 (chromosome segregation)			no	91782	NM_152272.5	0.496	0.312	0.984	0.23	constrained	NA	NA	gnomAD v4.1
CNTLN	4	1	GO	2	yes	yes	1	GO:0007098 (centrosome cycle)	GO:0007098 (centrosome cycle)			no	54875	NM_017738.4	1.431	1.236	0.000	-3.77	unconstrained	NA	NA	gnomAD v4.1
CNTROB	4	1	GO	18	yes	yes	1	GO:0007098 (centrosome cycle)	GO:0007098 (centrosome cycle)			no	116840	NM_053051.5	0.879	0.725	0.000	1.76	moderate	NA	NA	gnomAD v4.1
CROCC	4	1	GO	3	yes	yes	1	GO:0007098 (centrosome cycle)	GO:0007098 (centrosome cycle)			no	9696	NM_014675.5	1.165	1.029	0.000	-2.80	unconstrained	NA	NA	gnomAD v4.1
CSAG1	4	1	GO	1	yes	yes	1	GO:0007098 (centrosome cycle)	GO:0007098 (centrosome cycle)			no	NA	NA	NA	NA	NA	NA	no_constraint_data	1.923	0.004	gnomAD v2.1.1 (X/Y; v4.1 is autosomes only)
CTCF	4	1	GO	1	yes	yes	1	GO:0007062 (sister chromatid cohesion)	GO:0007062 (sister chromatid cohesion)			no	10664	NM_006565.4	0.205	0.109	1.000	4.85	highly_constrained	NA	NA	gnomAD v4.1
CUL1	4	1	GO	2	yes	yes	1	GO:0007098 (centrosome cycle)	GO:0007098 (centrosome cycle)			no	8454	NM_003592.3	0.294	0.196	1.000	6.49	highly_constrained	NA	NA	gnomAD v4.1
CUL3	4	1	GO	7	yes	yes	1	GO:0051983 (regulation of chromosome segregation)	GO:0000819 (sister chromatid segregation); GO:0007059 (chromosome segregation); GO:0051983 (regulation of chromosome segregation)			no	8452	NM_003590.5	0.365	0.233	1.000	5.16	constrained	NA	NA	gnomAD v4.1
DDX11	4	1	GO	5	yes	yes	1	GO:0007062 (sister chromatid cohesion)	GO:0007062 (sister chromatid cohesion)			no	1663	NM_030653.4	0.781	0.642	0.000	2.29	moderate	NA	NA	gnomAD v4.1
DPF1	4	1	GO	3	yes	yes	1	GO:0051983 (regulation of chromosome segregation)	GO:0000819 (sister chromatid segregation); GO:0007059 (chromosome segregation); GO:0051983 (regulation of chromosome segregation)			no	8193	NM_001135155.3	0.415	0.269	1.000	2.65	constrained	NA	NA	gnomAD v4.1
DPF2	4	1	GO	3	yes	yes	1	GO:0051983 (regulation of chromosome segregation)	GO:0000819 (sister chromatid segregation); GO:0007059 (chromosome segregation); GO:0051983 (regulation of chromosome segregation)			no	5977	NM_006268.5	0.287	0.169	1.000	3.36	highly_constrained	NA	NA	gnomAD v4.1
DPF3	4	1	GO	3	yes	yes	1	GO:0051983 (regulation of chromosome segregation)	GO:0000819 (sister chromatid segregation); GO:0007059 (chromosome segregation); GO:0051983 (regulation of chromosome segregation)			no	8110	NM_001280542.3	0.491	0.331	0.987	1.48	constrained	NA	NA	gnomAD v4.1
DSCC1	4	1	GO	12	yes	yes	1	GO:0007062 (sister chromatid cohesion)	GO:0007062 (sister chromatid cohesion)			no	79075	NM_024094.3	0.847	0.598	0.000	0.55	moderate	NA	NA	gnomAD v4.1
ESCO2	4	1	GO	2	yes	yes	1	GO:0007062 (sister chromatid cohesion)	GO:0007062 (sister chromatid cohesion)			no	157570	NM_001017420.3	1.013	0.788	0.000	0.47	unconstrained	NA	NA	gnomAD v4.1
FBXL13	4	1	GO	1	yes	yes	1	GO:0007098 (centrosome cycle)	GO:0007098 (centrosome cycle)			no	ENSG00000161040	ENST00000313221	0.881	0.659	0.000	1.14	moderate	NA	NA	gnomAD v4.1
FBXO28	4	1	GO	1	yes	yes	1	GO:0000776 (kinetochore)	GO:0000776 (kinetochore)			no	23219	NM_015176.4	0.437	0.232	0.997	1.64	constrained	NA	NA	gnomAD v4.1
FBXO5	4	1	GO	12	yes	yes	1	GO:0051983 (regulation of chromosome segregation)	GO:0000819 (sister chromatid segregation); GO:0007059 (chromosome segregation); GO:0051983 (regulation of chromosome segregation)			no	26271	NM_012177.5	0.362	0.172	1.000	0.63	constrained	NA	NA	gnomAD v4.1
FBXW5	4	1	GO	2	yes	yes	1	GO:0007098 (centrosome cycle)	GO:0007098 (centrosome cycle)			no	54461	NM_018998.4	1.855	1.547	0.000	-3.68	unconstrained	NA	NA	gnomAD v4.1
FBXW7	4	1	GO	1	yes	yes	1	GO:0007062 (sister chromatid cohesion)	GO:0007062 (sister chromatid cohesion)			no	55294	NM_001349798.2	0.181	0.097	1.000	4.54	highly_constrained	NA	NA	gnomAD v4.1
FEN1	4	1	GO	1	yes	yes	1	GO:0007062 (sister chromatid cohesion)	GO:0007062 (sister chromatid cohesion)			no	2237	NM_004111.6	1.071	0.730	0.000	2.73	unconstrained	NA	NA	gnomAD v4.1
GOLGA2	4	1	GO	8	yes	yes	1	GO:0007098 (centrosome cycle)	GO:0000819 (sister chromatid segregation); GO:0007059 (chromosome segregation); GO:0007098 (centrosome cycle)			no	2801	NM_001366244.2	0.407	0.302	1.000	1.05	constrained	NA	NA	gnomAD v4.1
GPATCH11	4	1	GO	2	yes	yes	1	GO:0000776 (kinetochore)	GO:0000776 (kinetochore)			no	253635	NM_174931.4	1.008	0.655	0.000	-0.08	unconstrained	NA	NA	gnomAD v4.1
HECW2	4	1	GO	3	yes	yes	1	GO:0051983 (regulation of chromosome segregation)	GO:0000819 (sister chromatid segregation); GO:0007059 (chromosome segregation); GO:0051983 (regulation of chromosome segregation)			no	57520	NM_001348768.2	0.498	0.390	0.859	3.66	constrained	NA	NA	gnomAD v4.1
HEPACAM2	4	1	GO	2	yes	yes	1	GO:0007098 (centrosome cycle)	GO:0007098 (centrosome cycle)			no	253012	NM_001039372.4	1.184	0.889	0.000	1.00	unconstrained	NA	NA	gnomAD v4.1
HSF1	4	1	GO	1	yes	yes	1	GO:0000776 (kinetochore)	GO:0000776 (kinetochore)			no	3297	NM_005526.4	0.884	0.648	0.000	-0.38	moderate	NA	NA	gnomAD v4.1
KAT2A	4	1	GO	14	yes	yes	1	GO:0007098 (centrosome cycle)	GO:0007098 (centrosome cycle)			no	2648	NM_021078.3	0.587	0.450	0.005	3.81	constrained	NA	NA	gnomAD v4.1
KIF25	4	1	GO	3	yes	yes	1	GO:0007098 (centrosome cycle)	GO:0000819 (sister chromatid segregation); GO:0007059 (chromosome segregation); GO:0007098 (centrosome cycle)			no	3834	NM_030615.4	0.984	0.670	0.000	0.31	moderate	NA	NA	gnomAD v4.1
KIF3B	4	1	GO	3	yes	yes	1	GO:0007098 (centrosome cycle)	GO:0000819 (sister chromatid segregation); GO:0007059 (chromosome segregation); GO:0007098 (centrosome cycle)			no	9371	NM_004798.4	0.679	0.506	0.000	3.75	moderate	NA	NA	gnomAD v4.1
KNSTRN	4	1	GO	27	yes	yes	1	GO:0000776 (kinetochore)	GO:0000776 (kinetochore); GO:0000819 (sister chromatid segregation); GO:0007059 (chromosome segregation)			no	90417	NM_033286.4	1.109	0.822	0.000	-0.24	unconstrained	NA	NA	gnomAD v4.1
LRWD1	4	1	GO	1	yes	yes	1	GO:0000776 (kinetochore)	GO:0000776 (kinetochore)			no	222229	NM_152892.3	1.352	1.117	0.000	-1.43	unconstrained	NA	NA	gnomAD v4.1
MACROH2A1	4	1	GO	1	yes	yes	1	GO:0007062 (sister chromatid cohesion)	GO:0007062 (sister chromatid cohesion)			no	9555	NM_138610.3	0.154	0.000	1.000	3.86	highly_constrained	NA	NA	gnomAD v4.1
MAGEA5P	4	1	GO	2	yes	yes	1	GO:0051983 (regulation of chromosome segregation)	GO:0007059 (chromosome segregation); GO:0051983 (regulation of chromosome segregation)			no	NA	NA	NA	NA	NA	NA	no_constraint_data	NA	NA	none
MAP9	4	1	GO	18	yes	yes	1	GO:0007098 (centrosome cycle)	GO:0000819 (sister chromatid segregation); GO:0007059 (chromosome segregation); GO:0007098 (centrosome cycle)			no	79884	NM_001039580.2	1.359	1.016	0.000	0.01	unconstrained	NA	NA	gnomAD v4.1
MARK4	4	1	GO	1	yes	yes	1	GO:0007098 (centrosome cycle)	GO:0007098 (centrosome cycle)			no	57787	NM_001199867.2	0.361	0.246	1.000	2.95	constrained	NA	NA	gnomAD v4.1
MAU2	4	1	GO	9	yes	yes	1	GO:0007062 (sister chromatid cohesion)	GO:0007062 (sister chromatid cohesion)			no	23383	NM_015329.4	0.175	0.097	1.000	4.86	highly_constrained	NA	NA	gnomAD v4.1
MCMBP	4	1	GO	1	yes	yes	1	GO:0007062 (sister chromatid cohesion)	GO:0007062 (sister chromatid cohesion)			no	79892	NM_001256378.2	0.537	0.379	0.797	1.80	constrained	NA	NA	gnomAD v4.1
MEAF6	4	1	GO	3	yes	yes	1	GO:0000776 (kinetochore)	GO:0000776 (kinetochore)			no	64769	NM_001270875.3	0.934	0.606	0.001	1.24	moderate	NA	NA	gnomAD v4.1
MRE11	4	1	GO	1	yes	yes	1	GO:0007062 (sister chromatid cohesion)	GO:0007062 (sister chromatid cohesion)			no	4361	NM_005591.4	0.801	0.631	0.000	1.09	moderate	NA	NA	gnomAD v4.1
MTBP	4	1	GO	3	yes	yes	1	GO:0000776 (kinetochore)	GO:0000776 (kinetochore)			no	27085	NM_022045.5	1.028	0.806	0.000	0.80	unconstrained	NA	NA	gnomAD v4.1
MTCL1	4	1	GO	2	yes	yes	1	GO:0000776 (kinetochore)	GO:0000776 (kinetochore); GO:0007059 (chromosome segregation)			no	ENSG00000168502	ENST00000359865	0.663	0.547	0.000	-0.20	moderate	NA	NA	gnomAD v4.1
NAA10	4	1	GO	1	yes	yes	1	GO:0007062 (sister chromatid cohesion)	GO:0007062 (sister chromatid cohesion)			no	NA	NA	NA	NA	NA	NA	no_constraint_data	0.522	0.762	gnomAD v2.1.1 (X/Y; v4.1 is autosomes only)
NAA50	4	1	GO	3	yes	yes	1	GO:0007062 (sister chromatid cohesion)	GO:0007062 (sister chromatid cohesion)			no	80218	NM_025146.4	0.765	0.407	0.329	2.19	moderate	NA	NA	gnomAD v4.1
NAT10	4	1	GO	1	yes	yes	1	GO:0007098 (centrosome cycle)	GO:0007098 (centrosome cycle)			no	55226	NM_024662.3	0.935	0.789	0.000	1.47	moderate	NA	NA	gnomAD v4.1
NPM1	4	1	GO	5	yes	yes	1	GO:0007098 (centrosome cycle)	GO:0007098 (centrosome cycle)			no	4869	NM_002520.7	0.313	0.066	0.996	1.40	highly_constrained	NA	NA	gnomAD v4.1
NSFL1C	4	1	GO	11	yes	yes	1	GO:0007098 (centrosome cycle)	GO:0007098 (centrosome cycle)			no	55968	NM_016143.5	0.552	0.325	0.915	0.97	constrained	NA	NA	gnomAD v4.1
NUP62	4	1	GO	5	yes	yes	1	GO:0007098 (centrosome cycle)	GO:0000819 (sister chromatid segregation); GO:0007059 (chromosome segregation); GO:0007098 (centrosome cycle)			no	23636	NM_016553.5	0.158	0.000	1.000	0.89	highly_constrained	NA	NA	gnomAD v4.1
PARD6A	4	1	GO	2	yes	yes	1	GO:0007098 (centrosome cycle)	GO:0007098 (centrosome cycle)			no	50855	NM_001037281.2	1.522	1.049	0.000	1.19	unconstrained	NA	NA	gnomAD v4.1
PCLAF	4	1	GO	1	yes	yes	1	GO:0007098 (centrosome cycle)	GO:0007098 (centrosome cycle)			no	9768	NM_014736.6	1.127	0.625	0.015	0.69	unconstrained	NA	NA	gnomAD v4.1
PDCD6IP	4	1	GO	5	yes	yes	1	GO:0007098 (centrosome cycle)	GO:0000819 (sister chromatid segregation); GO:0007059 (chromosome segregation); GO:0007098 (centrosome cycle)			no	10015	NM_013374.6	0.583	0.417	0.188	1.11	constrained	NA	NA	gnomAD v4.1
PHB2	4	1	GO	1	yes	yes	1	GO:0007062 (sister chromatid cohesion)	GO:0007062 (sister chromatid cohesion)			no	11331	NM_001144831.2	0.648	0.427	0.166	1.25	moderate	NA	NA	gnomAD v4.1
PHF2	4	1	GO	1	yes	yes	1	GO:0000776 (kinetochore)	GO:0000776 (kinetochore)			no	5253	NM_005392.4	0.329	0.235	1.000	3.60	highly_constrained	NA	NA	gnomAD v4.1
PINX1	4	1	GO	3	yes	yes	1	GO:0000776 (kinetochore)	GO:0000776 (kinetochore); GO:0000819 (sister chromatid segregation); GO:0007059 (chromosome segregation)			no	54984	NM_017884.6	1.921	1.484	0.000	-2.41	unconstrained	NA	NA	gnomAD v4.1
PKD2	4	1	GO	1	yes	yes	1	GO:0007098 (centrosome cycle)	GO:0007098 (centrosome cycle)			no	5311	NM_000297.4	0.683	0.509	0.000	1.03	moderate	NA	NA	gnomAD v4.1
PKHD1	4	1	GO	1	yes	yes	1	GO:0007098 (centrosome cycle)	GO:0007098 (centrosome cycle)			no	5314	NM_138694.4	0.783	0.699	0.000	1.77	moderate	NA	NA	gnomAD v4.1
PLK2	4	1	GO	5	yes	yes	1	GO:0007098 (centrosome cycle)	GO:0000776 (kinetochore); GO:0007098 (centrosome cycle)			no	10769	NM_006622.4	0.471	0.314	0.996	3.01	constrained	NA	NA	gnomAD v4.1
PLSCR1	4	1	GO	2	yes	yes	1	GO:0051983 (regulation of chromosome segregation)	GO:0007059 (chromosome segregation); GO:0051983 (regulation of chromosome segregation)			no	5359	NM_021105.3	0.673	0.320	0.723	0.76	moderate	NA	NA	gnomAD v4.1
POC1B	4	1	GO	2	yes	yes	1	GO:0007098 (centrosome cycle)	GO:0007098 (centrosome cycle)			no	282809	NM_172240.3	0.967	0.705	0.000	0.32	moderate	NA	NA	gnomAD v4.1
POC5	4	1	GO	2	yes	yes	1	GO:0007098 (centrosome cycle)	GO:0007098 (centrosome cycle)			no	134359	NM_001099271.2	0.995	0.747	0.000	-0.33	moderate	NA	NA	gnomAD v4.1
POGZ	4	1	GO	1	yes	yes	1	GO:0007062 (sister chromatid cohesion)	GO:0007062 (sister chromatid cohesion)			no	23126	NM_015100.4	0.198	0.126	1.000	4.15	highly_constrained	NA	NA	gnomAD v4.1
PPP1R35	4	1	GO	2	yes	yes	1	GO:0007098 (centrosome cycle)	GO:0007098 (centrosome cycle)			no	221908	NM_145030.4	1.912	1.497	0.000	-3.16	unconstrained	NA	NA	gnomAD v4.1
PSEN1	4	1	GO	15	yes	yes	1	GO:0000776 (kinetochore)	GO:0000776 (kinetochore)			no	5663	NM_000021.4	0.425	0.267	1.000	3.11	constrained	NA	NA	gnomAD v4.1
PSEN2	4	1	GO	9	yes	yes	1	GO:0000776 (kinetochore)	GO:0000776 (kinetochore)			no	5664	NM_000447.3	0.850	0.633	0.000	1.36	moderate	NA	NA	gnomAD v4.1
PUM1	4	1	GO	332	yes	yes	1	GO:0051983 (regulation of chromosome segregation)	GO:0007059 (chromosome segregation); GO:0051983 (regulation of chromosome segregation)			no	9698	NM_001020658.2	0.165	0.104	1.000	5.59	highly_constrained	NA	NA	gnomAD v4.1
PUM2	4	1	GO	44	yes	yes	1	GO:0051983 (regulation of chromosome segregation)	GO:0007059 (chromosome segregation); GO:0051983 (regulation of chromosome segregation)			no	23369	NM_015317.5	0.576	0.461	0.000	2.76	constrained	NA	NA	gnomAD v4.1
RAB6C	4	1	GO	1	yes	yes	1	GO:0007098 (centrosome cycle)	GO:0007098 (centrosome cycle)			no	84084	NM_032144.3	0.923	0.512	0.060	2.67	moderate	NA	NA	gnomAD v4.1
RASSF2	4	1	GO	1	yes	yes	1	GO:0000776 (kinetochore)	GO:0000776 (kinetochore)			no	9770	NM_014737.3	0.991	0.744	0.000	1.15	moderate	NA	NA	gnomAD v4.1
RBM14	4	1	GO	1	yes	yes	1	GO:0007098 (centrosome cycle)	GO:0007098 (centrosome cycle)			no	10432	NM_006328.4	0.196	0.093	1.000	2.07	highly_constrained	NA	NA	gnomAD v4.1
RBX1	4	1	GO	2	yes	yes	1	GO:0007098 (centrosome cycle)	GO:0007098 (centrosome cycle)			no	9978	NM_014248.4	1.258	0.000	0.572	0.72	unconstrained	NA	NA	gnomAD v4.1
RIOK2	4	1	GO	3	yes	yes	1	GO:0051983 (regulation of chromosome segregation)	GO:0000819 (sister chromatid segregation); GO:0007059 (chromosome segregation); GO:0051983 (regulation of chromosome segregation)			no	55781	NM_018343.3	1.009	0.744	0.000	1.47	unconstrained	NA	NA	gnomAD v4.1
RMI2	4	1	GO	6	yes	yes	1	GO:0051983 (regulation of chromosome segregation)	GO:0000819 (sister chromatid segregation); GO:0007059 (chromosome segregation); GO:0051983 (regulation of chromosome segregation)			no	116028	NM_152308.3	1.944	1.605	0.000	-2.48	unconstrained	NA	NA	gnomAD v4.1
ROCK2	4	1	GO	8	yes	yes	1	GO:0007098 (centrosome cycle)	GO:0007098 (centrosome cycle)			no	9475	NM_004850.5	0.346	0.250	1.000	4.30	highly_constrained	NA	NA	gnomAD v4.1
SAXO6	4	1	GO	10	yes	yes	1	GO:0007098 (centrosome cycle)	GO:0007098 (centrosome cycle)			no	NA	NA	NA	NA	NA	NA	no_constraint_data	NA	NA	none
SIRT1	4	1	GO	1	yes	yes	1	GO:0007098 (centrosome cycle)	GO:0007098 (centrosome cycle)			no	23411	NM_012238.5	0.527	0.366	0.900	0.44	constrained	NA	NA	gnomAD v4.1
SKP1	4	1	GO	4	yes	yes	1	GO:0007098 (centrosome cycle)	GO:0007059 (chromosome segregation); GO:0007098 (centrosome cycle)			no	6500	NM_170679.3	0.324	0.000	0.980	2.51	highly_constrained	NA	NA	gnomAD v4.1
SLC16A1	4	1	GO	1	yes	yes	1	GO:0007098 (centrosome cycle)	GO:0007098 (centrosome cycle)			no	6566	NM_003051.4	0.591	0.365	0.732	2.98	constrained	NA	NA	gnomAD v4.1
SMARCA2	4	1	GO	3	yes	yes	1	GO:0051983 (regulation of chromosome segregation)	GO:0000819 (sister chromatid segregation); GO:0007059 (chromosome segregation); GO:0051983 (regulation of chromosome segregation)			no	6595	NM_003070.5	0.317	0.238	1.000	4.68	highly_constrained	NA	NA	gnomAD v4.1
SMARCD3	4	1	GO	3	yes	yes	1	GO:0051983 (regulation of chromosome segregation)	GO:0000819 (sister chromatid segregation); GO:0007059 (chromosome segregation); GO:0051983 (regulation of chromosome segregation)			no	6604	NM_001003801.2	0.372	0.234	1.000	3.79	constrained	NA	NA	gnomAD v4.1
SMC1B	4	1	GO	5	yes	yes	1	GO:0007062 (sister chromatid cohesion)	GO:0007062 (sister chromatid cohesion)			no	27127	NM_148674.5	0.533	0.420	0.071	2.44	constrained	NA	NA	gnomAD v4.1
SPICE1	4	1	GO	26	yes	yes	1	GO:0007098 (centrosome cycle)	GO:0000819 (sister chromatid segregation); GO:0007059 (chromosome segregation); GO:0007098 (centrosome cycle)			no	152185	NM_144718.4	0.895	0.725	0.000	0.95	moderate	NA	NA	gnomAD v4.1
SPOUT1	4	1	GO	2	yes	yes	1	GO:0000776 (kinetochore)	GO:0000776 (kinetochore)			no	51490	NM_016390.4	0.977	0.755	0.000	0.88	moderate	NA	NA	gnomAD v4.1
SS18L1	4	1	GO	1	yes	yes	1	GO:0000776 (kinetochore)	GO:0000776 (kinetochore)			no	26039	NM_198935.3	0.605	0.450	0.011	1.71	moderate	NA	NA	gnomAD v4.1
SSX2IP	4	1	GO	1	yes	yes	1	GO:0007098 (centrosome cycle)	GO:0007098 (centrosome cycle)			no	117178	NM_001166293.2	0.851	0.665	0.000	0.88	moderate	NA	NA	gnomAD v4.1
STAG3	4	1	GO	8	yes	yes	1	GO:0007062 (sister chromatid cohesion)	GO:0007059 (chromosome segregation); GO:0007062 (sister chromatid cohesion)			no	10734	NM_001282717.2	0.765	0.647	0.000	3.23	moderate	NA	NA	gnomAD v4.1
SUGT1	4	1	GO	8	yes	yes	1	GO:0000776 (kinetochore)	GO:0000776 (kinetochore)			no	10910	NM_006704.5	0.347	0.192	1.000	0.87	highly_constrained	NA	NA	gnomAD v4.1
SUMO3	4	1	GO	1	yes	yes	1	GO:0000776 (kinetochore)	GO:0000776 (kinetochore)			no	6612	NM_006936.3	0.558	0.177	0.922	2.05	constrained	NA	NA	gnomAD v4.1
TACC3	4	1	GO	4	yes	yes	1	GO:0051983 (regulation of chromosome segregation)	GO:0000819 (sister chromatid segregation); GO:0007059 (chromosome segregation); GO:0051983 (regulation of chromosome segregation)			no	10460	NM_006342.3	0.764	0.606	0.000	-0.24	moderate	NA	NA	gnomAD v4.1
TENT4A	4	1	GO	3	yes	yes	1	GO:0007062 (sister chromatid cohesion)	GO:0000819 (sister chromatid segregation); GO:0007059 (chromosome segregation); GO:0007062 (sister chromatid cohesion)			no	11044	NM_006999.6	0.208	0.099	1.000	1.46	highly_constrained	NA	NA	gnomAD v4.1
TMEM67	4	1	GO	1	yes	yes	1	GO:0007098 (centrosome cycle)	GO:0007098 (centrosome cycle)			no	91147	NM_153704.6	1.079	0.870	0.000	1.13	unconstrained	NA	NA	gnomAD v4.1
TNKS	4	1	GO	2	yes	yes	1	GO:0007062 (sister chromatid cohesion)	GO:0007059 (chromosome segregation); GO:0007062 (sister chromatid cohesion)			no	8658	NM_003747.3	0.639	0.508	0.000	-0.28	moderate	NA	NA	gnomAD v4.1
TRAPPC12	4	1	GO	2	yes	yes	1	GO:0000776 (kinetochore)	GO:0000776 (kinetochore); GO:0007059 (chromosome segregation)			no	51112	NM_016030.6	1.192	0.944	0.000	-1.14	unconstrained	NA	NA	gnomAD v4.1
TRIM37	4	1	GO	1	yes	yes	1	GO:0007098 (centrosome cycle)	GO:0007098 (centrosome cycle)			no	4591	NM_015294.6	0.789	0.649	0.000	1.76	moderate	NA	NA	gnomAD v4.1
TRIR	4	1	GO	1	yes	yes	1	GO:0007062 (sister chromatid cohesion)	GO:0007062 (sister chromatid cohesion)			no	79002	NM_024038.4	0.875	0.416	0.294	0.07	moderate	NA	NA	gnomAD v4.1
TUBE1	4	1	GO	1	yes	yes	1	GO:0007098 (centrosome cycle)	GO:0007098 (centrosome cycle)			no	51175	NM_016262.5	0.866	0.620	0.000	0.25	moderate	NA	NA	gnomAD v4.1
UBXN2B	4	1	GO	7	yes	yes	1	GO:0007098 (centrosome cycle)	GO:0007098 (centrosome cycle)			no	137886	NM_001077619.2	0.985	0.640	0.001	-0.06	moderate	NA	NA	gnomAD v4.1
USP33	4	1	GO	1	yes	yes	1	GO:0007098 (centrosome cycle)	GO:0007098 (centrosome cycle)			no	23032	NM_201624.3	0.480	0.366	0.989	2.53	constrained	NA	NA	gnomAD v4.1
USP44	4	1	GO	12	yes	yes	1	GO:0051983 (regulation of chromosome segregation)	GO:0000819 (sister chromatid segregation); GO:0007059 (chromosome segregation); GO:0007094 (mitotic spindle assembly checkpoint signaling); GO:0051983 (regulation of chromosome segregation)			no	84101	NM_032147.5	1.034	0.829	0.000	1.70	unconstrained	NA	NA	gnomAD v4.1
UVRAG	4	1	GO	6	yes	yes	1	GO:0007098 (centrosome cycle)	GO:0007059 (chromosome segregation); GO:0007098 (centrosome cycle)			no	7405	NM_003369.4	0.468	0.319	0.997	1.52	constrained	NA	NA	gnomAD v4.1
UXT	4	1	GO	1	yes	yes	1	GO:0007098 (centrosome cycle)	GO:0007098 (centrosome cycle)			no	NA	NA	NA	NA	NA	NA	no_constraint_data	0.460	0.863	gnomAD v2.1.1 (X/Y; v4.1 is autosomes only)
VPS4B	4	1	GO	16	yes	yes	1	GO:0007098 (centrosome cycle)	GO:0000819 (sister chromatid segregation); GO:0007059 (chromosome segregation); GO:0007098 (centrosome cycle)			no	9525	NM_004869.4	0.548	0.370	0.820	2.70	constrained	NA	NA	gnomAD v4.1
WDR62	4	1	GO	4	yes	yes	1	GO:0007098 (centrosome cycle)	GO:0007098 (centrosome cycle)			no	284403	NM_001083961.2	0.806	0.689	0.000	1.77	moderate	NA	NA	gnomAD v4.1
WDR90	4	1	GO	1	yes	yes	1	GO:0007098 (centrosome cycle)	GO:0007098 (centrosome cycle)			no	197335	NM_145294.5	1.481	1.330	0.000	-3.41	unconstrained	NA	NA	gnomAD v4.1
XRCC2	4	1	GO	1	yes	yes	1	GO:0007098 (centrosome cycle)	GO:0007098 (centrosome cycle)			no	7516	NM_005431.2	1.209	0.853	0.000	0.47	unconstrained	NA	NA	gnomAD v4.1
ZNF276	4	1	GO	1	yes	yes	1	GO:0000776 (kinetochore)	GO:0000776 (kinetochore)			no	92822	NM_001113525.2	1.157	0.935	0.000	-3.05	unconstrained	NA	NA	gnomAD v4.1
AAAS	5	1	GO	4	yes	no	0		GO:0000819 (sister chromatid segregation); GO:0007059 (chromosome segregation)			no	8086	NM_015665.6	0.921	0.744	0.000	0.89	moderate	NA	NA	gnomAD v4.1
ABRAXAS1	5	1	GO	3	no	no	0		GO:0000819 (sister chromatid segregation); GO:0007059 (chromosome segregation)			no	84142	NM_139076.3	1.347	0.862	0.000	0.29	unconstrained	NA	NA	gnomAD v4.1
ABRAXAS2	5	1	GO	7	yes	no	0		GO:0000819 (sister chromatid segregation); GO:0007059 (chromosome segregation)			no	23172	NM_032182.4	0.641	0.395	0.434	1.06	moderate	NA	NA	gnomAD v4.1
ACTR1A	5	1	Reactome	3	yes	no	0			R-HSA-380259 (Loss of Nlp from mitotic centrosomes); R-HSA-380270 (Recruitment of mitotic centrosome proteins and complexes); R-HSA-68877 (Mitotic Prometaphase)		no	10121	NM_005736.4	0.337	0.199	1.000	4.12	highly_constrained	NA	NA	gnomAD v4.1
ADRM1	5	1	Reactome	2	yes	no	0			R-HSA-174184 (Cdh1:APC/C mediated degradation of Cdc20 and other targets); R-HSA-2467813 (Separation of Sister Chromatids)		no	11047	NM_007002.4	0.188	0.060	1.000	1.24	highly_constrained	NA	NA	gnomAD v4.1
AKAP8	5	1	GO	2	no	no	0		GO:0000819 (sister chromatid segregation); GO:0007059 (chromosome segregation)			no	10270	NM_005858.4	0.480	0.341	0.993	0.04	constrained	NA	NA	gnomAD v4.1
AKAP8L	5	1	GO	4	yes	no	0		GO:0000819 (sister chromatid segregation); GO:0007059 (chromosome segregation)			no	26993	NM_014371.4	0.592	0.442	0.019	0.89	constrained	NA	NA	gnomAD v4.1
ANAPC13	5	1	STRING	2	yes	no	0				BUB1B,BUB3	no	25847	NM_015391.4	1.596	0.931	0.001	0.59	unconstrained	NA	NA	gnomAD v4.1
ANKRD31	5	1	GO	1	no	no	0		GO:0007059 (chromosome segregation)			no	256006	NM_001372053.1	0.844	0.715	0.000	1.74	moderate	NA	NA	gnomAD v4.1
ANKRD53	5	1	GO	4	yes	no	0		GO:0000819 (sister chromatid segregation); GO:0007059 (chromosome segregation)			no	79998	NM_001115116.2	1.379	1.006	0.000	0.57	unconstrained	NA	NA	gnomAD v4.1
ANLN	5	1	STRING	1	yes	no	0				TRIP13	no	54443	NM_018685.5	0.537	0.420	0.079	1.80	constrained	NA	NA	gnomAD v4.1
ARL8A	5	1	GO	1	no	no	0		GO:0007059 (chromosome segregation)			no	127829	NM_138795.4	0.580	0.342	0.838	2.27	constrained	NA	NA	gnomAD v4.1
ARL8B	5	1	GO	1	yes	no	0		GO:0007059 (chromosome segregation)			no	55207	NM_018184.3	0.698	0.332	0.664	1.40	moderate	NA	NA	gnomAD v4.1
ASPM	5	1	STRING	3	yes	no	0				BUB1,BUB1B,TRIP13	no	259266	NM_018136.5	0.766	0.689	0.000	0.81	moderate	NA	NA	gnomAD v4.1
ATR	5	1	STRING	1	yes	no	0				SMC5	no	545	NM_001184.4	0.518	0.449	0.000	7.15	constrained	NA	NA	gnomAD v4.1
B9D2	5	1	Reactome	5	yes	no	0			R-HSA-141424 (Amplification of signal from the kinetochores); R-HSA-2467813 (Separation of Sister Chromatids); R-HSA-2500257 (Resolution of Sister Chromatid Cohesion); R-HSA-68877 (Mitotic Prometaphase); R-HSA-69618 (Mitotic Spindle Checkpoint)		no	80776	NM_030578.4	1.518	1.056	0.000	0.79	unconstrained	NA	NA	gnomAD v4.1
BAG6	5	1	GO	2	no	no	0		GO:0007059 (chromosome segregation)			no	7917	NM_001387994.1	0.265	0.185	1.000	3.16	highly_constrained	NA	NA	gnomAD v4.1
BAZ1B	5	1	GO	4	yes	no	0		GO:0000819 (sister chromatid segregation); GO:0007059 (chromosome segregation)			no	9031	NM_032408.4	0.201	0.139	1.000	4.56	highly_constrained	NA	NA	gnomAD v4.1
BCCIP	5	1	GO	2	yes	no	0		GO:0000819 (sister chromatid segregation); GO:0007059 (chromosome segregation)			no	56647	NM_078468.3	1.053	0.738	0.000	0.18	unconstrained	NA	NA	gnomAD v4.1
BEX4	5	1	GO	1	yes	no	0		GO:0007059 (chromosome segregation)			no	NA	NA	NA	NA	NA	NA	no_constraint_data	0.821	0.672	gnomAD v2.1.1 (X/Y; v4.1 is autosomes only)
BLM	5	1	STRING	1	yes	no	0				SMC5	no	641	NM_000057.4	0.847	0.711	0.000	1.97	moderate	NA	NA	gnomAD v4.1
BRSK1	5	1	GO	2	no	no	0		GO:0007098 (centrosome cycle)			no	84446	NM_032430.2	0.299	0.197	1.000	3.77	highly_constrained	NA	NA	gnomAD v4.1
C10orf90	5	1	GO	1	no	no	0		GO:0007098 (centrosome cycle)			no	118611	NM_001350921.2	1.032	0.813	0.000	0.10	unconstrained	NA	NA	gnomAD v4.1
C14orf39	5	1	GO	5	yes	no	0		GO:0007059 (chromosome segregation)			no	317761	NM_174978.3	1.306	0.890	0.000	-0.58	unconstrained	NA	NA	gnomAD v4.1
C1orf146	5	1	GO	5	yes	no	0		GO:0007059 (chromosome segregation)			no	388649	NM_001012425.2	1.847	0.878	0.096	0.03	unconstrained	NA	NA	gnomAD v4.1
CBX5	5	1	GO	1	no	no	0		GO:0000776 (kinetochore)			no	23468	NM_012117.3	0.726	0.368	0.518	2.73	moderate	NA	NA	gnomAD v4.1
CCDC61	5	1	GO	2	yes	no	0		GO:0000819 (sister chromatid segregation); GO:0007059 (chromosome segregation)			no	729440	NM_001267723.2	1.318	1.050	0.000	-0.32	unconstrained	NA	NA	gnomAD v4.1
CCDC66	5	1	GO	4	yes	no	0		GO:0000819 (sister chromatid segregation); GO:0007059 (chromosome segregation)			no	285331	NM_001141947.3	1.135	0.954	0.000	-0.10	unconstrained	NA	NA	gnomAD v4.1
CCDC69	5	1	GO	1	yes	no	0		GO:0007059 (chromosome segregation)			no	26112	NM_015621.3	1.181	0.879	0.000	-0.16	unconstrained	NA	NA	gnomAD v4.1
CCDC86	5	1	GO	1	yes	no	0		GO:0007059 (chromosome segregation)			no	79080	NM_024098.4	1.008	0.743	0.000	0.74	unconstrained	NA	NA	gnomAD v4.1
CCNA1	5	1	Reactome	1	yes	no	0			R-HSA-174184 (Cdh1:APC/C mediated degradation of Cdc20 and other targets)		no	8900	NM_003914.4	0.583	0.398	0.462	1.82	constrained	NA	NA	gnomAD v4.1
CCNB1IP1	5	1	GO	1	no	no	0		GO:0007059 (chromosome segregation)			no	57820	NM_021178.5	0.757	0.467	0.069	1.55	moderate	NA	NA	gnomAD v4.1
CCSAP	5	1	GO	4	yes	no	0		GO:0000819 (sister chromatid segregation); GO:0007059 (chromosome segregation)			no	126731	NM_145257.5	1.472	0.971	0.000	-0.84	unconstrained	NA	NA	gnomAD v4.1
CDC25C	5	1	STRING	1	yes	no	0				BUB1	no	995	NM_001790.5	1.175	0.847	0.000	0.79	unconstrained	NA	NA	gnomAD v4.1
CDC42	5	1	GO	1	yes	no	0		GO:0007059 (chromosome segregation)			no	998	NM_001791.4	0.611	0.129	0.872	2.90	moderate	NA	NA	gnomAD v4.1
CDC45	5	1	STRING	2	yes	no	0				BUB1,TRIP13	no	8318	NM_003504.5	0.770	0.594	0.000	1.42	moderate	NA	NA	gnomAD v4.1
CDCA2	5	1	GO	1	no	no	0		GO:0007059 (chromosome segregation)			no	157313	NM_152562.4	0.840	0.622	0.000	0.14	moderate	NA	NA	gnomAD v4.1
CDCA3	5	1	STRING	1	yes	no	0				TRIP13	no	83461	NM_031299.7	0.885	0.566	0.004	0.95	moderate	NA	NA	gnomAD v4.1
CDK11A	5	1	Reactome	1	yes	no	0			R-HSA-380270 (Recruitment of mitotic centrosome proteins and complexes)		no	728642	NM_024011.4	1.150	0.897	0.000	0.79	unconstrained	NA	NA	gnomAD v4.1
CEP164	5	1	Reactome	3	yes	no	0			R-HSA-380259 (Loss of Nlp from mitotic centrosomes); R-HSA-380270 (Recruitment of mitotic centrosome proteins and complexes); R-HSA-68877 (Mitotic Prometaphase)		no	22897	NM_014956.5	1.009	0.882	0.000	1.02	unconstrained	NA	NA	gnomAD v4.1
CEP290	5	1	Reactome	3	yes	no	0			R-HSA-380259 (Loss of Nlp from mitotic centrosomes); R-HSA-380270 (Recruitment of mitotic centrosome proteins and complexes); R-HSA-68877 (Mitotic Prometaphase)		no	80184	NM_025114.4	1.094	0.955	0.000	0.18	unconstrained	NA	NA	gnomAD v4.1
CEP295NL	5	1	GO	1	no	no	0		GO:0007098 (centrosome cycle)			no	100653515	NM_001243540.2	1.711	0.926	0.006	0.81	unconstrained	NA	NA	gnomAD v4.1
CEP41	5	1	Reactome	3	yes	no	0			R-HSA-380259 (Loss of Nlp from mitotic centrosomes); R-HSA-380270 (Recruitment of mitotic centrosome proteins and complexes); R-HSA-68877 (Mitotic Prometaphase)		no	95681	NM_018718.3	1.066	0.692	0.000	0.79	unconstrained	NA	NA	gnomAD v4.1
CEP43	5	1	Reactome	3	yes	no	0			R-HSA-380259 (Loss of Nlp from mitotic centrosomes); R-HSA-380270 (Recruitment of mitotic centrosome proteins and complexes); R-HSA-68877 (Mitotic Prometaphase)		no	11116	NM_007045.4	1.163	0.718	0.001	-0.70	unconstrained	NA	NA	gnomAD v4.1
CEP70	5	1	Reactome	3	yes	no	0			R-HSA-380259 (Loss of Nlp from mitotic centrosomes); R-HSA-380270 (Recruitment of mitotic centrosome proteins and complexes); R-HSA-68877 (Mitotic Prometaphase)		no	80321	NM_024491.4	1.077	0.771	0.000	0.27	unconstrained	NA	NA	gnomAD v4.1
CEP78	5	1	Reactome	3	yes	no	0			R-HSA-380259 (Loss of Nlp from mitotic centrosomes); R-HSA-380270 (Recruitment of mitotic centrosome proteins and complexes); R-HSA-68877 (Mitotic Prometaphase)		no	84131	NM_001330691.3	1.531	1.191	0.000	-1.03	unconstrained	NA	NA	gnomAD v4.1
CEP97	5	1	GO	2	yes	no	0		GO:0000819 (sister chromatid segregation); GO:0007059 (chromosome segregation)			no	79598	NM_024548.4	0.847	0.637	0.000	1.40	moderate	NA	NA	gnomAD v4.1
CETN1	5	1	GO	1	no	no	0		GO:0007098 (centrosome cycle)			no	1068	NM_004066.3	1.568	0.883	0.002	0.51	unconstrained	NA	NA	gnomAD v4.1
CFAP100	5	1	GO	1	yes	no	0		GO:0007059 (chromosome segregation)			no	348807	NM_182628.3	1.041	0.847	0.000	-0.33	unconstrained	NA	NA	gnomAD v4.1
CHMP4BP1	5	1	GO	5	no	no	0		GO:0000776 (kinetochore); GO:0000819 (sister chromatid segregation); GO:0007059 (chromosome segregation)			no	NA	NA	NA	NA	NA	NA	no_constraint_data	NA	NA	none
CHORDC1	5	1	GO	2	no	no	0		GO:0007098 (centrosome cycle)			no	26973	NM_012124.3	0.882	0.544	0.012	0.86	moderate	NA	NA	gnomAD v4.1
CHTF8	5	1	GO	2	no	no	0		GO:0007062 (sister chromatid cohesion)			no	54921	NM_001039690.5	1.046	0.530	0.077	0.61	unconstrained	NA	NA	gnomAD v4.1
CIAO2B	5	1	GO	1	yes	no	0		GO:0007059 (chromosome segregation)			no	51647	NM_016062.4	1.681	1.169	0.000	0.06	unconstrained	NA	NA	gnomAD v4.1
CKS1B	5	1	STRING	1	yes	no	0				TRIP13	no	1163	NM_001826.3	0.991	0.471	0.169	1.67	moderate	NA	NA	gnomAD v4.1
CLTA	5	1	GO	1	yes	no	0		GO:0007059 (chromosome segregation)			no	1211	NM_001833.4	0.546	0.260	0.942	-0.13	constrained	NA	NA	gnomAD v4.1
CLTB	5	1	GO	1	yes	no	0		GO:0007059 (chromosome segregation)			no	1212	NM_007097.5	0.567	0.334	0.878	0.98	constrained	NA	NA	gnomAD v4.1
CLTC	5	1	GO	3	yes	no	0		GO:0000819 (sister chromatid segregation); GO:0007059 (chromosome segregation)			no	1213	NM_004859.4	0.104	0.063	1.000	10.23	highly_constrained	NA	NA	gnomAD v4.1
CNTRL	5	1	Reactome	3	yes	no	0			R-HSA-380259 (Loss of Nlp from mitotic centrosomes); R-HSA-380270 (Recruitment of mitotic centrosome proteins and complexes); R-HSA-68877 (Mitotic Prometaphase)		no	11064	NM_007018.6	0.830	0.735	0.000	1.77	moderate	NA	NA	gnomAD v4.1
CSNK1E	5	1	Reactome	3	yes	no	0			R-HSA-380259 (Loss of Nlp from mitotic centrosomes); R-HSA-380270 (Recruitment of mitotic centrosome proteins and complexes); R-HSA-68877 (Mitotic Prometaphase)		no	1454	NM_152221.3	0.588	0.392	0.524	3.06	constrained	NA	NA	gnomAD v4.1
CSNK2B	5	1	Reactome	1	yes	no	0			R-HSA-68877 (Mitotic Prometaphase)		no	1460	NM_001320.7	0.237	0.075	1.000	3.78	highly_constrained	NA	NA	gnomAD v4.1
CYC1	5	1	STRING	1	yes	no	0				TRIP13	no	1537	NM_001916.5	0.583	0.334	0.846	-0.61	constrained	NA	NA	gnomAD v4.1
DCAF13	5	1	GO	1	yes	no	0		GO:0007059 (chromosome segregation)			no	25879	NM_015420.7	0.848	0.599	0.000	1.56	moderate	NA	NA	gnomAD v4.1
DCTN3	5	1	Reactome	3	yes	no	0			R-HSA-380259 (Loss of Nlp from mitotic centrosomes); R-HSA-380270 (Recruitment of mitotic centrosome proteins and complexes); R-HSA-68877 (Mitotic Prometaphase)		no	11258	NM_007234.5	1.176	0.842	0.000	0.27	unconstrained	NA	NA	gnomAD v4.1
DCTN4	5	1	GO	2	no	no	0		GO:0000776 (kinetochore)			no	51164	NM_016221.4	0.549	0.356	0.871	1.27	constrained	NA	NA	gnomAD v4.1
DDX11L8	5	1	GO	1	no	no	0		GO:0007062 (sister chromatid cohesion)			no	NA	NA	NA	NA	NA	NA	no_constraint_data	NA	NA	none
DDX12P	5	1	GO	1	no	no	0		GO:0007062 (sister chromatid cohesion)			no	NA	NA	NA	NA	NA	NA	no_constraint_data	NA	NA	none
DDX3X	5	1	GO	1	yes	no	0		GO:0007059 (chromosome segregation)			no	NA	NA	NA	NA	NA	NA	no_constraint_data	0.118	1.000	gnomAD v2.1.1 (X/Y; v4.1 is autosomes only)
DEUP1	5	1	GO	1	no	no	0		GO:0007098 (centrosome cycle)			no	159989	NM_181645.4	1.080	0.818	0.000	0.06	unconstrained	NA	NA	gnomAD v4.1
DIS3L2	5	1	GO	2	yes	no	0		GO:0000819 (sister chromatid segregation); GO:0007059 (chromosome segregation)			no	129563	NM_152383.5	0.468	0.350	0.997	1.40	constrained	NA	NA	gnomAD v4.1
DNM2	5	1	GO	1	no	no	0		GO:0007098 (centrosome cycle)			no	1785	NM_001005361.3	0.239	0.155	1.000	4.87	highly_constrained	NA	NA	gnomAD v4.1
DRG1	5	1	GO	2	yes	no	0		GO:0000819 (sister chromatid segregation); GO:0007059 (chromosome segregation)			no	4733	NM_004147.4	0.698	0.476	0.017	2.82	moderate	NA	NA	gnomAD v4.1
DUSP1	5	1	GO	4	no	no	0		GO:0000819 (sister chromatid segregation); GO:0007059 (chromosome segregation); GO:0007094 (mitotic spindle assembly checkpoint signaling); GO:0051983 (regulation of chromosome segregation)			no	1843	NM_004417.4	0.691	0.408	0.326	0.18	moderate	NA	NA	gnomAD v4.1
EID2	5	1	STRING	1	yes	no	0				SMC5	no	163126	NM_153232.4	1.295	0.282	0.433	0.63	unconstrained	NA	NA	gnomAD v4.1
EID3	5	1	STRING	1	yes	no	0				SMC5	no	493861	NM_001008394.3	1.908	1.311	0.005	-0.57	unconstrained	NA	NA	gnomAD v4.1
EML3	5	1	GO	46	yes	no	0		GO:0000819 (sister chromatid segregation); GO:0007059 (chromosome segregation)			no	256364	NM_153265.3	0.630	0.501	0.000	2.06	moderate	NA	NA	gnomAD v4.1
ERCC2	5	1	GO	1	yes	no	0		GO:0007059 (chromosome segregation)			no	2068	NM_000400.4	1.089	0.913	0.000	0.61	unconstrained	NA	NA	gnomAD v4.1
ERCC6L	5	1	Reactome	5	yes	no	0			R-HSA-141424 (Amplification of signal from the kinetochores); R-HSA-2467813 (Separation of Sister Chromatids); R-HSA-2500257 (Resolution of Sister Chromatid Cohesion); R-HSA-68877 (Mitotic Prometaphase); R-HSA-69618 (Mitotic Spindle Checkpoint)		no	NA	NA	NA	NA	NA	NA	no_constraint_data	0.211	0.999	gnomAD v2.1.1 (X/Y; v4.1 is autosomes only)
EXO1	5	1	STRING	3	yes	no	0				BUB1,SMC5,TRIP13	no	9156	NM_130398.4	1.013	0.806	0.000	0.14	unconstrained	NA	NA	gnomAD v4.1
FANCD2	5	1	GO	1	no	no	0		GO:0007059 (chromosome segregation)			no	2177	NM_001018115.3	0.777	0.652	0.000	1.76	moderate	NA	NA	gnomAD v4.1
FANCM	5	1	STRING	1	yes	no	0				SMC5	no	57697	NM_020937.4	0.754	0.616	0.000	0.70	moderate	NA	NA	gnomAD v4.1
FBXO47	5	1	GO	4	no	no	0		GO:0007059 (chromosome segregation)			no	494188	NM_001008777.3	0.814	0.549	0.002	0.75	moderate	NA	NA	gnomAD v4.1
FBXW11	5	1	GO	1	no	no	0		GO:0000776 (kinetochore)			no	23291	NM_001378974.1	0.354	0.223	1.000	5.04	constrained	NA	NA	gnomAD v4.1
FLNA	5	1	GO	2	yes	no	0		GO:0000819 (sister chromatid segregation); GO:0007059 (chromosome segregation)			no	NA	NA	NA	NA	NA	NA	no_constraint_data	0.082	1.000	gnomAD v2.1.1 (X/Y; v4.1 is autosomes only)
FMN2	5	1	GO	2	no	no	0		GO:0007059 (chromosome segregation)			no	56776	NM_020066.5	0.510	0.402	0.512	-0.27	constrained	NA	NA	gnomAD v4.1
FOXM1	5	1	STRING	1	yes	no	0				TRIP13	no	2305	NM_021953.4	0.545	0.393	0.602	1.21	constrained	NA	NA	gnomAD v4.1
FZR1	5	1	STRING	2	yes	no	0				BUB1B,BUB3	no	51343	NM_016263.4	0.337	0.193	1.000	3.01	highly_constrained	NA	NA	gnomAD v4.1
GEM	5	1	GO	1	yes	no	0		GO:0007059 (chromosome segregation)			no	2669	NM_005261.4	1.250	0.868	0.000	0.93	unconstrained	NA	NA	gnomAD v4.1
GPSM2	5	1	GO	1	yes	no	0		GO:0007059 (chromosome segregation)			no	29899	NM_013296.5	0.860	0.602	0.000	1.60	moderate	NA	NA	gnomAD v4.1
GTF2B	5	1	GO	3	no	no	0		GO:0000776 (kinetochore); GO:0007059 (chromosome segregation); GO:0007062 (sister chromatid cohesion)			no	2959	NM_001514.6	0.875	0.550	0.008	2.46	moderate	NA	NA	gnomAD v4.1
H2BW1	5	1	GO	2	yes	no	0		GO:0000819 (sister chromatid segregation); GO:0007059 (chromosome segregation)			no	NA	NA	NA	NA	NA	NA	no_constraint_data	NA	NA	none
H3-3A	5	1	GO	3	no	no	0		GO:0000776 (kinetochore); GO:0000819 (sister chromatid segregation); GO:0007059 (chromosome segregation)			no	NA	NA	NA	NA	NA	NA	no_constraint_data	NA	NA	none
H3-5	5	1	GO	3	no	no	0		GO:0000776 (kinetochore); GO:0000819 (sister chromatid segregation); GO:0007059 (chromosome segregation)			no	440093	NM_001013699.3	1.693	1.007	0.000	0.41	unconstrained	NA	NA	gnomAD v4.1
H3-7	5	1	GO	3	no	no	0		GO:0000776 (kinetochore); GO:0000819 (sister chromatid segregation); GO:0007059 (chromosome segregation)			no	NA	NA	NA	NA	NA	NA	no_constraint_data	NA	NA	none
H3Y1	5	1	GO	3	no	no	0		GO:0000776 (kinetochore); GO:0000819 (sister chromatid segregation); GO:0007059 (chromosome segregation)			no	NA	NA	NA	NA	NA	NA	no_constraint_data	NA	NA	none
H3Y2	5	1	GO	3	no	no	0		GO:0000776 (kinetochore); GO:0000819 (sister chromatid segregation); GO:0007059 (chromosome segregation)			no	NA	NA	NA	NA	NA	NA	no_constraint_data	NA	NA	none
HDAC3	5	1	GO	1	yes	no	0		GO:0007059 (chromosome segregation)			no	8841	NM_003883.4	0.463	0.321	0.998	4.78	constrained	NA	NA	gnomAD v4.1
HMMR	5	1	STRING	1	yes	no	0				TRIP13	no	3161	NM_001142556.2	1.098	0.756	0.000	0.11	unconstrained	NA	NA	gnomAD v4.1
HSP90AA1	5	1	Reactome	3	yes	no	0			R-HSA-380259 (Loss of Nlp from mitotic centrosomes); R-HSA-380270 (Recruitment of mitotic centrosome proteins and complexes); R-HSA-68877 (Mitotic Prometaphase)		no	3320	NM_005348.4	0.362	0.238	1.000	2.78	constrained	NA	NA	gnomAD v4.1
HSPA1A	5	1	GO	6	yes	no	0		GO:0000819 (sister chromatid segregation); GO:0007059 (chromosome segregation)			no	3303	NM_005345.6	1.332	0.432	0.277	2.29	unconstrained	NA	NA	gnomAD v4.1
HSPA1B	5	1	GO	6	yes	no	0		GO:0000819 (sister chromatid segregation); GO:0007059 (chromosome segregation)			no	3304	NM_005346.6	1.854	1.098	0.008	2.24	unconstrained	NA	NA	gnomAD v4.1
IHO1	5	1	GO	7	no	no	0		GO:0007059 (chromosome segregation); GO:0051983 (regulation of chromosome segregation)			no	339834	NM_001135197.2	0.587	0.298	0.881	1.61	constrained	NA	NA	gnomAD v4.1
INO80	5	1	GO	3	yes	no	0		GO:0000819 (sister chromatid segregation); GO:0007059 (chromosome segregation)			no	54617	NM_017553.3	0.165	0.107	1.000	3.77	highly_constrained	NA	NA	gnomAD v4.1
ITGB1BP2	5	1	GO	1	no	no	0		GO:0007098 (centrosome cycle)			no	NA	NA	NA	NA	NA	NA	no_constraint_data	1.336	0.000	gnomAD v2.1.1 (X/Y; v4.1 is autosomes only)
KANSL1	5	1	GO	2	yes	no	0		GO:0000819 (sister chromatid segregation); GO:0007059 (chromosome segregation)			no	284058	NM_015443.4	0.325	0.225	1.000	0.90	highly_constrained	NA	NA	gnomAD v4.1
KANSL3	5	1	GO	2	yes	no	0		GO:0000819 (sister chromatid segregation); GO:0007059 (chromosome segregation)			no	55683	NM_001115016.3	0.293	0.190	1.000	2.16	highly_constrained	NA	NA	gnomAD v4.1
KASH5	5	1	GO	4	no	no	0		GO:0007059 (chromosome segregation)			no	147872	NM_144688.5	1.092	0.895	0.000	0.32	unconstrained	NA	NA	gnomAD v4.1
KAT8	5	1	GO	1	no	no	0		GO:0000776 (kinetochore)			no	84148	NM_032188.3	0.852	0.654	0.000	2.94	moderate	NA	NA	gnomAD v4.1
KATNB1	5	1	GO	24	no	no	0		GO:0000819 (sister chromatid segregation); GO:0007059 (chromosome segregation)			no	10300	NM_005886.3	0.651	0.497	0.000	1.78	moderate	NA	NA	gnomAD v4.1
KIAA0753	5	1	GO	6	no	no	0		GO:0007098 (centrosome cycle)			no	9851	NM_014804.3	1.071	0.885	0.000	0.47	unconstrained	NA	NA	gnomAD v4.1
KIAA1614	5	1	GO	1	no	no	0		GO:0007098 (centrosome cycle)			no	57710	NM_020950.2	1.118	0.924	0.000	-0.18	unconstrained	NA	NA	gnomAD v4.1
KIF18B	5	1	GO	2	no	no	0		GO:0000819 (sister chromatid segregation); GO:0007059 (chromosome segregation)			no	146909	NM_001265577.2	0.781	0.611	0.000	1.21	moderate	NA	NA	gnomAD v4.1
KIF20A	5	1	STRING	3	yes	no	0				BUB1,BUB1B,TRIP13	no	10112	NM_005733.3	0.685	0.557	0.000	2.27	moderate	NA	NA	gnomAD v4.1
KIF3A	5	1	GO	1	no	no	0		GO:0007098 (centrosome cycle)			no	11127	NM_001300791.2	0.299	0.181	1.000	3.69	highly_constrained	NA	NA	gnomAD v4.1
KIF4B	5	1	GO	5	yes	no	0		GO:0000819 (sister chromatid segregation); GO:0007059 (chromosome segregation)			no	285643	NM_001099293.3	1.029	0.835	0.000	1.48	unconstrained	NA	NA	gnomAD v4.1
KIFC1	5	1	GO	8	yes	no	0		GO:0000819 (sister chromatid segregation); GO:0007059 (chromosome segregation)			no	3833	NM_002263.4	0.706	0.536	0.000	2.06	moderate	NA	NA	gnomAD v4.1
KLHDC8B	5	1	GO	3	yes	no	0		GO:0007059 (chromosome segregation)			no	200942	NM_173546.3	1.016	0.692	0.000	1.46	unconstrained	NA	NA	gnomAD v4.1
KMT5A	5	1	GO	2	yes	no	0		GO:0000819 (sister chromatid segregation); GO:0007059 (chromosome segregation)			no	387893	NM_020382.7	0.314	0.159	1.000	2.27	highly_constrained	NA	NA	gnomAD v4.1
KPNB1	5	1	GO	6	yes	no	0		GO:0000819 (sister chromatid segregation); GO:0007059 (chromosome segregation)			no	3837	NM_002265.6	0.119	0.052	1.000	6.70	highly_constrained	NA	NA	gnomAD v4.1
LATS1	5	1	GO	2	yes	no	0		GO:0000819 (sister chromatid segregation); GO:0007059 (chromosome segregation)			no	9113	NM_004690.4	0.319	0.221	1.000	3.86	highly_constrained	NA	NA	gnomAD v4.1
LSM14A	5	1	GO	2	yes	no	0		GO:0000819 (sister chromatid segregation); GO:0007059 (chromosome segregation)			no	26065	NM_015578.4	0.449	0.277	0.998	2.61	constrained	NA	NA	gnomAD v4.1
LZTS2	5	1	GO	2	no	no	0		GO:0007059 (chromosome segregation)			no	84445	NM_001394952.1	0.831	0.619	0.000	0.95	moderate	NA	NA	gnomAD v4.1
M1AP	5	1	GO	5	yes	no	0		GO:0007059 (chromosome segregation)			no	130951	NM_001321739.2	0.921	0.703	0.000	1.84	moderate	NA	NA	gnomAD v4.1
MAJIN	5	1	GO	8	no	no	0		GO:0007059 (chromosome segregation)			no	283129	NM_001037225.3	1.253	0.909	0.000	0.34	unconstrained	NA	NA	gnomAD v4.1
MAP10	5	1	GO	4	yes	no	0		GO:0000819 (sister chromatid segregation); GO:0007059 (chromosome segregation)			no	54627	NM_019090.3	1.850	1.260	0.000	-0.81	unconstrained	NA	NA	gnomAD v4.1
MAP1S	5	1	GO	1	yes	no	0		GO:0007059 (chromosome segregation)			no	55201	NM_018174.6	0.777	0.563	0.000	-2.41	moderate	NA	NA	gnomAD v4.1
MAP3K20	5	1	GO	4	no	no	0		GO:0000819 (sister chromatid segregation); GO:0007059 (chromosome segregation); GO:0051983 (regulation of chromosome segregation)			no	51776	NM_016653.3	0.569	0.419	0.143	1.83	constrained	NA	NA	gnomAD v4.1
MAPK15	5	1	GO	4	no	no	0		GO:0000819 (sister chromatid segregation); GO:0007059 (chromosome segregation); GO:0051983 (regulation of chromosome segregation)			no	225689	NM_139021.3	1.344	1.097	0.000	-0.93	unconstrained	NA	NA	gnomAD v4.1
MAPRE2	5	1	GO	1	no	no	0		GO:0007059 (chromosome segregation)			no	10982	NM_014268.4	0.494	0.311	0.986	4.33	constrained	NA	NA	gnomAD v4.1
MAPRE3	5	1	GO	1	no	no	0		GO:0007059 (chromosome segregation)			no	22924	NM_012326.4	0.163	0.034	1.000	2.84	highly_constrained	NA	NA	gnomAD v4.1
MCM4	5	1	STRING	1	yes	no	0				TRIP13	no	4173	NM_182746.3	0.806	0.631	0.000	0.02	moderate	NA	NA	gnomAD v4.1
MCM7	5	1	STRING	1	yes	no	0				TRIP13	no	4176	NM_005916.5	1.305	1.101	0.000	-1.00	unconstrained	NA	NA	gnomAD v4.1
MDC1	5	1	STRING	1	yes	no	0				SMC5	no	9656	NM_014641.3	0.648	0.539	0.000	3.55	moderate	NA	NA	gnomAD v4.1
MEI4	5	1	GO	2	no	no	0		GO:0007059 (chromosome segregation)			no	101928601	NM_001322247.2	1.341	0.984	0.000	1.68	unconstrained	NA	NA	gnomAD v4.1
MEIKIN	5	1	GO	17	no	no	0		GO:0000776 (kinetochore); GO:0007059 (chromosome segregation); GO:0007062 (sister chromatid cohesion)			no	NA	NA	NA	NA	NA	NA	no_constraint_data	NA	NA	none
MEIOB	5	1	GO	2	no	no	0		GO:0007059 (chromosome segregation)			no	254528	NM_001163560.3	1.318	0.843	0.000	0.45	unconstrained	NA	NA	gnomAD v4.1
MEIOC	5	1	GO	2	no	no	0		GO:0007059 (chromosome segregation)			no	284071	NM_001145080.3	0.219	0.126	1.000	2.57	highly_constrained	NA	NA	gnomAD v4.1
MELK	5	1	STRING	3	yes	no	0				BUB1,BUB1B,TRIP13	no	9833	NM_014791.4	1.098	0.856	0.000	0.66	unconstrained	NA	NA	gnomAD v4.1
MISP	5	1	GO	2	yes	no	0		GO:0000819 (sister chromatid segregation); GO:0007059 (chromosome segregation)			no	126353	NM_173481.4	1.275	1.012	0.000	-1.60	unconstrained	NA	NA	gnomAD v4.1
MND1	5	1	GO	1	yes	no	0		GO:0007059 (chromosome segregation)			no	84057	NM_032117.4	1.485	0.979	0.000	0.27	unconstrained	NA	NA	gnomAD v4.1
MOS	5	1	GO	9	no	no	0		GO:0000819 (sister chromatid segregation); GO:0007059 (chromosome segregation); GO:0051983 (regulation of chromosome segregation)			no	4342	NM_005372.1	1.944	7.721	0.103	0.92	unconstrained	NA	NA	gnomAD v4.1
MSH5	5	1	GO	1	no	no	0		GO:0007059 (chromosome segregation)			no	4439	NM_172166.4	0.847	0.702	0.000	2.12	moderate	NA	NA	gnomAD v4.1
MTCL2	5	1	GO	1	yes	no	0		GO:0007059 (chromosome segregation)			no	NA	NA	NA	NA	NA	NA	no_constraint_data	NA	NA	none
MUS81	5	1	STRING	1	yes	no	0				SMC5	no	80198	NM_025128.5	1.116	0.914	0.000	0.27	unconstrained	NA	NA	gnomAD v4.1
MXI1	5	1	STRING	1	yes	no	0				BUB1B	no	4601	NM_130439.3	0.839	0.560	0.002	1.21	moderate	NA	NA	gnomAD v4.1
MZT2A	5	1	Reactome	2	yes	no	0			R-HSA-380270 (Recruitment of mitotic centrosome proteins and complexes); R-HSA-68877 (Mitotic Prometaphase)		no	653784	NM_001085365.2	1.496	0.837	0.003	0.05	unconstrained	NA	NA	gnomAD v4.1
MZT2B	5	1	Reactome	2	yes	no	0			R-HSA-380270 (Recruitment of mitotic centrosome proteins and complexes); R-HSA-68877 (Mitotic Prometaphase)		no	80097	NM_025029.5	1.841	1.187	0.000	-0.70	unconstrained	NA	NA	gnomAD v4.1
NAA60	5	1	GO	2	no	no	0		GO:0007059 (chromosome segregation)			no	79903	NM_001083601.3	0.600	0.333	0.816	0.31	moderate	NA	NA	gnomAD v4.1
NAT9	5	1	GO	2	no	no	0		GO:0000819 (sister chromatid segregation); GO:0007059 (chromosome segregation)			no	26151	NM_015654.5	1.093	0.771	0.000	0.41	unconstrained	NA	NA	gnomAD v4.1
NCAPD3	5	1	GO	36	yes	no	0		GO:0000819 (sister chromatid segregation); GO:0007059 (chromosome segregation)			no	23310	NM_015261.3	0.643	0.541	0.000	-0.17	moderate	NA	NA	gnomAD v4.1
NCAPG2	5	1	GO	8	no	no	0		GO:0000819 (sister chromatid segregation); GO:0007059 (chromosome segregation); GO:0051983 (regulation of chromosome segregation)			no	54892	NM_017760.7	0.441	0.338	1.000	3.34	constrained	NA	NA	gnomAD v4.1
NCAPH2	5	1	GO	4	no	no	0		GO:0000819 (sister chromatid segregation); GO:0007059 (chromosome segregation)			no	29781	NM_152299.4	0.792	0.634	0.000	-0.20	moderate	NA	NA	gnomAD v4.1
NCOR1	5	1	GO	1	yes	no	0		GO:0007059 (chromosome segregation)			no	9611	NM_006311.4	0.292	0.235	1.000	4.45	highly_constrained	NA	NA	gnomAD v4.1
NEK9	5	1	Reactome	1	yes	no	0			R-HSA-68877 (Mitotic Prometaphase)		no	91754	NM_033116.6	0.837	0.670	0.000	2.20	moderate	NA	NA	gnomAD v4.1
NFATC2IP	5	1	STRING	1	yes	no	0				SMC5	no	84901	NM_032815.4	0.988	0.697	0.000	-0.33	moderate	NA	NA	gnomAD v4.1
NINL	5	1	Reactome	3	yes	no	0			R-HSA-380259 (Loss of Nlp from mitotic centrosomes); R-HSA-380270 (Recruitment of mitotic centrosome proteins and complexes); R-HSA-68877 (Mitotic Prometaphase)		no	22981	NM_025176.6	1.109	0.965	0.000	-0.49	unconstrained	NA	NA	gnomAD v4.1
NME7	5	1	Reactome	2	yes	no	0			R-HSA-380270 (Recruitment of mitotic centrosome proteins and complexes); R-HSA-68877 (Mitotic Prometaphase)		no	29922	NM_013330.5	1.197	0.753	0.000	0.58	unconstrained	NA	NA	gnomAD v4.1
NSMCE1	5	1	STRING	1	yes	no	0				SMC5	no	197370	NM_145080.4	0.846	0.532	0.011	0.82	moderate	NA	NA	gnomAD v4.1
NSMCE3	5	1	STRING	1	yes	no	0				SMC5	no	56160	NM_138704.4	NA	NA	NA	-1.07	no_constraint_data	NA	NA	none
NSMCE4A	5	1	STRING	1	yes	no	0				SMC5	no	54780	NM_017615.3	1.255	0.879	0.000	-1.03	unconstrained	NA	NA	gnomAD v4.1
NTMT1	5	1	GO	1	yes	no	0		GO:0007059 (chromosome segregation)			no	28989	NM_014064.4	0.796	0.441	0.187	1.98	moderate	NA	NA	gnomAD v4.1
ORC2	5	1	GO	1	no	no	0		GO:0000776 (kinetochore)			no	4999	NM_006190.5	0.649	0.372	0.585	1.01	moderate	NA	NA	gnomAD v4.1
P3H4	5	1	GO	1	yes	no	0		GO:0007059 (chromosome segregation)			no	10609	NM_006455.3	1.174	0.921	0.000	-0.10	unconstrained	NA	NA	gnomAD v4.1
PARD6B	5	1	GO	1	no	no	0		GO:0007098 (centrosome cycle)			no	84612	NM_032521.3	0.916	0.291	0.554	1.28	moderate	NA	NA	gnomAD v4.1
PARD6G	5	1	GO	1	no	no	0		GO:0007098 (centrosome cycle)			no	84552	NM_032510.4	1.542	0.797	0.011	-0.86	unconstrained	NA	NA	gnomAD v4.1
PARP2	5	1	STRING	1	yes	no	0				BUB3	no	10038	NM_001042618.2	1.037	0.794	0.000	0.85	unconstrained	NA	NA	gnomAD v4.1
PBK	5	1	STRING	2	yes	no	0				BUB1,TRIP13	no	55872	NM_018492.4	1.057	0.337	0.434	0.37	unconstrained	NA	NA	gnomAD v4.1
PDE4DIP	5	1	GO	1	no	no	0		GO:0007098 (centrosome cycle)			no	ENSG00000178104	ENST00000369354	0.773	0.557	0.000	2.14	moderate	NA	NA	gnomAD v4.1
PHF13	5	1	GO	5	yes	no	0		GO:0000819 (sister chromatid segregation); GO:0007059 (chromosome segregation)			no	148479	NM_153812.3	0.183	0.039	1.000	2.06	highly_constrained	NA	NA	gnomAD v4.1
PIBF1	5	1	GO	4	yes	no	0		GO:0000819 (sister chromatid segregation); GO:0007059 (chromosome segregation)			no	10464	NM_006346.4	1.235	0.872	0.000	-0.59	unconstrained	NA	NA	gnomAD v4.1
PJA1	5	1	STRING	1	yes	no	0				SMC5	no	NA	NA	NA	NA	NA	NA	no_constraint_data	0.366	0.928	gnomAD v2.1.1 (X/Y; v4.1 is autosomes only)
PLK3	5	1	GO	1	no	no	0		GO:0000776 (kinetochore)			no	1263	NM_004073.4	0.766	0.589	0.000	0.90	moderate	NA	NA	gnomAD v4.1
PLK5	5	1	GO	1	no	no	0		GO:0000776 (kinetochore)			no	126520	NM_001243079.2	1.284	0.942	0.000	-0.76	unconstrained	NA	NA	gnomAD v4.1
PMF1-BGLAP	5	1	GO	2	no	no	0		GO:0000776 (kinetochore)			no	100527963	NM_001199662.1	1.202	0.835	0.000	-0.02	unconstrained	NA	NA	gnomAD v4.1
PPP1R7	5	1	GO	1	no	no	0		GO:0007059 (chromosome segregation)			no	5510	NM_002712.3	0.542	0.347	0.908	2.55	constrained	NA	NA	gnomAD v4.1
PPP2CB	5	1	Reactome	5	yes	no	0			R-HSA-141424 (Amplification of signal from the kinetochores); R-HSA-2467813 (Separation of Sister Chromatids); R-HSA-2500257 (Resolution of Sister Chromatid Cohesion); R-HSA-68877 (Mitotic Prometaphase); R-HSA-69618 (Mitotic Spindle Checkpoint)		no	5516	NM_001009552.2	0.741	0.481	0.028	2.82	moderate	NA	NA	gnomAD v4.1
PPP2R2A	5	1	GO	4	no	no	0		GO:0007059 (chromosome segregation); GO:0051983 (regulation of chromosome segregation)			no	5520	NM_002717.4	0.364	0.194	1.000	4.46	constrained	NA	NA	gnomAD v4.1
PPP2R2D	5	1	GO	4	no	no	0		GO:0007059 (chromosome segregation); GO:0051983 (regulation of chromosome segregation)			no	55844	NM_018461.5	0.605	0.322	0.826	1.38	moderate	NA	NA	gnomAD v4.1
PPP2R5B	5	1	Reactome	5	yes	no	0			R-HSA-141424 (Amplification of signal from the kinetochores); R-HSA-2467813 (Separation of Sister Chromatids); R-HSA-2500257 (Resolution of Sister Chromatid Cohesion); R-HSA-68877 (Mitotic Prometaphase); R-HSA-69618 (Mitotic Spindle Checkpoint)		no	5526	NM_006244.4	0.485	0.331	0.991	3.05	constrained	NA	NA	gnomAD v4.1
PPP2R5E	5	1	Reactome	5	yes	no	0			R-HSA-141424 (Amplification of signal from the kinetochores); R-HSA-2467813 (Separation of Sister Chromatids); R-HSA-2500257 (Resolution of Sister Chromatid Cohesion); R-HSA-68877 (Mitotic Prometaphase); R-HSA-69618 (Mitotic Spindle Checkpoint)		no	5529	NM_006246.5	0.193	0.084	1.000	4.29	highly_constrained	NA	NA	gnomAD v4.1
PRDM9	5	1	GO	1	no	no	0		GO:0007059 (chromosome segregation)			no	56979	NM_020227.4	1.039	0.815	0.000	1.49	unconstrained	NA	NA	gnomAD v4.1
PRICKLE1	5	1	GO	2	no	no	0		GO:0000819 (sister chromatid segregation); GO:0007059 (chromosome segregation)			no	144165	NM_153026.3	0.279	0.175	1.000	2.90	highly_constrained	NA	NA	gnomAD v4.1
PRKACA	5	1	Reactome	3	yes	no	0			R-HSA-380259 (Loss of Nlp from mitotic centrosomes); R-HSA-380270 (Recruitment of mitotic centrosome proteins and complexes); R-HSA-68877 (Mitotic Prometaphase)		no	5566	NM_002730.4	0.338	0.194	1.000	3.85	highly_constrained	NA	NA	gnomAD v4.1
PRKAR2B	5	1	Reactome	3	yes	no	0			R-HSA-380259 (Loss of Nlp from mitotic centrosomes); R-HSA-380270 (Recruitment of mitotic centrosome proteins and complexes); R-HSA-68877 (Mitotic Prometaphase)		no	5577	NM_002736.3	0.658	0.377	0.542	0.98	moderate	NA	NA	gnomAD v4.1
PRPF3	5	1	STRING	1	yes	no	0				CENATAC	no	9129	NM_004698.4	0.087	0.034	1.000	5.00	highly_constrained	NA	NA	gnomAD v4.1
PSMA1	5	1	Reactome	2	yes	no	0			R-HSA-174184 (Cdh1:APC/C mediated degradation of Cdc20 and other targets); R-HSA-2467813 (Separation of Sister Chromatids)		no	5682	NM_002786.4	0.343	0.109	0.998	1.74	highly_constrained	NA	NA	gnomAD v4.1
PSMA2	5	1	Reactome	2	yes	no	0			R-HSA-174184 (Cdh1:APC/C mediated degradation of Cdc20 and other targets); R-HSA-2467813 (Separation of Sister Chromatids)		no	5683	NM_002787.5	0.243	0.077	1.000	2.86	highly_constrained	NA	NA	gnomAD v4.1
PSMA3	5	1	Reactome	2	yes	no	0			R-HSA-174184 (Cdh1:APC/C mediated degradation of Cdc20 and other targets); R-HSA-2467813 (Separation of Sister Chromatids)		no	5684	NM_002788.4	0.406	0.177	0.997	1.62	constrained	NA	NA	gnomAD v4.1
PSMA4	5	1	Reactome	2	yes	no	0			R-HSA-174184 (Cdh1:APC/C mediated degradation of Cdc20 and other targets); R-HSA-2467813 (Separation of Sister Chromatids)		no	5685	NM_002789.6	0.409	0.194	0.998	2.85	constrained	NA	NA	gnomAD v4.1
PSMA5	5	1	Reactome	2	yes	no	0			R-HSA-174184 (Cdh1:APC/C mediated degradation of Cdc20 and other targets); R-HSA-2467813 (Separation of Sister Chromatids)		no	5686	NM_002790.4	0.319	0.123	1.000	3.39	highly_constrained	NA	NA	gnomAD v4.1
PSMA6	5	1	Reactome	2	yes	no	0			R-HSA-174184 (Cdh1:APC/C mediated degradation of Cdc20 and other targets); R-HSA-2467813 (Separation of Sister Chromatids)		no	5687	NM_002791.3	0.122	0.000	1.000	2.61	highly_constrained	NA	NA	gnomAD v4.1
PSMA7	5	1	Reactome	2	yes	no	0			R-HSA-174184 (Cdh1:APC/C mediated degradation of Cdc20 and other targets); R-HSA-2467813 (Separation of Sister Chromatids)		no	5688	NM_002792.4	0.367	0.175	0.999	1.90	constrained	NA	NA	gnomAD v4.1
PSMB1	5	1	Reactome	2	yes	no	0			R-HSA-174184 (Cdh1:APC/C mediated degradation of Cdc20 and other targets); R-HSA-2467813 (Separation of Sister Chromatids)		no	5689	NM_002793.4	0.549	0.261	0.938	0.69	constrained	NA	NA	gnomAD v4.1
PSMB2	5	1	Reactome	2	yes	no	0			R-HSA-174184 (Cdh1:APC/C mediated degradation of Cdc20 and other targets); R-HSA-2467813 (Separation of Sister Chromatids)		no	5690	NM_002794.5	0.878	0.552	0.007	1.42	moderate	NA	NA	gnomAD v4.1
PSMB3	5	1	Reactome	2	yes	no	0			R-HSA-174184 (Cdh1:APC/C mediated degradation of Cdc20 and other targets); R-HSA-2467813 (Separation of Sister Chromatids)		no	5691	NM_002795.4	0.452	0.215	0.992	2.19	constrained	NA	NA	gnomAD v4.1
PSMB4	5	1	Reactome	2	yes	no	0			R-HSA-174184 (Cdh1:APC/C mediated degradation of Cdc20 and other targets); R-HSA-2467813 (Separation of Sister Chromatids)		no	5692	NM_002796.3	0.659	0.434	0.128	0.80	moderate	NA	NA	gnomAD v4.1
PSMB5	5	1	Reactome	2	yes	no	0			R-HSA-174184 (Cdh1:APC/C mediated degradation of Cdc20 and other targets); R-HSA-2467813 (Separation of Sister Chromatids)		no	5693	NM_002797.5	0.255	0.081	1.000	1.84	highly_constrained	NA	NA	gnomAD v4.1
PSMB6	5	1	Reactome	2	yes	no	0			R-HSA-174184 (Cdh1:APC/C mediated degradation of Cdc20 and other targets); R-HSA-2467813 (Separation of Sister Chromatids)		no	5694	NM_002798.3	0.721	0.435	0.170	1.14	moderate	NA	NA	gnomAD v4.1
PSMB7	5	1	Reactome	2	yes	no	0			R-HSA-174184 (Cdh1:APC/C mediated degradation of Cdc20 and other targets); R-HSA-2467813 (Separation of Sister Chromatids)		no	5695	NM_002799.4	0.427	0.187	0.994	1.21	constrained	NA	NA	gnomAD v4.1
PSMC1	5	1	Reactome	2	yes	no	0			R-HSA-174184 (Cdh1:APC/C mediated degradation of Cdc20 and other targets); R-HSA-2467813 (Separation of Sister Chromatids)		no	5700	NM_002802.3	0.258	0.123	1.000	5.18	highly_constrained	NA	NA	gnomAD v4.1
PSMC2	5	1	Reactome	2	yes	no	0			R-HSA-174184 (Cdh1:APC/C mediated degradation of Cdc20 and other targets); R-HSA-2467813 (Separation of Sister Chromatids)		no	5701	NM_002803.4	0.274	0.130	1.000	4.63	highly_constrained	NA	NA	gnomAD v4.1
PSMC3	5	1	Reactome	2	yes	no	0			R-HSA-174184 (Cdh1:APC/C mediated degradation of Cdc20 and other targets); R-HSA-2467813 (Separation of Sister Chromatids)		no	5702	NM_002804.5	0.352	0.213	1.000	5.02	constrained	NA	NA	gnomAD v4.1
PSMC3IP	5	1	GO	2	yes	no	0		GO:0007059 (chromosome segregation)			no	29893	NM_016556.4	0.981	0.707	0.000	0.66	moderate	NA	NA	gnomAD v4.1
PSMC4	5	1	Reactome	2	yes	no	0			R-HSA-174184 (Cdh1:APC/C mediated degradation of Cdc20 and other targets); R-HSA-2467813 (Separation of Sister Chromatids)		no	5704	NM_006503.4	0.407	0.256	1.000	4.85	constrained	NA	NA	gnomAD v4.1
PSMC5	5	1	Reactome	2	yes	no	0			R-HSA-174184 (Cdh1:APC/C mediated degradation of Cdc20 and other targets); R-HSA-2467813 (Separation of Sister Chromatids)		no	5705	NM_002805.6	0.386	0.233	1.000	4.65	constrained	NA	NA	gnomAD v4.1
PSMC6	5	1	Reactome	2	yes	no	0			R-HSA-174184 (Cdh1:APC/C mediated degradation of Cdc20 and other targets); R-HSA-2467813 (Separation of Sister Chromatids)		no	5706	NM_002806.5	0.185	0.071	1.000	4.01	highly_constrained	NA	NA	gnomAD v4.1
PSMD1	5	1	Reactome	2	yes	no	0			R-HSA-174184 (Cdh1:APC/C mediated degradation of Cdc20 and other targets); R-HSA-2467813 (Separation of Sister Chromatids)		no	5707	NM_002807.4	0.193	0.107	1.000	4.74	highly_constrained	NA	NA	gnomAD v4.1
PSMD11	5	1	Reactome	2	yes	no	0			R-HSA-174184 (Cdh1:APC/C mediated degradation of Cdc20 and other targets); R-HSA-2467813 (Separation of Sister Chromatids)		no	5717	NM_002815.4	0.082	0.017	1.000	3.57	highly_constrained	NA	NA	gnomAD v4.1
PSMD12	5	1	Reactome	2	yes	no	0			R-HSA-174184 (Cdh1:APC/C mediated degradation of Cdc20 and other targets); R-HSA-2467813 (Separation of Sister Chromatids)		no	5718	NM_002816.5	0.232	0.117	1.000	1.95	highly_constrained	NA	NA	gnomAD v4.1
PSMD13	5	1	Reactome	2	yes	no	0			R-HSA-174184 (Cdh1:APC/C mediated degradation of Cdc20 and other targets); R-HSA-2467813 (Separation of Sister Chromatids)		no	5719	NM_002817.4	0.246	0.136	1.000	1.46	highly_constrained	NA	NA	gnomAD v4.1
PSMD14	5	1	Reactome	2	yes	no	0			R-HSA-174184 (Cdh1:APC/C mediated degradation of Cdc20 and other targets); R-HSA-2467813 (Separation of Sister Chromatids)		no	10213	NM_005805.6	0.373	0.144	0.998	3.51	constrained	NA	NA	gnomAD v4.1
PSMD2	5	1	Reactome	2	yes	no	0			R-HSA-174184 (Cdh1:APC/C mediated degradation of Cdc20 and other targets); R-HSA-2467813 (Separation of Sister Chromatids)		no	5708	NM_002808.5	0.141	0.078	1.000	4.11	highly_constrained	NA	NA	gnomAD v4.1
PSMD3	5	1	Reactome	2	yes	no	0			R-HSA-174184 (Cdh1:APC/C mediated degradation of Cdc20 and other targets); R-HSA-2467813 (Separation of Sister Chromatids)		no	5709	NM_002809.4	0.171	0.081	1.000	2.59	highly_constrained	NA	NA	gnomAD v4.1
PSMD6	5	1	Reactome	2	yes	no	0			R-HSA-174184 (Cdh1:APC/C mediated degradation of Cdc20 and other targets); R-HSA-2467813 (Separation of Sister Chromatids)		no	9861	NM_014814.3	0.327	0.174	1.000	1.22	highly_constrained	NA	NA	gnomAD v4.1
PSMD7	5	1	Reactome	2	yes	no	0			R-HSA-174184 (Cdh1:APC/C mediated degradation of Cdc20 and other targets); R-HSA-2467813 (Separation of Sister Chromatids)		no	5713	NM_002811.5	0.676	0.408	0.320	1.60	moderate	NA	NA	gnomAD v4.1
PSMD8	5	1	Reactome	2	yes	no	0			R-HSA-174184 (Cdh1:APC/C mediated degradation of Cdc20 and other targets); R-HSA-2467813 (Separation of Sister Chromatids)		no	5714	NM_002812.5	1.250	0.922	0.000	-1.25	unconstrained	NA	NA	gnomAD v4.1
PSRC1	5	1	GO	4	yes	no	0		GO:0000819 (sister chromatid segregation); GO:0007059 (chromosome segregation)			no	ENSG00000134222	ENST00000409138	1.280	0.943	0.000	-0.01	unconstrained	NA	NA	gnomAD v4.1
PTEN	5	1	GO	1	yes	no	0		GO:0007059 (chromosome segregation)			no	5728	NM_000314.8	0.685	0.457	0.049	4.12	moderate	NA	NA	gnomAD v4.1
PTTG3P	5	1	GO	1	no	no	0		GO:0007059 (chromosome segregation)			no	NA	NA	NA	NA	NA	NA	no_constraint_data	NA	NA	none
RAB11A	5	1	GO	4	yes	no	0		GO:0000819 (sister chromatid segregation); GO:0007059 (chromosome segregation)			no	8766	NM_004663.5	0.577	0.320	0.877	3.57	constrained	NA	NA	gnomAD v4.1
RAB24	5	1	GO	2	no	no	0		GO:0007059 (chromosome segregation)			no	53917	NM_001031677.4	0.437	0.242	0.997	1.89	constrained	NA	NA	gnomAD v4.1
RACGAP1	5	1	GO	5	yes	no	0		GO:0000819 (sister chromatid segregation); GO:0007059 (chromosome segregation)			no	29127	NM_001319999.2	0.522	0.376	0.869	2.78	constrained	NA	NA	gnomAD v4.1
RAD17	5	1	STRING	1	yes	no	0				SMC5	no	5884	NM_133338.3	0.527	0.382	0.806	1.36	constrained	NA	NA	gnomAD v4.1
RAD51	5	1	STRING	2	yes	no	0				SMC5,TRIP13	no	5888	NM_002875.5	0.467	0.288	0.995	3.65	constrained	NA	NA	gnomAD v4.1
RAD51C	5	1	GO	1	no	no	0		GO:0007062 (sister chromatid cohesion)			no	5889	NM_058216.3	1.139	0.881	0.000	0.03	unconstrained	NA	NA	gnomAD v4.1
RAD52	5	1	STRING	1	yes	no	0				SMC5	no	5893	NM_134424.4	1.185	0.934	0.000	1.07	unconstrained	NA	NA	gnomAD v4.1
RAD9A	5	1	STRING	1	yes	no	0				SMC5	no	5883	NM_004584.3	0.866	0.620	0.000	0.17	moderate	NA	NA	gnomAD v4.1
RAE1	5	1	STRING	1	yes	no	0				BUB1	no	8480	NM_003610.4	0.411	0.249	1.000	3.47	constrained	NA	NA	gnomAD v4.1
RAN	5	1	GO	2	yes	no	0		GO:0000819 (sister chromatid segregation); GO:0007059 (chromosome segregation)			no	5901	NM_006325.5	0.240	0.076	1.000	4.76	highly_constrained	NA	NA	gnomAD v4.1
RANGRF	5	1	GO	2	yes	no	0		GO:0000819 (sister chromatid segregation); GO:0007059 (chromosome segregation)			no	29098	NM_016492.5	1.107	0.738	0.000	0.63	unconstrained	NA	NA	gnomAD v4.1
RCC1	5	1	GO	4	yes	no	0		GO:0000819 (sister chromatid segregation); GO:0007059 (chromosome segregation)			no	1104	NM_001381865.2	0.396	0.239	1.000	2.78	constrained	NA	NA	gnomAD v4.1
RECQL5	5	1	GO	1	yes	no	0		GO:0007059 (chromosome segregation)			no	9400	NM_004259.7	1.028	0.862	0.000	0.61	unconstrained	NA	NA	gnomAD v4.1
REDIC1	5	1	GO	1	no	no	0		GO:0007059 (chromosome segregation)			no	NA	NA	NA	NA	NA	NA	no_constraint_data	NA	NA	none
RGS14	5	1	GO	2	no	no	0		GO:0007059 (chromosome segregation)			no	10636	NM_006480.5	0.737	0.554	0.000	0.10	moderate	NA	NA	gnomAD v4.1
RHOA	5	1	GO	2	yes	no	0		GO:0000819 (sister chromatid segregation); GO:0007059 (chromosome segregation)			no	387	NM_001664.4	0.433	0.168	0.990	4.57	constrained	NA	NA	gnomAD v4.1
RIOK3	5	1	GO	1	yes	no	0		GO:0007059 (chromosome segregation)			no	8780	NM_003831.5	0.906	0.618	0.000	0.87	moderate	NA	NA	gnomAD v4.1
RMDN1	5	1	GO	2	no	no	0		GO:0000819 (sister chromatid segregation); GO:0007059 (chromosome segregation)			no	51115	NM_016033.3	1.221	0.804	0.000	-1.00	unconstrained	NA	NA	gnomAD v4.1
RMI1	5	1	STRING	1	yes	no	0				SMC5	no	80010	NM_001358291.2	0.997	0.755	0.000	1.01	moderate	NA	NA	gnomAD v4.1
RNF103-CHMP3	5	1	GO	5	no	no	0		GO:0000776 (kinetochore); GO:0000819 (sister chromatid segregation); GO:0007059 (chromosome segregation)			no	100526767	NM_001198954.1	0.718	0.443	0.130	1.37	moderate	NA	NA	gnomAD v4.1
RNF212	5	1	GO	2	no	no	0		GO:0007059 (chromosome segregation)			no	285498	NM_001131034.4	1.348	0.815	0.000	-0.12	unconstrained	NA	NA	gnomAD v4.1
RNF212B	5	1	GO	5	no	no	0		GO:0007059 (chromosome segregation)			no	100507650	NM_001282322.3	1.000	0.590	0.010	1.03	unconstrained	NA	NA	gnomAD v4.1
RNF4	5	1	GO	1	yes	no	0		GO:0007059 (chromosome segregation)			no	6047	NM_002938.5	0.584	0.311	0.876	1.13	constrained	NA	NA	gnomAD v4.1
RPS27	5	1	Reactome	5	yes	no	0			R-HSA-141424 (Amplification of signal from the kinetochores); R-HSA-2467813 (Separation of Sister Chromatids); R-HSA-2500257 (Resolution of Sister Chromatid Cohesion); R-HSA-68877 (Mitotic Prometaphase); R-HSA-69618 (Mitotic Spindle Checkpoint)		no	6232	NM_001030.6	0.520	0.110	0.932	1.67	constrained	NA	NA	gnomAD v4.1
RPS27A	5	1	Reactome	2	yes	no	0			R-HSA-174184 (Cdh1:APC/C mediated degradation of Cdc20 and other targets); R-HSA-2467813 (Separation of Sister Chromatids)		no	6233	NM_002954.6	0.377	0.079	0.987	2.09	constrained	NA	NA	gnomAD v4.1
RPS3	5	1	GO	2	yes	no	0		GO:0007059 (chromosome segregation)			no	6188	NM_001005.5	0.205	0.043	1.000	3.99	highly_constrained	NA	NA	gnomAD v4.1
RRS1	5	1	GO	2	yes	no	0		GO:0000819 (sister chromatid segregation); GO:0007059 (chromosome segregation)			no	23212	NM_015169.4	0.713	0.431	0.189	0.30	moderate	NA	NA	gnomAD v4.1
SAC3D1	5	1	GO	2	no	no	0		GO:0007059 (chromosome segregation); GO:0007098 (centrosome cycle)			no	29901	NM_013299.4	1.945	1.619	0.000	-1.44	unconstrained	NA	NA	gnomAD v4.1
SACK1D	5	1	GO	1	yes	no	0		GO:0007059 (chromosome segregation)			no	NA	NA	NA	NA	NA	NA	no_constraint_data	NA	NA	none
SEM1	5	1	Reactome	2	yes	no	0			R-HSA-174184 (Cdh1:APC/C mediated degradation of Cdc20 and other targets); R-HSA-2467813 (Separation of Sister Chromatids)		no	7979	NM_006304.2	0.754	0.000	0.770	-0.08	moderate	NA	NA	gnomAD v4.1
SENP6	5	1	GO	2	yes	no	0		GO:0007059 (chromosome segregation)			no	26054	NM_015571.4	0.322	0.202	1.000	0.54	highly_constrained	NA	NA	gnomAD v4.1
SETDB2	5	1	GO	1	yes	no	0		GO:0007059 (chromosome segregation)			no	83852	NM_001160308.3	0.858	0.655	0.000	1.95	moderate	NA	NA	gnomAD v4.1
SFI1	5	1	Reactome	3	yes	no	0			R-HSA-380259 (Loss of Nlp from mitotic centrosomes); R-HSA-380270 (Recruitment of mitotic centrosome proteins and complexes); R-HSA-68877 (Mitotic Prometaphase)		no	9814	NM_001007467.3	1.072	0.945	0.000	-0.61	unconstrained	NA	NA	gnomAD v4.1
SHLD3	5	1	STRING	1	yes	no	0				TRIP13	no	112441434	NM_001365341.2	1.019	0.662	0.000	0.56	unconstrained	NA	NA	gnomAD v4.1
SHOC1	5	1	GO	3	yes	no	0		GO:0007059 (chromosome segregation)			no	158401	NM_001378211.1	0.892	0.714	0.000	1.41	moderate	NA	NA	gnomAD v4.1
SIN3A	5	1	GO	1	no	no	0		GO:0000776 (kinetochore)			no	25942	NM_001145358.2	0.140	0.083	1.000	5.17	highly_constrained	NA	NA	gnomAD v4.1
SIRT2	5	1	GO	4	no	no	0		GO:0007059 (chromosome segregation); GO:0051983 (regulation of chromosome segregation)			no	22933	NM_012237.4	1.032	0.800	0.000	1.04	unconstrained	NA	NA	gnomAD v4.1
SIRT7	5	1	GO	2	no	no	0		GO:0007059 (chromosome segregation)			no	51547	NM_016538.3	1.081	0.809	0.000	-0.40	unconstrained	NA	NA	gnomAD v4.1
SMARCA5	5	1	GO	4	yes	no	0		GO:0000819 (sister chromatid segregation); GO:0007059 (chromosome segregation)			no	8467	NM_003601.4	0.222	0.097	1.000	4.05	highly_constrained	NA	NA	gnomAD v4.1
SMARCAD1	5	1	GO	1	yes	no	0		GO:0007059 (chromosome segregation)			no	56916	NM_020159.5	0.257	0.172	1.000	4.22	highly_constrained	NA	NA	gnomAD v4.1
SPATA22	5	1	GO	8	no	no	0		GO:0007059 (chromosome segregation)			no	84690	NM_001170698.2	0.913	0.593	0.002	0.51	moderate	NA	NA	gnomAD v4.1
SPIDR	5	1	GO	1	no	no	0		GO:0007059 (chromosome segregation)			no	23514	NM_001080394.4	0.978	0.803	0.000	0.31	moderate	NA	NA	gnomAD v4.1
SPO11	5	1	STRING	1	yes	no	0				TRIP13	no	23626	NM_012444.3	1.261	0.806	0.000	1.05	unconstrained	NA	NA	gnomAD v4.1
SRPK1	5	1	GO	1	yes	no	0		GO:0007059 (chromosome segregation)			no	6732	NM_003137.5	0.763	0.573	0.000	2.20	moderate	NA	NA	gnomAD v4.1
SSNA1	5	1	Reactome	3	yes	no	0			R-HSA-380259 (Loss of Nlp from mitotic centrosomes); R-HSA-380270 (Recruitment of mitotic centrosome proteins and complexes); R-HSA-68877 (Mitotic Prometaphase)		no	8636	NM_003731.3	1.745	1.138	0.000	-0.97	unconstrained	NA	NA	gnomAD v4.1
STARD9	5	1	GO	2	yes	no	0		GO:0007059 (chromosome segregation)			no	57519	NM_020759.3	0.909	0.828	0.000	0.42	moderate	NA	NA	gnomAD v4.1
STN1	5	1	STRING	1	yes	no	0				SMC5	no	79991	NM_024928.5	0.975	0.671	0.000	1.22	moderate	NA	NA	gnomAD v4.1
SUMO1	5	1	STRING	1	yes	no	0				SMC5	no	7341	NM_003352.8	1.064	0.000	0.638	1.29	unconstrained	NA	NA	gnomAD v4.1
SUMO4	5	1	STRING	1	yes	no	0				SMC5	no	387082	NM_001002255.2	1.640	0.689	0.084	-0.25	unconstrained	NA	NA	gnomAD v4.1
SUN1	5	1	GO	1	no	no	0		GO:0007059 (chromosome segregation)			no	23353	NM_001130965.3	0.712	0.570	0.000	0.05	moderate	NA	NA	gnomAD v4.1
SYCE1	5	1	GO	9	yes	no	0		GO:0007059 (chromosome segregation)			no	93426	NM_001143764.3	0.900	0.687	0.000	0.39	moderate	NA	NA	gnomAD v4.1
SYCE1L	5	1	GO	1	no	no	0		GO:0007059 (chromosome segregation)			no	100130958	NM_001129979.3	1.673	1.327	0.000	-3.10	unconstrained	NA	NA	gnomAD v4.1
SYCE2	5	1	GO	6	yes	no	0		GO:0007059 (chromosome segregation)			no	256126	NM_001105578.2	0.348	0.166	1.000	1.56	highly_constrained	NA	NA	gnomAD v4.1
SYCE3	5	1	GO	4	yes	no	0		GO:0007059 (chromosome segregation)			no	644186	NM_001123225.3	0.802	0.255	0.674	1.06	moderate	NA	NA	gnomAD v4.1
SYCP1	5	1	GO	12	yes	no	0		GO:0007059 (chromosome segregation)			no	6847	NM_003176.4	0.405	0.250	1.000	0.09	constrained	NA	NA	gnomAD v4.1
SYCP2	5	1	GO	2	yes	no	0		GO:0007059 (chromosome segregation)			no	10388	NM_014258.4	0.365	0.252	1.000	0.13	constrained	NA	NA	gnomAD v4.1
SYCP3	5	1	GO	1	yes	no	0		GO:0007059 (chromosome segregation)			no	50511	NM_001177949.2	1.063	0.744	0.000	0.83	unconstrained	NA	NA	gnomAD v4.1
TAOK1	5	1	Reactome	5	yes	no	0			R-HSA-141424 (Amplification of signal from the kinetochores); R-HSA-2467813 (Separation of Sister Chromatids); R-HSA-2500257 (Resolution of Sister Chromatid Cohesion); R-HSA-68877 (Mitotic Prometaphase); R-HSA-69618 (Mitotic Spindle Checkpoint)		no	57551	NM_020791.4	0.216	0.138	1.000	5.93	highly_constrained	NA	NA	gnomAD v4.1
TENT5C	5	1	STRING	1	yes	no	0				CEP192	no	54855	NM_017709.4	0.448	0.213	0.992	2.59	constrained	NA	NA	gnomAD v4.1
TERB1	5	1	GO	10	no	no	0		GO:0007059 (chromosome segregation)			no	283847	NM_001136505.2	1.075	0.817	0.000	1.75	unconstrained	NA	NA	gnomAD v4.1
TERB2	5	1	GO	8	no	no	0		GO:0007059 (chromosome segregation)			no	145645	NM_152448.3	1.089	0.707	0.000	0.22	unconstrained	NA	NA	gnomAD v4.1
TEX11	5	1	GO	3	yes	no	0		GO:0007059 (chromosome segregation)			no	NA	NA	NA	NA	NA	NA	no_constraint_data	0.080	1.000	gnomAD v2.1.1 (X/Y; v4.1 is autosomes only)
TEX12	5	1	GO	2	yes	no	0		GO:0007059 (chromosome segregation)			no	56158	NM_031275.4	1.807	0.776	0.111	0.30	unconstrained	NA	NA	gnomAD v4.1
TEX14	5	1	GO	38	no	no	0		GO:0000776 (kinetochore); GO:0000819 (sister chromatid segregation); GO:0007059 (chromosome segregation); GO:0007094 (mitotic spindle assembly checkpoint signaling); GO:0051983 (regulation of chromosome segregation)			no	56155	NM_031272.5	1.043	0.889	0.000	0.57	unconstrained	NA	NA	gnomAD v4.1
TEX15	5	1	GO	6	no	no	0		GO:0007059 (chromosome segregation)			no	56154	NM_001350162.2	0.789	0.690	0.000	0.27	moderate	NA	NA	gnomAD v4.1
TK1	5	1	STRING	1	yes	no	0				TRIP13	no	7083	NM_003258.5	1.015	0.613	0.005	1.15	unconstrained	NA	NA	gnomAD v4.1
TLK1	5	1	GO	1	no	no	0		GO:0007059 (chromosome segregation)			no	9874	NM_012290.5	0.338	0.225	1.000	4.11	highly_constrained	NA	NA	gnomAD v4.1
TLK2	5	1	GO	2	yes	no	0		GO:0007059 (chromosome segregation)			no	11011	NM_006852.6	0.103	0.045	1.000	6.55	highly_constrained	NA	NA	gnomAD v4.1
TOP1	5	1	GO	1	no	no	0		GO:0007059 (chromosome segregation)			no	7150	NM_003286.4	0.122	0.053	1.000	5.36	highly_constrained	NA	NA	gnomAD v4.1
TOP2B	5	1	GO	2	no	no	0		GO:0000819 (sister chromatid segregation); GO:0007059 (chromosome segregation)			no	7155	NM_001330700.2	0.328	0.244	1.000	3.70	highly_constrained	NA	NA	gnomAD v4.1
TP53BP1	5	1	GO	1	no	no	0		GO:0000776 (kinetochore)			no	7158	NM_001141980.3	0.364	0.291	1.000	2.68	constrained	NA	NA	gnomAD v4.1
TRIM33	5	1	STRING	1	yes	no	0				BUB1B	no	51592	NM_015906.4	0.230	0.139	1.000	2.75	highly_constrained	NA	NA	gnomAD v4.1
TTL	5	1	GO	1	yes	no	0		GO:0007059 (chromosome segregation)			no	150465	NM_153712.5	0.423	0.249	0.999	1.78	constrained	NA	NA	gnomAD v4.1
TTN	5	1	GO	2	yes	no	0		GO:0000819 (sister chromatid segregation); GO:0007059 (chromosome segregation)			no	7273	NM_001267550.2	0.479	0.459	0.000	7.05	constrained	NA	NA	gnomAD v4.1
TUBA1B	5	1	Reactome	3	yes	no	0			R-HSA-2467813 (Separation of Sister Chromatids); R-HSA-2500257 (Resolution of Sister Chromatid Cohesion); R-HSA-68877 (Mitotic Prometaphase)		no	10376	NM_006082.3	0.129	0.027	1.000	8.20	highly_constrained	NA	NA	gnomAD v4.1
TUBA1C	5	1	Reactome	3	yes	no	0			R-HSA-2467813 (Separation of Sister Chromatids); R-HSA-2500257 (Resolution of Sister Chromatid Cohesion); R-HSA-68877 (Mitotic Prometaphase)		no	84790	NM_032704.5	0.688	0.453	0.063	3.99	moderate	NA	NA	gnomAD v4.1
TUBA3C	5	1	Reactome	3	yes	no	0			R-HSA-2467813 (Separation of Sister Chromatids); R-HSA-2500257 (Resolution of Sister Chromatid Cohesion); R-HSA-68877 (Mitotic Prometaphase)		no	7278	NM_006001.3	0.924	0.662	0.000	3.35	moderate	NA	NA	gnomAD v4.1
TUBA3D	5	1	Reactome	3	yes	no	0			R-HSA-2467813 (Separation of Sister Chromatids); R-HSA-2500257 (Resolution of Sister Chromatid Cohesion); R-HSA-68877 (Mitotic Prometaphase)		no	113457	NM_080386.4	0.972	0.691	0.000	3.59	moderate	NA	NA	gnomAD v4.1
TUBA3E	5	1	Reactome	3	yes	no	0			R-HSA-2467813 (Separation of Sister Chromatids); R-HSA-2500257 (Resolution of Sister Chromatid Cohesion); R-HSA-68877 (Mitotic Prometaphase)		no	112714	NM_207312.3	0.880	0.611	0.000	1.67	moderate	NA	NA	gnomAD v4.1
TUBA4A	5	1	Reactome	5	yes	no	0			R-HSA-2467813 (Separation of Sister Chromatids); R-HSA-2500257 (Resolution of Sister Chromatid Cohesion); R-HSA-380259 (Loss of Nlp from mitotic centrosomes); R-HSA-380270 (Recruitment of mitotic centrosome proteins and complexes); R-HSA-68877 (Mitotic Prometaphase)		no	7277	NM_006000.3	0.945	0.667	0.000	5.00	moderate	NA	NA	gnomAD v4.1
TUBA4B	5	1	Reactome	3	yes	no	0			R-HSA-2467813 (Separation of Sister Chromatids); R-HSA-2500257 (Resolution of Sister Chromatid Cohesion); R-HSA-68877 (Mitotic Prometaphase)		no	80086	NM_001355221.1	1.109	0.562	0.057	1.13	unconstrained	NA	NA	gnomAD v4.1
TUBA8	5	1	Reactome	3	yes	no	0			R-HSA-2467813 (Separation of Sister Chromatids); R-HSA-2500257 (Resolution of Sister Chromatid Cohesion); R-HSA-68877 (Mitotic Prometaphase)		no	51807	NM_018943.3	1.117	0.820	0.000	1.28	unconstrained	NA	NA	gnomAD v4.1
TUBAL3	5	1	Reactome	3	yes	no	0			R-HSA-2467813 (Separation of Sister Chromatids); R-HSA-2500257 (Resolution of Sister Chromatid Cohesion); R-HSA-68877 (Mitotic Prometaphase)		no	79861	NM_024803.3	1.460	0.885	0.000	-0.30	unconstrained	NA	NA	gnomAD v4.1
TUBB	5	1	Reactome	3	yes	no	0			R-HSA-380259 (Loss of Nlp from mitotic centrosomes); R-HSA-380270 (Recruitment of mitotic centrosome proteins and complexes); R-HSA-68877 (Mitotic Prometaphase)		no	203068	NM_178014.4	0.178	0.056	1.000	8.35	highly_constrained	NA	NA	gnomAD v4.1
TUBB1	5	1	Reactome	3	yes	no	0			R-HSA-2467813 (Separation of Sister Chromatids); R-HSA-2500257 (Resolution of Sister Chromatid Cohesion); R-HSA-68877 (Mitotic Prometaphase)		no	81027	NM_030773.4	1.586	1.183	0.000	0.88	unconstrained	NA	NA	gnomAD v4.1
TUBB2A	5	1	Reactome	3	yes	no	0			R-HSA-2467813 (Separation of Sister Chromatids); R-HSA-2500257 (Resolution of Sister Chromatid Cohesion); R-HSA-68877 (Mitotic Prometaphase)		no	7280	NM_001069.3	0.449	0.228	0.994	6.03	constrained	NA	NA	gnomAD v4.1
TUBB2B	5	1	Reactome	3	yes	no	0			R-HSA-2467813 (Separation of Sister Chromatids); R-HSA-2500257 (Resolution of Sister Chromatid Cohesion); R-HSA-68877 (Mitotic Prometaphase)		no	347733	NM_178012.5	0.338	0.161	1.000	6.97	highly_constrained	NA	NA	gnomAD v4.1
TUBB3	5	1	Reactome	3	yes	no	0			R-HSA-2467813 (Separation of Sister Chromatids); R-HSA-2500257 (Resolution of Sister Chromatid Cohesion); R-HSA-68877 (Mitotic Prometaphase)		no	10381	NM_006086.4	0.690	0.460	0.042	5.67	moderate	NA	NA	gnomAD v4.1
TUBB4A	5	1	Reactome	5	yes	no	0			R-HSA-2467813 (Separation of Sister Chromatids); R-HSA-2500257 (Resolution of Sister Chromatid Cohesion); R-HSA-380259 (Loss of Nlp from mitotic centrosomes); R-HSA-380270 (Recruitment of mitotic centrosome proteins and complexes); R-HSA-68877 (Mitotic Prometaphase)		no	10382	NM_006087.4	0.604	0.380	0.604	5.13	moderate	NA	NA	gnomAD v4.1
TUBB4B	5	1	Reactome	5	yes	no	0			R-HSA-2467813 (Separation of Sister Chromatids); R-HSA-2500257 (Resolution of Sister Chromatid Cohesion); R-HSA-380259 (Loss of Nlp from mitotic centrosomes); R-HSA-380270 (Recruitment of mitotic centrosome proteins and complexes); R-HSA-68877 (Mitotic Prometaphase)		no	10383	NM_006088.6	0.377	0.201	1.000	6.58	constrained	NA	NA	gnomAD v4.1
TUBB6	5	1	Reactome	3	yes	no	0			R-HSA-2467813 (Separation of Sister Chromatids); R-HSA-2500257 (Resolution of Sister Chromatid Cohesion); R-HSA-68877 (Mitotic Prometaphase)		no	84617	NM_032525.3	0.826	0.536	0.006	2.52	moderate	NA	NA	gnomAD v4.1
TUBB8B	5	1	Reactome	3	yes	no	0			R-HSA-2467813 (Separation of Sister Chromatids); R-HSA-2500257 (Resolution of Sister Chromatid Cohesion); R-HSA-68877 (Mitotic Prometaphase)		no	260334	NM_001358689.2	1.454	0.970	0.000	-0.35	unconstrained	NA	NA	gnomAD v4.1
TUT1	5	1	STRING	1	yes	no	0				CENATAC	no	64852	NM_022830.3	0.796	0.587	0.000	1.02	moderate	NA	NA	gnomAD v4.1
TXNL4B	5	1	STRING	1	yes	no	0				CENATAC	no	54957	NM_017853.3	1.535	0.953	0.000	-0.89	unconstrained	NA	NA	gnomAD v4.1
UBA52	5	1	Reactome	2	yes	no	0			R-HSA-174184 (Cdh1:APC/C mediated degradation of Cdc20 and other targets); R-HSA-2467813 (Separation of Sister Chromatids)		no	7311	NM_001033930.3	0.293	0.062	0.998	2.44	highly_constrained	NA	NA	gnomAD v4.1
UBB	5	1	Reactome	2	yes	no	0			R-HSA-174184 (Cdh1:APC/C mediated degradation of Cdc20 and other targets); R-HSA-2467813 (Separation of Sister Chromatids)		no	7314	NM_018955.4	1.503	0.913	0.000	4.60	unconstrained	NA	NA	gnomAD v4.1
UBC	5	1	Reactome	2	yes	no	0			R-HSA-174184 (Cdh1:APC/C mediated degradation of Cdc20 and other targets); R-HSA-2467813 (Separation of Sister Chromatids)		no	7316	NM_021009.7	0.490	0.271	0.985	4.81	constrained	NA	NA	gnomAD v4.1
UBE2D1	5	1	Reactome	3	yes	no	0			R-HSA-174184 (Cdh1:APC/C mediated degradation of Cdc20 and other targets); R-HSA-2467813 (Separation of Sister Chromatids); R-HSA-69618 (Mitotic Spindle Checkpoint)		no	7321	NM_003338.5	0.737	0.285	0.701	1.77	moderate	NA	NA	gnomAD v4.1
UBE2E1	5	1	Reactome	3	yes	no	0			R-HSA-174184 (Cdh1:APC/C mediated degradation of Cdc20 and other targets); R-HSA-2467813 (Separation of Sister Chromatids); R-HSA-69618 (Mitotic Spindle Checkpoint)		no	7324	NM_003341.5	0.524	0.265	0.962	2.47	constrained	NA	NA	gnomAD v4.1
UBE2I	5	1	STRING	1	yes	no	0				SMC5	no	7329	NM_003345.5	0.280	0.108	1.000	3.62	highly_constrained	NA	NA	gnomAD v4.1
UBE2S	5	1	Reactome	3	yes	no	0			R-HSA-174184 (Cdh1:APC/C mediated degradation of Cdc20 and other targets); R-HSA-2467813 (Separation of Sister Chromatids); R-HSA-69618 (Mitotic Spindle Checkpoint)		no	27338	NM_014501.3	0.752	0.291	0.677	2.17	moderate	NA	NA	gnomAD v4.1
UBR5	5	1	STRING	1	yes	no	0				BUB3	no	51366	NM_015902.6	0.073	0.047	1.000	8.38	highly_constrained	NA	NA	gnomAD v4.1
UHRF1	5	1	GO	2	yes	no	0		GO:0000819 (sister chromatid segregation); GO:0007059 (chromosome segregation)			no	29128	NM_001048201.3	0.171	0.098	1.000	5.18	highly_constrained	NA	NA	gnomAD v4.1
USP7	5	1	STRING	1	yes	no	0				BUB3	no	7874	NM_003470.3	0.085	0.045	1.000	6.87	highly_constrained	NA	NA	gnomAD v4.1
VPS4A	5	1	GO	20	yes	no	0		GO:0000819 (sister chromatid segregation); GO:0007059 (chromosome segregation)			no	27183	NM_013245.3	0.585	0.402	0.397	2.23	constrained	NA	NA	gnomAD v4.1
WASHC5	5	1	GO	1	no	no	0		GO:0007059 (chromosome segregation)			no	9897	NM_014846.4	0.792	0.645	0.000	2.52	moderate	NA	NA	gnomAD v4.1
WRAP73	5	1	GO	4	yes	no	0		GO:0000819 (sister chromatid segregation); GO:0007059 (chromosome segregation)			no	49856	NM_017818.4	1.104	0.877	0.000	0.51	unconstrained	NA	NA	gnomAD v4.1
WRN	5	1	STRING	1	yes	no	0				SMC5	no	7486	NM_000553.6	0.900	0.777	0.000	0.99	moderate	NA	NA	gnomAD v4.1
YWHAE	5	1	Reactome	3	yes	no	0			R-HSA-380259 (Loss of Nlp from mitotic centrosomes); R-HSA-380270 (Recruitment of mitotic centrosome proteins and complexes); R-HSA-68877 (Mitotic Prometaphase)		no	7531	NM_006761.5	0.175	0.037	1.000	4.06	highly_constrained	NA	NA	gnomAD v4.1
YWHAG	5	1	Reactome	3	yes	no	0			R-HSA-380259 (Loss of Nlp from mitotic centrosomes); R-HSA-380270 (Recruitment of mitotic centrosome proteins and complexes); R-HSA-68877 (Mitotic Prometaphase)		no	7532	NM_012479.4	0.204	0.043	1.000	3.82	highly_constrained	NA	NA	gnomAD v4.1
ZCWPW1	5	1	GO	2	no	no	0		GO:0007059 (chromosome segregation)			no	55063	NM_001386010.1	0.814	0.647	0.000	2.04	moderate	NA	NA	gnomAD v4.1
ZNF597	5	1	STRING	1	yes	no	0				SMC5	no	146434	NM_152457.3	1.529	0.689	0.053	-0.46	unconstrained	NA	NA	gnomAD v4.1
